-- phpMyAdmin SQL Dump
-- version 4.5.4.1deb2ubuntu2
-- http://www.phpmyadmin.net
--
-- Host: localhost
-- Generation Time: Apr 30, 2019 at 07:28 PM
-- Server version: 5.7.22-0ubuntu0.16.04.1
-- PHP Version: 7.1.20-1+ubuntu16.04.1+deb.sury.org+1

SET SQL_MODE = "NO_AUTO_VALUE_ON_ZERO";
SET time_zone = "+00:00";


/*!40101 SET @OLD_CHARACTER_SET_CLIENT=@@CHARACTER_SET_CLIENT */;
/*!40101 SET @OLD_CHARACTER_SET_RESULTS=@@CHARACTER_SET_RESULTS */;
/*!40101 SET @OLD_COLLATION_CONNECTION=@@COLLATION_CONNECTION */;
/*!40101 SET NAMES utf8mb4 */;

--
-- Database: `lovepush`
--

-- --------------------------------------------------------

--
-- Table structure for table `questions`
--

CREATE TABLE `questions` (
  `id` int(11) NOT NULL,
  `status` tinyint(1) NOT NULL DEFAULT '1' COMMENT '1=active,0=inactive',
  `max_scores` int(11) DEFAULT NULL,
  `max_answers` int(11) DEFAULT NULL,
  `score_multiple` float NOT NULL DEFAULT '1',
  `created_at` datetime NOT NULL DEFAULT CURRENT_TIMESTAMP,
  `updated_at` datetime NOT NULL DEFAULT CURRENT_TIMESTAMP ON UPDATE CURRENT_TIMESTAMP
) ENGINE=InnoDB DEFAULT CHARSET=latin1;

--
-- Dumping data for table `questions`
--

INSERT INTO `questions` (`id`, `status`, `max_scores`, `max_answers`, `score_multiple`, `created_at`, `updated_at`) VALUES
(1, 1, NULL, NULL, 1, '2019-04-30 15:31:17', '2019-04-30 15:31:17'),
(2, 1, NULL, NULL, 1, '2019-04-30 15:31:17', '2019-04-30 15:31:17'),
(3, 1, 20, 1, 1, '2019-04-30 15:31:17', '2019-04-30 16:17:13'),
(4, 1, 20, 1, 1, '2019-04-30 15:31:17', '2019-04-30 16:17:43'),
(5, 1, 80, 2, 2, '2019-04-30 15:31:17', '2019-04-30 16:19:26'),
(6, 1, 40, 2, 1, '2019-04-30 15:31:17', '2019-04-30 16:19:43'),
(7, 1, 40, 3, 1, '2019-04-30 15:31:17', '2019-04-30 16:19:59'),
(8, 1, 30, 2, 1, '2019-04-30 15:31:17', '2019-04-30 16:20:10'),
(9, 1, NULL, 1, 0.15, '2019-04-30 15:31:17', '2019-04-30 16:22:01'),
(10, 1, 20, 1, 1, '2019-04-30 15:31:17', '2019-04-30 16:22:29'),
(11, 1, 20, 1, 1, '2019-04-30 15:31:17', '2019-04-30 16:22:42'),
(12, 1, 20, 1, 1, '2019-04-30 15:31:17', '2019-04-30 16:23:23'),
(13, 1, 60, 3, 1, '2019-04-30 15:31:17', '2019-04-30 16:23:38'),
(14, 1, 20, 1, 1, '2019-04-30 15:31:17', '2019-04-30 16:24:52'),
(15, 1, 60, 3, 1, '2019-04-30 15:31:17', '2019-04-30 16:25:36'),
(16, 1, 20, 1, 1, '2019-04-30 15:31:17', '2019-04-30 16:25:46'),
(17, 1, 20, 1, 1, '2019-04-30 15:31:17', '2019-04-30 16:25:54'),
(18, 1, 20, 1, 1, '2019-04-30 15:31:17', '2019-04-30 16:26:13'),
(19, 0, NULL, NULL, 1, '2019-04-30 15:31:17', '2019-04-30 15:59:31');

-- --------------------------------------------------------

--
-- Table structure for table `question_descs`
--

CREATE TABLE `question_descs` (
  `question_id` int(11) NOT NULL,
  `language_id` tinyint(4) NOT NULL DEFAULT '1' COMMENT '1=English,2=German',
  `question` varchar(255) CHARACTER SET utf8 DEFAULT NULL,
  `status` tinyint(1) NOT NULL DEFAULT '1' COMMENT '1=active,0=inactive',
  `created_at` datetime NOT NULL DEFAULT CURRENT_TIMESTAMP,
  `updated_at` datetime NOT NULL DEFAULT CURRENT_TIMESTAMP ON UPDATE CURRENT_TIMESTAMP
) ENGINE=InnoDB DEFAULT CHARSET=latin1;

--
-- Dumping data for table `question_descs`
--

INSERT INTO `question_descs` (`question_id`, `language_id`, `question`, `status`, `created_at`, `updated_at`) VALUES
(1, 1, 'Who are you searching for on Love push?', 1, '2019-04-30 15:30:10', '2019-04-30 15:30:17'),
(1, 2, 'Wen suchen Sie bei Love Push?', 1, '2019-04-30 15:30:10', '2019-04-30 15:30:19'),
(2, 1, 'What are you searching for?', 1, '2019-04-30 15:33:28', '2019-04-30 15:33:53'),
(2, 2, 'Was suchst du?', 1, '2019-04-30 15:33:28', '2019-04-30 15:34:04'),
(3, 1, 'Where is your favourite place to stay ?', 1, '2019-04-30 15:33:28', '2019-04-30 15:34:54'),
(3, 2, 'Wo ist dein Lieblingsplatz?', 1, '2019-04-30 15:33:28', '2019-04-30 15:35:01'),
(4, 1, 'Your fashion style?', 1, '2019-04-30 15:33:28', '2019-04-30 15:35:36'),
(4, 2, 'Dein Modestil?', 1, '2019-04-30 15:33:28', '2019-04-30 15:35:45'),
(5, 1, 'Why do you want to meet new people?', 1, '2019-04-30 15:33:28', '2019-04-30 15:35:36'),
(5, 2, 'Warum möchtest du neue Leute kennenlernen?', 1, '2019-04-30 15:33:28', '2019-04-30 15:35:45'),
(6, 1, 'how would you describe yourself?', 1, '2019-04-30 15:33:28', '2019-04-30 15:35:36'),
(6, 2, 'Wie würdest du dich selbst beschreiben?', 1, '2019-04-30 15:33:28', '2019-04-30 15:35:45'),
(7, 1, 'How do you spend your weekends?', 1, '2019-04-30 15:33:28', '2019-04-30 15:35:36'),
(7, 2, 'Wie verbringst du deine Wochenenden?', 1, '2019-04-30 15:33:28', '2019-04-30 15:35:45'),
(8, 1, 'cook,order or go out to eat?', 1, '2019-04-30 15:33:28', '2019-04-30 15:35:36'),
(8, 2, 'kochen, bestellen oder essen gehen?', 1, '2019-04-30 15:33:28', '2019-04-30 15:35:45'),
(9, 1, 'Wich meals do you prefer?', 1, '2019-04-30 15:33:28', '2019-04-30 15:35:36'),
(9, 2, 'Welche Mahlzeiten bevorzugen Sie?', 1, '2019-04-30 15:33:28', '2019-04-30 15:35:45'),
(10, 1, 'If you can sleep threw, when are you getting up?', 1, '2019-04-30 15:33:28', '2019-04-30 15:35:36'),
(10, 2, 'Wenn du schlafen kannst, wann stehst du auf?', 1, '2019-04-30 15:33:28', '2019-04-30 15:35:45'),
(11, 1, 'Which animal do you prefer?', 1, '2019-04-30 15:33:28', '2019-04-30 15:35:36'),
(11, 2, 'Welches Tier bevorzugst du?', 1, '2019-04-30 15:33:28', '2019-04-30 15:35:45'),
(12, 1, 'level of education', 1, '2019-04-30 15:33:28', '2019-04-30 15:35:36'),
(12, 2, 'Bildungsgrad', 1, '2019-04-30 15:33:28', '2019-04-30 15:35:45'),
(13, 1, 'What do you do with your free time?', 1, '2019-04-30 15:33:28', '2019-04-30 15:35:36'),
(13, 2, 'Was machst du mit deiner Freizeit?', 1, '2019-04-30 15:33:28', '2019-04-30 15:35:45'),
(14, 1, 'If you would win a vacation from love push, where would you go to?', 1, '2019-04-30 15:33:28', '2019-04-30 15:56:27'),
(14, 2, 'Wenn Sie einen Urlaub von Love Push gewinnen würden, wohin würden Sie gehen?', 1, '2019-04-30 15:33:28', '2019-04-30 15:56:29'),
(15, 1, 'What is most important refering to your dream partner?', 1, '2019-04-30 15:33:28', '2019-04-30 15:55:52'),
(15, 2, 'Was ist am wichtigsten für Ihren Traumpartner?', 1, '2019-04-30 15:33:28', '2019-04-30 15:56:15'),
(16, 1, 'How important is sex for you in a relationship?', 1, '2019-04-30 15:33:28', '2019-04-30 15:55:39'),
(16, 2, 'Wie wichtig ist Sex in einer Beziehung für dich?', 1, '2019-04-30 15:33:28', '2019-04-30 15:55:37'),
(17, 1, 'Do you want to have kids with your future partner?', 1, '2019-04-30 15:33:28', '2019-04-30 15:55:39'),
(17, 2, 'Möchten Sie Kinder mit Ihrem zukünftigen Partner haben?', 1, '2019-04-30 15:33:28', '2019-04-30 15:55:37'),
(18, 1, 'Do you want to merry later on?', 1, '2019-04-30 15:33:28', '2019-04-30 15:55:39'),
(18, 2, 'Möchten Sie später fröhlich sein?', 1, '2019-04-30 15:33:28', '2019-04-30 15:55:37');

-- --------------------------------------------------------

--
-- Table structure for table `ques_options`
--

CREATE TABLE `ques_options` (
  `id` int(11) NOT NULL,
  `question_id` int(11) DEFAULT NULL,
  `status` tinyint(1) NOT NULL DEFAULT '1' COMMENT '1=active,0=inactive',
  `created_at` datetime NOT NULL DEFAULT CURRENT_TIMESTAMP,
  `updated_at` datetime NOT NULL DEFAULT CURRENT_TIMESTAMP ON UPDATE CURRENT_TIMESTAMP
) ENGINE=InnoDB DEFAULT CHARSET=latin1;

--
-- Dumping data for table `ques_options`
--

INSERT INTO `ques_options` (`id`, `question_id`, `status`, `created_at`, `updated_at`) VALUES
(1, 1, 1, '2019-04-30 17:02:46', '2019-04-30 17:02:46'),
(2, 1, 1, '2019-04-30 17:02:46', '2019-04-30 17:04:16'),
(3, 1, 1, '2019-04-30 17:02:51', '2019-04-30 17:04:18'),
(4, 2, 1, '2019-04-30 17:02:51', '2019-04-30 17:04:51'),
(5, 2, 1, '2019-04-30 17:02:51', '2019-04-30 17:04:51'),
(6, 2, 1, '2019-04-30 17:02:51', '2019-04-30 17:04:51'),
(7, 2, 1, '2019-04-30 17:02:51', '2019-04-30 17:04:51'),
(8, 2, 1, '2019-04-30 17:02:51', '2019-04-30 17:04:51'),
(9, 3, 1, '2019-04-30 17:02:51', '2019-04-30 17:04:51'),
(10, 3, 1, '2019-04-30 17:02:51', '2019-04-30 17:04:51'),
(11, 3, 1, '2019-04-30 17:02:51', '2019-04-30 17:04:51'),
(12, 3, 1, '2019-04-30 17:02:51', '2019-04-30 17:04:51'),
(13, 4, 1, '2019-04-30 17:02:51', '2019-04-30 17:04:51'),
(14, 4, 1, '2019-04-30 17:02:51', '2019-04-30 17:04:51'),
(15, 4, 1, '2019-04-30 17:02:51', '2019-04-30 17:04:51'),
(16, 4, 1, '2019-04-30 17:02:51', '2019-04-30 17:04:51'),
(17, 5, 1, '2019-04-30 17:02:51', '2019-04-30 17:04:51'),
(18, 5, 1, '2019-04-30 17:02:51', '2019-04-30 17:04:51'),
(19, 5, 1, '2019-04-30 17:02:51', '2019-04-30 17:04:51'),
(20, 5, 1, '2019-04-30 17:02:51', '2019-04-30 17:04:51'),
(21, 5, 1, '2019-04-30 17:02:51', '2019-04-30 17:04:51'),
(22, 6, 1, '2019-04-30 17:02:51', '2019-04-30 17:04:51'),
(23, 6, 1, '2019-04-30 17:02:51', '2019-04-30 17:04:51'),
(24, 6, 1, '2019-04-30 17:02:51', '2019-04-30 17:04:51'),
(25, 6, 1, '2019-04-30 17:02:51', '2019-04-30 17:04:51'),
(26, 6, 1, '2019-04-30 17:02:51', '2019-04-30 17:04:51'),
(27, 6, 1, '2019-04-30 17:02:51', '2019-04-30 17:04:51'),
(28, 6, 1, '2019-04-30 17:02:51', '2019-04-30 17:04:51'),
(29, 6, 1, '2019-04-30 17:02:51', '2019-04-30 17:04:51'),
(30, 7, 1, '2019-04-30 17:02:51', '2019-04-30 17:04:51'),
(31, 7, 1, '2019-04-30 17:02:51', '2019-04-30 17:04:51'),
(32, 7, 1, '2019-04-30 17:02:51', '2019-04-30 17:04:51'),
(33, 7, 1, '2019-04-30 17:02:51', '2019-04-30 17:04:51'),
(34, 7, 1, '2019-04-30 17:02:51', '2019-04-30 17:04:51'),
(35, 7, 1, '2019-04-30 17:02:51', '2019-04-30 17:04:51'),
(36, 7, 1, '2019-04-30 17:02:51', '2019-04-30 17:04:51'),
(37, 7, 1, '2019-04-30 17:02:51', '2019-04-30 17:04:51'),
(38, 8, 1, '2019-04-30 17:02:51', '2019-04-30 17:04:51'),
(39, 8, 1, '2019-04-30 17:02:51', '2019-04-30 17:04:51'),
(40, 8, 1, '2019-04-30 17:02:51', '2019-04-30 17:04:51'),
(41, 8, 1, '2019-04-30 17:02:51', '2019-04-30 17:04:51'),
(42, 8, 1, '2019-04-30 17:02:51', '2019-04-30 17:04:51'),
(43, 8, 1, '2019-04-30 17:02:51', '2019-04-30 17:04:51'),
(44, 9, 1, '2019-04-30 17:02:51', '2019-04-30 17:04:51'),
(45, 9, 1, '2019-04-30 17:02:51', '2019-04-30 17:04:51'),
(46, 9, 1, '2019-04-30 17:02:51', '2019-04-30 17:04:51'),
(47, 9, 1, '2019-04-30 17:02:51', '2019-04-30 17:04:51'),
(48, 9, 1, '2019-04-30 17:02:51', '2019-04-30 17:04:51'),
(49, 9, 1, '2019-04-30 17:02:51', '2019-04-30 17:04:51'),
(50, 9, 1, '2019-04-30 17:02:51', '2019-04-30 17:04:51'),
(51, 9, 1, '2019-04-30 17:02:51', '2019-04-30 17:04:51'),
(52, 10, 1, '2019-04-30 17:02:51', '2019-04-30 17:04:51'),
(53, 10, 1, '2019-04-30 17:02:51', '2019-04-30 17:04:51'),
(54, 10, 1, '2019-04-30 17:02:51', '2019-04-30 17:04:51'),
(55, 11, 1, '2019-04-30 17:02:51', '2019-04-30 17:04:51'),
(56, 11, 1, '2019-04-30 17:02:51', '2019-04-30 17:04:51'),
(57, 11, 1, '2019-04-30 17:02:51', '2019-04-30 17:04:51'),
(58, 12, 1, '2019-04-30 17:02:51', '2019-04-30 17:04:51'),
(59, 12, 1, '2019-04-30 17:02:51', '2019-04-30 17:04:51'),
(60, 12, 1, '2019-04-30 17:02:51', '2019-04-30 17:04:51'),
(61, 12, 1, '2019-04-30 17:02:51', '2019-04-30 17:04:51'),
(62, 12, 1, '2019-04-30 17:02:51', '2019-04-30 17:04:51'),
(63, 12, 1, '2019-04-30 17:02:51', '2019-04-30 17:04:51'),
(64, 12, 1, '2019-04-30 17:02:51', '2019-04-30 17:04:51'),
(65, 13, 1, '2019-04-30 17:02:51', '2019-04-30 17:04:51'),
(66, 13, 1, '2019-04-30 17:02:51', '2019-04-30 17:04:51'),
(67, 13, 1, '2019-04-30 17:02:51', '2019-04-30 17:04:51'),
(68, 13, 1, '2019-04-30 17:02:51', '2019-04-30 17:04:51'),
(69, 13, 1, '2019-04-30 17:02:51', '2019-04-30 17:04:51'),
(70, 13, 1, '2019-04-30 17:02:51', '2019-04-30 17:04:51'),
(71, 13, 1, '2019-04-30 17:02:51', '2019-04-30 17:04:51'),
(72, 13, 1, '2019-04-30 17:02:51', '2019-04-30 17:04:51'),
(73, 13, 1, '2019-04-30 17:02:51', '2019-04-30 17:04:51'),
(74, 14, 1, '2019-04-30 17:02:51', '2019-04-30 17:04:51'),
(75, 14, 1, '2019-04-30 17:02:51', '2019-04-30 17:04:51'),
(76, 14, 1, '2019-04-30 17:02:51', '2019-04-30 17:04:51'),
(77, 14, 1, '2019-04-30 17:02:51', '2019-04-30 17:04:51'),
(78, 14, 1, '2019-04-30 17:02:51', '2019-04-30 17:04:51'),
(79, 15, 1, '2019-04-30 17:02:51', '2019-04-30 17:04:51'),
(80, 15, 1, '2019-04-30 17:02:51', '2019-04-30 17:04:51'),
(81, 15, 1, '2019-04-30 17:02:51', '2019-04-30 17:04:51'),
(82, 15, 1, '2019-04-30 17:02:51', '2019-04-30 17:04:51'),
(83, 15, 1, '2019-04-30 17:02:51', '2019-04-30 17:04:51'),
(84, 15, 1, '2019-04-30 17:02:51', '2019-04-30 17:04:51'),
(85, 15, 1, '2019-04-30 17:02:51', '2019-04-30 17:04:51'),
(86, 16, 1, '2019-04-30 17:02:51', '2019-04-30 17:04:51'),
(87, 16, 1, '2019-04-30 17:02:51', '2019-04-30 17:04:51'),
(88, 16, 1, '2019-04-30 17:02:51', '2019-04-30 17:04:51'),
(89, 16, 1, '2019-04-30 17:02:51', '2019-04-30 17:04:51'),
(90, 17, 1, '2019-04-30 17:02:51', '2019-04-30 17:04:51'),
(91, 17, 1, '2019-04-30 17:02:51', '2019-04-30 17:04:51'),
(92, 17, 1, '2019-04-30 17:02:51', '2019-04-30 17:04:51'),
(93, 18, 1, '2019-04-30 17:02:51', '2019-04-30 17:04:51'),
(94, 18, 1, '2019-04-30 17:02:51', '2019-04-30 17:04:51'),
(95, 18, 1, '2019-04-30 17:02:51', '2019-04-30 17:04:51');

-- --------------------------------------------------------

--
-- Table structure for table `ques_option_descs`
--

CREATE TABLE `ques_option_descs` (
  `ques_option_id` int(11) NOT NULL,
  `language_id` tinyint(4) NOT NULL DEFAULT '1' COMMENT '1=English, 2=German',
  `option` text CHARACTER SET utf8,
  `status` tinyint(1) NOT NULL DEFAULT '1' COMMENT '1=active,0=inactive',
  `created_at` datetime NOT NULL,
  `updated_at` datetime NOT NULL DEFAULT CURRENT_TIMESTAMP ON UPDATE CURRENT_TIMESTAMP
) ENGINE=InnoDB DEFAULT CHARSET=latin1;

--
-- Dumping data for table `ques_option_descs`
--

INSERT INTO `ques_option_descs` (`ques_option_id`, `language_id`, `option`, `status`, `created_at`, `updated_at`) VALUES
(1, 1, 'Man', 1, '0000-00-00 00:00:00', '2019-04-30 17:07:47'),
(1, 2, 'Mann', 1, '0000-00-00 00:00:00', '2019-04-30 17:07:47'),
(2, 1, 'Women', 1, '0000-00-00 00:00:00', '2019-04-30 17:07:47'),
(2, 2, 'Frau', 1, '0000-00-00 00:00:00', '2019-04-30 17:07:47'),
(3, 1, 'Transgender', 1, '0000-00-00 00:00:00', '2019-04-30 17:07:47'),
(3, 2, 'Transgender', 1, '0000-00-00 00:00:00', '2019-04-30 17:07:47'),
(4, 1, 'The great love', 1, '0000-00-00 00:00:00', '2019-04-30 17:07:47'),
(4, 2, 'Die große Liebe', 1, '0000-00-00 00:00:00', '2019-04-30 17:07:47'),
(5, 1, 'Nice acquaintances', 1, '0000-00-00 00:00:00', '2019-04-30 17:07:47'),
(5, 2, 'Nette Bekannte', 1, '0000-00-00 00:00:00', '2019-04-30 17:07:47'),
(6, 1, 'Friendships', 1, '0000-00-00 00:00:00', '2019-04-30 17:07:47'),
(6, 2, 'Freundschaften', 1, '0000-00-00 00:00:00', '2019-04-30 17:07:47'),
(7, 1, 'Travel buddy', 1, '0000-00-00 00:00:00', '2019-04-30 17:07:47'),
(7, 2, 'Reise-Kumpel', 1, '0000-00-00 00:00:00', '2019-04-30 17:07:47'),
(8, 1, 'Open for everything', 1, '0000-00-00 00:00:00', '2019-04-30 17:07:47'),
(8, 2, 'Offen für alles', 1, '0000-00-00 00:00:00', '2019-04-30 17:07:47'),
(9, 1, 'Outside, I love to move my self and be in nature', 1, '0000-00-00 00:00:00', '2019-04-30 17:07:47'),
(9, 2, 'Draußen bewege ich mich gerne und bin in der Natur', 1, '0000-00-00 00:00:00', '2019-04-30 17:07:47'),
(10, 1, 'My home is my temple', 1, '0000-00-00 00:00:00', '2019-04-30 17:07:47'),
(10, 2, 'Mein Zuhause ist mein Tempel', 1, '0000-00-00 00:00:00', '2019-04-30 17:07:47'),
(11, 1, 'places where i get to meet new interesting people', 1, '0000-00-00 00:00:00', '2019-04-30 17:07:47'),
(11, 2, 'Orte, an denen ich neue interessante Leute kennenlernen kann', 1, '0000-00-00 00:00:00', '2019-04-30 17:07:47'),
(12, 1, 'A place where I can think and find new ideas', 1, '0000-00-00 00:00:00', '2019-04-30 17:07:47'),
(12, 2, 'Ein Ort, an dem ich nachdenken und neue Ideen finden kann', 1, '0000-00-00 00:00:00', '2019-04-30 17:07:47'),
(13, 1, 'jeans and sneaker , i wear clothes to go somewhere and not to impress', 1, '0000-00-00 00:00:00', '2019-04-30 17:33:46'),
(13, 2, 'Jeans und Sneaker, ich trage Kleidung, um irgendwohin zu gehen und nicht zu beeindrucken', 1, '0000-00-00 00:00:00', '2019-04-30 17:33:59'),
(14, 1, 'Everything got to be perfekt! My outfit has to match from my shirt down to the socks', 1, '0000-00-00 00:00:00', '2019-04-30 17:34:29'),
(14, 2, 'Alles muss perfekt sein! Mein Outfit muss von meinem Hemd bis zu den Socken passen', 1, '0000-00-00 00:00:00', '2019-04-30 17:34:37'),
(15, 1, 'i dont care as long as it is comfortable', 1, '0000-00-00 00:00:00', '2019-04-30 17:34:51'),
(15, 2, 'Ich interessiere mich nicht, solange es bequem ist', 1, '0000-00-00 00:00:00', '2019-04-30 17:34:59'),
(16, 1, 'crazy!! I create my own style', 1, '0000-00-00 00:00:00', '2019-04-30 17:35:23'),
(16, 2, 'verrückt!! Ich erschaffe meinen eigenen Stil', 1, '0000-00-00 00:00:00', '2019-04-30 17:35:12'),
(17, 1, 'Love and security', 1, '0000-00-00 00:00:00', '2019-04-30 17:40:17'),
(17, 2, 'Liebe und Sicherheit', 1, '0000-00-00 00:00:00', '2019-04-30 17:40:25'),
(18, 1, 'Money and status', 1, '0000-00-00 00:00:00', '2019-04-30 17:40:39'),
(18, 2, 'Geld und Status', 1, '0000-00-00 00:00:00', '2019-04-30 17:40:46'),
(19, 1, 'Regularly free time activities / hobbys', 1, '0000-00-00 00:00:00', '2019-04-30 17:41:03'),
(19, 2, 'Regelmäßig Freizeitaktivitäten / Hobbies', 1, '0000-00-00 00:00:00', '2019-04-30 17:41:21'),
(20, 1, 'satisfaction of physical needs', 1, '0000-00-00 00:00:00', '2019-04-30 17:41:27'),
(20, 2, 'Befriedigung der körperlichen Bedürfnisse', 1, '0000-00-00 00:00:00', '2019-04-30 17:41:37'),
(21, 1, 'becoming old together', 1, '0000-00-00 00:00:00', '2019-04-30 17:41:58'),
(21, 2, 'gemeinsam alt werden', 1, '0000-00-00 00:00:00', '2019-04-30 17:42:23'),
(22, 1, 'shy', 1, '0000-00-00 00:00:00', '2019-04-30 17:48:31'),
(22, 2, 'schüchtern', 1, '0000-00-00 00:00:00', '2019-04-30 17:48:59'),
(23, 1, 'depending on my mood', 1, '0000-00-00 00:00:00', '2019-04-30 17:48:39'),
(23, 2, 'je nach Laune', 1, '0000-00-00 00:00:00', '2019-04-30 17:48:47'),
(24, 1, 'open minded', 1, '0000-00-00 00:00:00', '2019-04-30 17:49:17'),
(24, 2, 'offen', 1, '0000-00-00 00:00:00', '2019-04-30 17:49:24'),
(25, 1, 'humorous', 1, '0000-00-00 00:00:00', '2019-04-30 17:49:39'),
(25, 2, 'humorvoll', 1, '0000-00-00 00:00:00', '2019-04-30 17:49:45'),
(26, 1, 'sensitive', 1, '0000-00-00 00:00:00', '2019-04-30 17:49:57'),
(26, 2, 'empfindlich', 1, '0000-00-00 00:00:00', '2019-04-30 17:50:06'),
(27, 1, 'emotional', 1, '0000-00-00 00:00:00', '2019-04-30 17:50:13'),
(27, 2, 'emotional', 1, '0000-00-00 00:00:00', '2019-04-30 17:50:26'),
(28, 1, 'optimistic', 1, '0000-00-00 00:00:00', '2019-04-30 17:50:36'),
(28, 2, 'optimistisch', 1, '0000-00-00 00:00:00', '2019-04-30 17:50:43'),
(29, 1, 'pesimistic', 1, '0000-00-00 00:00:00', '2019-04-30 17:50:59'),
(29, 2, 'pessimistisch', 1, '0000-00-00 00:00:00', '2019-04-30 17:51:07'),
(30, 1, 'Netflix & TV', 1, '0000-00-00 00:00:00', '2019-04-30 17:56:30'),
(30, 2, 'Netflix & TV', 1, '0000-00-00 00:00:00', '2019-04-30 17:56:39'),
(31, 1, 'Bar hopping with friends', 1, '0000-00-00 00:00:00', '2019-04-30 17:56:47'),
(31, 2, 'Barhopping mit Freunden', 1, '0000-00-00 00:00:00', '2019-04-30 17:56:55'),
(32, 1, 'Club or other Party locations', 1, '0000-00-00 00:00:00', '2019-04-30 17:57:05'),
(32, 2, 'Club- oder andere Partyorte', 1, '0000-00-00 00:00:00', '2019-04-30 17:57:13'),
(33, 1, 'short trip', 1, '0000-00-00 00:00:00', '2019-04-30 17:57:23'),
(33, 2, 'Kurzausflug', 1, '0000-00-00 00:00:00', '2019-04-30 17:57:31'),
(34, 1, 'wellness', 1, '0000-00-00 00:00:00', '2019-04-30 17:57:40'),
(34, 2, 'Wellness', 1, '0000-00-00 00:00:00', '2019-04-30 17:57:48'),
(35, 1, 'go out for dinner', 1, '0000-00-00 00:00:00', '2019-04-30 17:57:57'),
(35, 2, 'Essen gehen', 1, '0000-00-00 00:00:00', '2019-04-30 17:58:06'),
(36, 1, 'sportive activities', 1, '0000-00-00 00:00:00', '2019-04-30 17:58:17'),
(36, 2, 'sportliche Aktivitäten', 1, '0000-00-00 00:00:00', '2019-04-30 17:58:25'),
(37, 1, 'with my family', 1, '0000-00-00 00:00:00', '2019-04-30 17:58:33'),
(37, 2, 'mit meiner Familie', 1, '0000-00-00 00:00:00', '2019-04-30 17:58:41'),
(38, 1, 'I like to cook at home', 1, '0000-00-00 00:00:00', '2019-04-30 18:19:53'),
(38, 2, 'Ich koche gerne zu Hause', 1, '0000-00-00 00:00:00', '2019-04-30 18:20:11'),
(39, 1, 'i like to get cooks', 1, '0000-00-00 00:00:00', '2019-04-30 18:20:18'),
(39, 2, 'Ich mag es, Köche zu bekommen', 1, '0000-00-00 00:00:00', '2019-04-30 18:20:25'),
(40, 1, 'ready meals at home', 1, '0000-00-00 00:00:00', '2019-04-30 18:20:46'),
(40, 2, 'Fertiggerichte zu Hause', 1, '0000-00-00 00:00:00', '2019-04-30 18:20:54'),
(41, 1, 'delivery service', 1, '0000-00-00 00:00:00', '2019-04-30 18:21:03'),
(41, 2, 'Lieferservice', 1, '0000-00-00 00:00:00', '2019-04-30 18:21:13'),
(42, 1, 'Fast food', 1, '0000-00-00 00:00:00', '2019-04-30 18:21:22'),
(42, 2, 'Fast Food', 1, '0000-00-00 00:00:00', '2019-04-30 18:21:31'),
(43, 1, 'restaurans', 1, '0000-00-00 00:00:00', '2019-04-30 18:21:57'),
(43, 2, 'Restaurants', 1, '0000-00-00 00:00:00', '2019-04-30 18:22:03'),
(44, 1, 'German', 1, '0000-00-00 00:00:00', '2019-04-30 18:36:13'),
(44, 2, 'German', 1, '0000-00-00 00:00:00', '2019-04-30 18:36:15'),
(45, 1, 'Italian', 1, '0000-00-00 00:00:00', '2019-04-30 18:36:06'),
(45, 2, 'Italian', 1, '0000-00-00 00:00:00', '2019-04-30 18:36:04'),
(46, 1, 'Asian', 1, '0000-00-00 00:00:00', '2019-04-30 18:35:57'),
(46, 2, 'Asian', 1, '0000-00-00 00:00:00', '2019-04-30 18:35:54'),
(47, 1, 'African', 1, '0000-00-00 00:00:00', '2019-04-30 18:35:48'),
(47, 2, 'African', 1, '0000-00-00 00:00:00', '2019-04-30 18:35:46'),
(48, 1, 'american', 1, '0000-00-00 00:00:00', '2019-04-30 18:35:41'),
(48, 2, 'american', 1, '0000-00-00 00:00:00', '2019-04-30 18:35:39'),
(49, 1, 'greek', 1, '0000-00-00 00:00:00', '2019-04-30 18:35:31'),
(49, 2, 'greek', 1, '0000-00-00 00:00:00', '2019-04-30 18:35:28'),
(50, 1, 'oriental', 1, '0000-00-00 00:00:00', '2019-04-30 18:35:19'),
(50, 2, 'oriental', 1, '0000-00-00 00:00:00', '2019-04-30 18:35:23'),
(51, 1, 'international', 1, '0000-00-00 00:00:00', '2019-04-30 18:34:56'),
(51, 2, 'International', 1, '0000-00-00 00:00:00', '2019-04-30 18:35:09'),
(52, 1, 'the alarm clock rings at 6 oclock so I can get the most out of the day', 1, '0000-00-00 00:00:00', '2019-04-30 18:39:19'),
(52, 2, 'Der Wecker klingelt um 6 Uhr, damit ich den Tag optimal nutzen kann', 1, '0000-00-00 00:00:00', '2019-04-30 18:39:28'),
(53, 1, 'i get up when I wake up', 1, '0000-00-00 00:00:00', '2019-04-30 18:39:35'),
(53, 2, 'Ich stehe auf, wenn ich aufwache', 1, '0000-00-00 00:00:00', '2019-04-30 18:39:47'),
(54, 1, 'No way to get me out of bed before 12 o clock', 1, '0000-00-00 00:00:00', '2019-04-30 18:39:56'),
(54, 2, 'Keine Möglichkeit, mich vor 12 Uhr aus dem Bett zu bekommen', 1, '0000-00-00 00:00:00', '2019-04-30 18:40:05'),
(55, 1, 'dog', 1, '0000-00-00 00:00:00', '2019-04-30 18:42:32'),
(55, 2, 'Hund', 1, '0000-00-00 00:00:00', '2019-04-30 18:42:41'),
(56, 1, 'cat', 1, '0000-00-00 00:00:00', '2019-04-30 18:42:47'),
(56, 2, 'Katze', 1, '0000-00-00 00:00:00', '2019-04-30 18:42:55'),
(57, 1, 'I don\'t like animals at all', 1, '0000-00-00 00:00:00', '2019-04-30 18:43:25'),
(57, 2, 'Ich mag keine Tiere', 1, '0000-00-00 00:00:00', '2019-04-30 18:43:15'),
(65, 1, 'Sports', 1, '0000-00-00 00:00:00', '2019-04-30 18:56:46'),
(65, 2, 'Sports', 1, '0000-00-00 00:00:00', '2019-04-30 18:56:44'),
(66, 1, 'relaxing on the couch watching TV or something else', 1, '0000-00-00 00:00:00', '2019-04-30 18:56:36'),
(66, 2, 'relaxing on the couch watching TV or something else', 1, '0000-00-00 00:00:00', '2019-04-30 18:56:32'),
(67, 1, 'Meeting up with friends', 1, '0000-00-00 00:00:00', '2019-04-30 18:56:23'),
(67, 2, 'Meeting up with friends', 1, '0000-00-00 00:00:00', '2019-04-30 18:56:20'),
(68, 1, 'shopping', 1, '0000-00-00 00:00:00', '2019-04-30 18:56:11'),
(68, 2, 'shopping', 1, '0000-00-00 00:00:00', '2019-04-30 18:56:09'),
(69, 1, 'reading books', 1, '0000-00-00 00:00:00', '2019-04-30 18:56:01'),
(69, 2, 'reading books', 1, '0000-00-00 00:00:00', '2019-04-30 18:55:56'),
(70, 1, 'creative things (art&music)', 1, '0000-00-00 00:00:00', '2019-04-30 18:55:47'),
(70, 2, 'creative things (art&music)', 1, '0000-00-00 00:00:00', '2019-04-30 18:55:38'),
(71, 1, 'spiritual things (meditation,taichi..)', 1, '0000-00-00 00:00:00', '2019-04-30 18:55:14'),
(71, 2, 'spiritual things (meditation,taichi..)', 1, '0000-00-00 00:00:00', '2019-04-30 18:55:13'),
(72, 1, 'PC & Video games', 1, '0000-00-00 00:00:00', '2019-04-30 18:55:03'),
(72, 2, 'PC & Video games', 1, '0000-00-00 00:00:00', '2019-04-30 18:55:05'),
(73, 1, 'buildung up property (network marketing, freelance work..)', 1, '0000-00-00 00:00:00', '2019-04-30 18:54:46'),
(73, 2, 'Immobilien aufbauen (Network Marketing, freiberufliche Tätigkeit ..)', 1, '0000-00-00 00:00:00', '2019-04-30 18:54:53'),
(74, 1, 'just at the ocean', 1, '0000-00-00 00:00:00', '2019-04-30 19:02:47'),
(74, 2, 'just at the ocean', 1, '0000-00-00 00:00:00', '2019-04-30 19:02:49'),
(75, 1, 'to the mountains for hiking or skiing', 1, '0000-00-00 00:00:00', '2019-04-30 19:02:56'),
(75, 2, 'to the mountains for hiking or skiing', 1, '0000-00-00 00:00:00', '2019-04-30 19:02:58'),
(76, 1, 'Sightseeing Tour plus Museums+', 1, '0000-00-00 00:00:00', '2019-04-30 19:03:07'),
(76, 2, 'Sightseeing Tour plus Museums+', 1, '0000-00-00 00:00:00', '2019-04-30 19:03:16'),
(77, 1, 'Adventure holdiays', 1, '0000-00-00 00:00:00', '2019-04-30 19:03:28'),
(77, 2, 'Adventure holdiays', 1, '0000-00-00 00:00:00', '2019-04-30 19:03:30'),
(78, 1, 'I don’t need to go on vacation, I like to stay at home', 1, '0000-00-00 00:00:00', '2019-04-30 19:03:36'),
(78, 2, 'I don’t need to go on vacation, I like to stay at home', 1, '0000-00-00 00:00:00', '2019-04-30 19:03:39'),
(79, 1, 'attractive appearance', 1, '0000-00-00 00:00:00', '2019-04-30 19:10:44'),
(79, 2, 'attractive appearance', 1, '0000-00-00 00:00:00', '2019-04-30 19:10:41'),
(80, 1, 'common interests', 1, '0000-00-00 00:00:00', '2019-04-30 19:10:35'),
(80, 2, 'common interests', 1, '0000-00-00 00:00:00', '2019-04-30 19:10:32'),
(81, 1, 'intelligence', 1, '0000-00-00 00:00:00', '2019-04-30 19:10:25'),
(81, 2, 'intelligence', 1, '0000-00-00 00:00:00', '2019-04-30 19:10:22'),
(82, 1, 'Status and Money', 1, '0000-00-00 00:00:00', '2019-04-30 19:10:16'),
(82, 2, 'Status and Money', 1, '0000-00-00 00:00:00', '2019-04-30 19:10:13'),
(83, 1, 'emphatie', 1, '0000-00-00 00:00:00', '2019-04-30 19:10:02'),
(83, 2, 'emphatie', 1, '0000-00-00 00:00:00', '2019-04-30 19:09:59'),
(84, 1, 'Loyalty', 1, '0000-00-00 00:00:00', '2019-04-30 19:09:51'),
(84, 2, 'Loyalty', 1, '0000-00-00 00:00:00', '2019-04-30 19:09:49'),
(85, 1, 'honesty', 1, '0000-00-00 00:00:00', '2019-04-30 19:09:40'),
(85, 2, 'honesty', 1, '0000-00-00 00:00:00', '2019-04-30 19:09:37'),
(86, 1, 'very important – daily', 1, '0000-00-00 00:00:00', '2019-04-30 19:16:05'),
(86, 2, 'very important – daily', 1, '0000-00-00 00:00:00', '2019-04-30 19:16:03'),
(87, 1, 'important –3 or 4 times per week', 1, '0000-00-00 00:00:00', '2019-04-30 19:15:56'),
(87, 2, 'important –3 or 4 times per week', 1, '0000-00-00 00:00:00', '2019-04-30 19:15:54'),
(88, 1, 'one time per week is already enough', 1, '0000-00-00 00:00:00', '2019-04-30 19:15:40'),
(88, 2, 'one time per week is already enough', 1, '0000-00-00 00:00:00', '2019-04-30 19:15:37'),
(89, 1, 'not important', 1, '0000-00-00 00:00:00', '2019-04-30 19:15:28'),
(89, 2, 'not important', 1, '0000-00-00 00:00:00', '2019-04-30 19:15:25'),
(90, 1, 'Yes, when the right time has come', 1, '0000-00-00 00:00:00', '2019-04-30 19:23:02'),
(90, 2, 'Yes, when the right time has come', 1, '0000-00-00 00:00:00', '2019-04-30 19:23:05'),
(91, 1, 'no', 1, '0000-00-00 00:00:00', '2019-04-30 19:23:14'),
(91, 2, 'no', 1, '0000-00-00 00:00:00', '2019-04-30 19:23:16'),
(92, 1, 'Lets see im open for everything', 1, '0000-00-00 00:00:00', '2019-04-30 19:23:22'),
(92, 2, 'Lets see im open for everything', 1, '0000-00-00 00:00:00', '2019-04-30 19:23:26'),
(93, 1, 'Yes, when she / he is the right one', 1, '0000-00-00 00:00:00', '2019-04-30 19:26:07'),
(93, 2, 'Yes, when she / he is the right one', 1, '0000-00-00 00:00:00', '2019-04-30 19:26:13'),
(94, 1, 'no', 1, '0000-00-00 00:00:00', '2019-04-30 19:23:14'),
(94, 2, 'no', 1, '0000-00-00 00:00:00', '2019-04-30 19:23:16'),
(95, 1, 'Lets see im open for everything', 1, '0000-00-00 00:00:00', '2019-04-30 19:23:22'),
(95, 2, 'Lets see im open for everything', 1, '0000-00-00 00:00:00', '2019-04-30 19:23:26');

--
-- Indexes for dumped tables
--

--
-- Indexes for table `questions`
--
ALTER TABLE `questions`
  ADD PRIMARY KEY (`id`);

--
-- Indexes for table `question_descs`
--
ALTER TABLE `question_descs`
  ADD PRIMARY KEY (`question_id`,`language_id`) USING BTREE;

--
-- Indexes for table `ques_options`
--
ALTER TABLE `ques_options`
  ADD PRIMARY KEY (`id`);

--
-- Indexes for table `ques_option_descs`
--
ALTER TABLE `ques_option_descs`
  ADD PRIMARY KEY (`ques_option_id`,`language_id`) USING BTREE;

--
-- AUTO_INCREMENT for dumped tables
--

--
-- AUTO_INCREMENT for table `questions`
--
ALTER TABLE `questions`
  MODIFY `id` int(11) NOT NULL AUTO_INCREMENT, AUTO_INCREMENT=20;
--
-- AUTO_INCREMENT for table `ques_options`
--
ALTER TABLE `ques_options`
  MODIFY `id` int(11) NOT NULL AUTO_INCREMENT, AUTO_INCREMENT=96;
/*!40101 SET CHARACTER_SET_CLIENT=@OLD_CHARACTER_SET_CLIENT */;
/*!40101 SET CHARACTER_SET_RESULTS=@OLD_CHARACTER_SET_RESULTS */;
/*!40101 SET COLLATION_CONNECTION=@OLD_COLLATION_CONNECTION */;
