-- phpMyAdmin SQL Dump
-- version 4.5.4.1deb2ubuntu2.1
-- http://www.phpmyadmin.net
--
-- Host: localhost
-- Generation Time: Jun 11, 2019 at 04:26 PM
-- Server version: 5.7.26-0ubuntu0.16.04.1
-- PHP Version: 7.1.20-1+ubuntu16.04.1+deb.sury.org+1

SET SQL_MODE = "NO_AUTO_VALUE_ON_ZERO";
SET time_zone = "+00:00";


/*!40101 SET @OLD_CHARACTER_SET_CLIENT=@@CHARACTER_SET_CLIENT */;
/*!40101 SET @OLD_CHARACTER_SET_RESULTS=@@CHARACTER_SET_RESULTS */;
/*!40101 SET @OLD_COLLATION_CONNECTION=@@COLLATION_CONNECTION */;
/*!40101 SET NAMES utf8mb4 */;

--
-- Database: `lovepush`
--

-- --------------------------------------------------------

--
-- Table structure for table `admins`
--

CREATE TABLE `admins` (
  `id` int(10) UNSIGNED NOT NULL,
  `name` varchar(255) COLLATE utf8mb4_unicode_ci NOT NULL,
  `email` varchar(255) COLLATE utf8mb4_unicode_ci NOT NULL,
  `phone` varchar(255) COLLATE utf8mb4_unicode_ci NOT NULL,
  `image` varchar(255) COLLATE utf8mb4_unicode_ci NOT NULL,
  `password` varchar(255) COLLATE utf8mb4_unicode_ci NOT NULL,
  `capture_distance` int(11) NOT NULL DEFAULT '0' COMMENT 'NotUsed (in meters) distance range for other members profiles capture not used',
  `remember_token` varchar(100) COLLATE utf8mb4_unicode_ci DEFAULT NULL,
  `verify_code` varchar(50) COLLATE utf8mb4_unicode_ci DEFAULT NULL COMMENT 'used for forgot password',
  `verify_code_created_at` datetime DEFAULT NULL,
  `created_at` timestamp NULL DEFAULT NULL,
  `updated_at` timestamp NULL DEFAULT NULL
) ENGINE=InnoDB DEFAULT CHARSET=utf8mb4 COLLATE=utf8mb4_unicode_ci;

--
-- Dumping data for table `admins`
--

INSERT INTO `admins` (`id`, `name`, `email`, `phone`, `image`, `password`, `capture_distance`, `remember_token`, `verify_code`, `verify_code_created_at`, `created_at`, `updated_at`) VALUES
(1, 'admin', 'admin@love-push.com', '7814817171', '1555586888.jpg', '$2y$10$oALoe/ZsdJCnM91RPUYkFOS.2tP2X/vTdmuJ5xqusIras5gP3hcj.', 100, 'tD5rE7KncJ3PtpzGRPDINaKluCmvvn4QqWHDqemzn0E0KAAGdrLGCVWjzWhu', '774846', '2018-10-04 19:04:55', '2018-06-27 05:06:26', '2019-04-18 05:58:08');

-- --------------------------------------------------------

--
-- Table structure for table `connect_requests`
--

CREATE TABLE `connect_requests` (
  `id` int(11) NOT NULL,
  `from_user_id` int(11) DEFAULT NULL,
  `to_user_id` int(11) DEFAULT NULL,
  `status` enum('S','A','R','') NOT NULL COMMENT 'S=Send, A=Accept, R=Reject request',
  `created_at` datetime NOT NULL DEFAULT CURRENT_TIMESTAMP,
  `updated_at` datetime NOT NULL DEFAULT CURRENT_TIMESTAMP ON UPDATE CURRENT_TIMESTAMP
) ENGINE=InnoDB DEFAULT CHARSET=latin1;

--
-- Dumping data for table `connect_requests`
--

INSERT INTO `connect_requests` (`id`, `from_user_id`, `to_user_id`, `status`, `created_at`, `updated_at`) VALUES
(1, 42, 120, 'A', '2019-06-05 12:11:26', '2019-06-05 12:21:13'),
(2, 42, 92, 'S', '2019-06-07 07:02:47', '2019-06-07 07:02:47'),
(3, 42, 84, 'S', '2019-06-07 07:12:05', '2019-06-07 07:12:05'),
(4, 42, 41, 'S', '2019-06-07 07:12:49', '2019-06-07 07:12:49');

-- --------------------------------------------------------

--
-- Table structure for table `est_ques_comparisons`
--

CREATE TABLE `est_ques_comparisons` (
  `id` int(11) NOT NULL DEFAULT '0',
  `test_id_1` int(11) DEFAULT NULL COMMENT 'user_id 1',
  `test_id_2` int(11) DEFAULT NULL COMMENT 'user_id 2',
  `test_que_1` int(11) DEFAULT NULL,
  `test_que_2` int(11) DEFAULT NULL,
  `obtained_scores` decimal(10,2) NOT NULL,
  `max_allowed_scores` decimal(10,2) NOT NULL,
  `final_scores` decimal(10,2) NOT NULL
) ENGINE=InnoDB DEFAULT CHARSET=latin1;

--
-- Dumping data for table `est_ques_comparisons`
--

INSERT INTO `est_ques_comparisons` (`id`, `test_id_1`, `test_id_2`, `test_que_1`, `test_que_2`, `obtained_scores`, `max_allowed_scores`, `final_scores`) VALUES
(1, 1, 2, 1, 8, '0.00', '0.00', '0.00'),
(2, 1, 2, 3, 9, '20.00', '20.00', '20.00'),
(3, 1, 2, 4, 10, '20.00', '20.00', '20.00'),
(4, 1, 2, 5, 12, '80.00', '80.00', '80.00'),
(5, 1, 2, 6, 13, '40.00', '40.00', '40.00'),
(6, 1, 2, 7, 14, '30.00', '40.00', '30.00'),
(7, 1, 2, 11, 15, '40.00', '40.00', '40.00'),
(8, 1, 2, 20, 16, '0.75', '9.00', '0.75'),
(9, 1, 2, 23, 17, '5.00', '20.00', '5.00'),
(10, 1, 2, 27, 18, '5.00', '20.00', '5.00'),
(11, 2, 1, 8, 1, '0.00', '0.00', '0.00'),
(12, 2, 1, 9, 3, '20.00', '20.00', '20.00'),
(13, 2, 1, 10, 4, '20.00', '20.00', '20.00'),
(14, 2, 1, 12, 5, '80.00', '80.00', '80.00'),
(15, 2, 1, 13, 6, '40.00', '40.00', '40.00'),
(16, 2, 1, 14, 7, '30.00', '40.00', '30.00'),
(17, 2, 1, 15, 11, '40.00', '40.00', '40.00'),
(18, 2, 1, 16, 20, '0.75', '9.00', '0.75'),
(19, 2, 1, 17, 23, '5.00', '20.00', '5.00'),
(20, 2, 1, 18, 27, '5.00', '20.00', '5.00'),
(21, 1, 2, 29, 19, '10.00', '20.00', '10.00'),
(22, 1, 2, 30, 21, '30.00', '40.00', '30.00'),
(23, 1, 2, 31, 22, '5.00', '20.00', '5.00'),
(24, 1, 2, 32, 24, '35.00', '40.00', '35.00'),
(25, 1, 2, 33, 25, '10.00', '20.00', '10.00'),
(26, 1, 2, 34, 26, '20.00', '20.00', '20.00'),
(27, 1, 2, 35, 28, '20.00', '20.00', '20.00'),
(28, 2, 1, 19, 29, '10.00', '20.00', '10.00'),
(29, 2, 1, 21, 30, '30.00', '40.00', '30.00'),
(30, 2, 1, 22, 31, '5.00', '20.00', '5.00'),
(31, 2, 1, 24, 32, '35.00', '40.00', '35.00'),
(32, 2, 1, 25, 33, '10.00', '20.00', '10.00'),
(33, 2, 1, 26, 34, '20.00', '20.00', '20.00'),
(34, 2, 1, 28, 35, '20.00', '20.00', '20.00'),
(35, 1, 3, 1, 36, '0.00', '0.00', '0.00'),
(36, 1, 3, 3, 37, '20.00', '20.00', '20.00'),
(37, 1, 3, 4, 38, '20.00', '20.00', '20.00'),
(38, 1, 3, 5, 39, '40.00', '80.00', '40.00'),
(39, 1, 3, 6, 40, '25.00', '40.00', '25.00'),
(40, 1, 3, 7, 41, '30.00', '40.00', '30.00'),
(41, 1, 3, 11, 42, '40.00', '40.00', '40.00'),
(42, 1, 3, 20, 43, '0.75', '9.00', '0.75'),
(43, 1, 3, 23, 44, '5.00', '20.00', '5.00'),
(44, 1, 3, 27, 45, '5.00', '20.00', '5.00'),
(45, 1, 3, 29, 46, '20.00', '20.00', '20.00'),
(46, 1, 3, 30, 47, '45.00', '40.00', '40.00'),
(47, 1, 3, 31, 48, '5.00', '20.00', '5.00'),
(48, 1, 3, 32, 49, '50.00', '40.00', '40.00'),
(49, 1, 3, 33, 50, '10.00', '20.00', '10.00'),
(50, 1, 3, 34, 51, '20.00', '20.00', '20.00'),
(51, 1, 3, 35, 52, '20.00', '20.00', '20.00'),
(52, 2, 3, 8, 36, '0.00', '0.00', '0.00'),
(53, 2, 3, 9, 37, '20.00', '20.00', '20.00'),
(54, 2, 3, 10, 38, '20.00', '20.00', '20.00'),
(55, 2, 3, 12, 39, '40.00', '80.00', '40.00'),
(56, 2, 3, 13, 40, '25.00', '40.00', '25.00'),
(57, 2, 3, 14, 41, '60.00', '40.00', '40.00'),
(58, 2, 3, 15, 42, '40.00', '40.00', '40.00'),
(59, 2, 3, 16, 43, '3.00', '9.00', '3.00'),
(60, 2, 3, 17, 44, '20.00', '20.00', '20.00'),
(61, 2, 3, 18, 45, '20.00', '20.00', '20.00'),
(62, 2, 3, 19, 46, '10.00', '20.00', '10.00'),
(63, 2, 3, 21, 47, '45.00', '40.00', '40.00'),
(64, 2, 3, 22, 48, '5.00', '20.00', '5.00'),
(65, 2, 3, 24, 49, '30.00', '40.00', '30.00'),
(66, 2, 3, 25, 50, '20.00', '20.00', '20.00'),
(67, 2, 3, 26, 51, '20.00', '20.00', '20.00'),
(68, 2, 3, 28, 52, '20.00', '20.00', '20.00'),
(69, 3, 1, 36, 1, '0.00', '0.00', '0.00'),
(70, 3, 1, 37, 3, '20.00', '20.00', '20.00'),
(71, 3, 1, 38, 4, '20.00', '20.00', '20.00'),
(72, 3, 1, 39, 5, '40.00', '80.00', '40.00'),
(73, 3, 1, 40, 6, '25.00', '40.00', '25.00'),
(74, 3, 1, 41, 7, '30.00', '40.00', '30.00'),
(75, 3, 1, 42, 11, '40.00', '40.00', '40.00'),
(76, 3, 1, 43, 20, '0.75', '9.00', '0.75'),
(77, 3, 1, 44, 23, '5.00', '20.00', '5.00'),
(78, 3, 1, 45, 27, '5.00', '20.00', '5.00'),
(79, 3, 1, 46, 29, '20.00', '20.00', '20.00'),
(80, 3, 1, 47, 30, '45.00', '40.00', '40.00'),
(81, 3, 1, 48, 31, '5.00', '20.00', '5.00'),
(82, 3, 1, 49, 32, '45.00', '40.00', '40.00'),
(83, 3, 1, 50, 33, '10.00', '20.00', '10.00'),
(84, 3, 1, 51, 34, '20.00', '20.00', '20.00'),
(85, 3, 1, 52, 35, '20.00', '20.00', '20.00'),
(86, 3, 2, 36, 8, '0.00', '0.00', '0.00'),
(87, 3, 2, 37, 9, '20.00', '20.00', '20.00'),
(88, 3, 2, 38, 10, '20.00', '20.00', '20.00'),
(89, 3, 2, 39, 12, '40.00', '80.00', '40.00'),
(90, 3, 2, 40, 13, '25.00', '40.00', '25.00'),
(91, 3, 2, 41, 14, '60.00', '40.00', '40.00'),
(92, 3, 2, 42, 15, '40.00', '40.00', '40.00'),
(93, 3, 2, 43, 16, '3.00', '9.00', '3.00'),
(94, 3, 2, 44, 17, '20.00', '20.00', '20.00'),
(95, 3, 2, 45, 18, '20.00', '20.00', '20.00'),
(96, 3, 2, 46, 19, '10.00', '20.00', '10.00'),
(97, 3, 2, 47, 21, '45.00', '40.00', '40.00'),
(98, 3, 2, 48, 22, '5.00', '20.00', '5.00'),
(99, 3, 2, 49, 24, '30.00', '40.00', '30.00'),
(100, 3, 2, 50, 25, '20.00', '20.00', '20.00'),
(101, 3, 2, 51, 26, '20.00', '20.00', '20.00'),
(102, 3, 2, 52, 28, '20.00', '20.00', '20.00'),
(103, 1, 4, 1, 53, '0.00', '0.00', '0.00'),
(104, 1, 4, 2, 54, '0.00', '0.00', '0.00'),
(105, 1, 4, 3, 55, '20.00', '20.00', '20.00'),
(106, 1, 4, 4, 56, '20.00', '20.00', '20.00'),
(107, 1, 4, 5, 57, '80.00', '80.00', '80.00'),
(108, 1, 4, 6, 58, '40.00', '40.00', '40.00'),
(109, 1, 4, 7, 59, '60.00', '40.00', '40.00'),
(110, 1, 4, 11, 60, '40.00', '40.00', '40.00'),
(111, 1, 4, 20, 61, '3.00', '9.00', '3.00'),
(112, 1, 4, 23, 62, '20.00', '20.00', '20.00'),
(113, 1, 4, 27, 63, '20.00', '20.00', '20.00'),
(114, 1, 4, 29, 64, '20.00', '20.00', '20.00'),
(115, 1, 4, 30, 65, '60.00', '40.00', '40.00'),
(116, 1, 4, 31, 66, '5.00', '20.00', '5.00'),
(117, 1, 4, 32, 67, '60.00', '40.00', '40.00'),
(118, 1, 4, 33, 68, '20.00', '20.00', '20.00'),
(119, 1, 4, 34, 69, '20.00', '20.00', '20.00'),
(120, 1, 4, 35, 70, '20.00', '20.00', '20.00'),
(121, 2, 4, 8, 53, '0.00', '0.00', '0.00'),
(122, 2, 4, 9, 55, '20.00', '20.00', '20.00'),
(123, 2, 4, 10, 56, '20.00', '20.00', '20.00'),
(124, 2, 4, 12, 57, '80.00', '80.00', '80.00'),
(125, 2, 4, 13, 58, '40.00', '40.00', '40.00'),
(126, 2, 4, 14, 59, '30.00', '40.00', '30.00'),
(127, 2, 4, 15, 60, '40.00', '40.00', '40.00'),
(128, 2, 4, 16, 61, '0.75', '9.00', '0.75'),
(129, 2, 4, 17, 62, '5.00', '20.00', '5.00'),
(130, 2, 4, 18, 63, '5.00', '20.00', '5.00'),
(131, 2, 4, 19, 64, '10.00', '20.00', '10.00'),
(132, 2, 4, 21, 65, '30.00', '40.00', '30.00'),
(133, 2, 4, 22, 66, '5.00', '20.00', '5.00'),
(134, 2, 4, 24, 67, '35.00', '40.00', '35.00'),
(135, 2, 4, 25, 68, '10.00', '20.00', '10.00'),
(136, 2, 4, 26, 69, '20.00', '20.00', '20.00'),
(137, 2, 4, 28, 70, '20.00', '20.00', '20.00'),
(138, 3, 4, 36, 53, '0.00', '0.00', '0.00'),
(139, 3, 4, 37, 55, '20.00', '20.00', '20.00'),
(140, 3, 4, 38, 56, '20.00', '20.00', '20.00'),
(141, 3, 4, 39, 57, '40.00', '80.00', '40.00'),
(142, 3, 4, 40, 58, '25.00', '40.00', '25.00'),
(143, 3, 4, 41, 59, '30.00', '40.00', '30.00'),
(144, 3, 4, 42, 60, '40.00', '40.00', '40.00'),
(145, 3, 4, 43, 61, '0.75', '9.00', '0.75'),
(146, 3, 4, 44, 62, '5.00', '20.00', '5.00'),
(147, 3, 4, 45, 63, '5.00', '20.00', '5.00'),
(148, 3, 4, 46, 64, '20.00', '20.00', '20.00'),
(149, 3, 4, 47, 65, '45.00', '40.00', '40.00'),
(150, 3, 4, 48, 66, '5.00', '20.00', '5.00'),
(151, 3, 4, 49, 67, '45.00', '40.00', '40.00'),
(152, 3, 4, 50, 68, '10.00', '20.00', '10.00'),
(153, 3, 4, 51, 69, '20.00', '20.00', '20.00'),
(154, 3, 4, 52, 70, '20.00', '20.00', '20.00'),
(155, 4, 1, 53, 1, '0.00', '0.00', '0.00'),
(156, 4, 1, 54, 2, '0.00', '0.00', '0.00'),
(157, 4, 1, 55, 3, '20.00', '20.00', '20.00'),
(158, 4, 1, 56, 4, '20.00', '20.00', '20.00'),
(159, 4, 1, 57, 5, '80.00', '80.00', '80.00'),
(160, 4, 1, 58, 6, '40.00', '40.00', '40.00'),
(161, 4, 1, 59, 7, '60.00', '40.00', '40.00'),
(162, 4, 1, 60, 11, '40.00', '40.00', '40.00'),
(163, 4, 1, 61, 20, '3.00', '9.00', '3.00'),
(164, 4, 1, 62, 23, '20.00', '20.00', '20.00'),
(165, 4, 1, 63, 27, '20.00', '20.00', '20.00'),
(166, 4, 1, 64, 29, '20.00', '20.00', '20.00'),
(167, 4, 1, 65, 30, '60.00', '40.00', '40.00'),
(168, 4, 1, 66, 31, '5.00', '20.00', '5.00'),
(169, 4, 1, 67, 32, '60.00', '40.00', '40.00'),
(170, 4, 1, 68, 33, '20.00', '20.00', '20.00'),
(171, 4, 1, 69, 34, '20.00', '20.00', '20.00'),
(172, 4, 1, 70, 35, '20.00', '20.00', '20.00'),
(173, 4, 2, 53, 8, '0.00', '0.00', '0.00'),
(174, 4, 2, 55, 9, '20.00', '20.00', '20.00'),
(175, 4, 2, 56, 10, '20.00', '20.00', '20.00'),
(176, 4, 2, 57, 12, '80.00', '80.00', '80.00'),
(177, 4, 2, 58, 13, '40.00', '40.00', '40.00'),
(178, 4, 2, 59, 14, '30.00', '40.00', '30.00'),
(179, 4, 2, 60, 15, '40.00', '40.00', '40.00'),
(180, 4, 2, 61, 16, '0.75', '9.00', '0.75'),
(181, 4, 2, 62, 17, '5.00', '20.00', '5.00'),
(182, 4, 2, 63, 18, '5.00', '20.00', '5.00'),
(183, 4, 2, 64, 19, '10.00', '20.00', '10.00'),
(184, 4, 2, 65, 21, '30.00', '40.00', '30.00'),
(185, 4, 2, 66, 22, '5.00', '20.00', '5.00'),
(186, 4, 2, 67, 24, '35.00', '40.00', '35.00'),
(187, 4, 2, 68, 25, '10.00', '20.00', '10.00'),
(188, 4, 2, 69, 26, '20.00', '20.00', '20.00'),
(189, 4, 2, 70, 28, '20.00', '20.00', '20.00'),
(190, 4, 3, 53, 36, '0.00', '0.00', '0.00'),
(191, 4, 3, 55, 37, '20.00', '20.00', '20.00'),
(192, 4, 3, 56, 38, '20.00', '20.00', '20.00'),
(193, 4, 3, 57, 39, '40.00', '80.00', '40.00'),
(194, 4, 3, 58, 40, '25.00', '40.00', '25.00'),
(195, 4, 3, 59, 41, '30.00', '40.00', '30.00'),
(196, 4, 3, 60, 42, '40.00', '40.00', '40.00'),
(197, 4, 3, 61, 43, '0.75', '9.00', '0.75'),
(198, 4, 3, 62, 44, '5.00', '20.00', '5.00'),
(199, 4, 3, 63, 45, '5.00', '20.00', '5.00'),
(200, 4, 3, 64, 46, '20.00', '20.00', '20.00'),
(201, 4, 3, 65, 47, '45.00', '40.00', '40.00'),
(202, 4, 3, 66, 48, '5.00', '20.00', '5.00'),
(203, 4, 3, 67, 49, '50.00', '40.00', '40.00'),
(204, 4, 3, 68, 50, '10.00', '20.00', '10.00'),
(205, 4, 3, 69, 51, '20.00', '20.00', '20.00'),
(206, 4, 3, 70, 52, '20.00', '20.00', '20.00');

-- --------------------------------------------------------

--
-- Table structure for table `est_scores`
--

CREATE TABLE `est_scores` (
  `id` int(11) NOT NULL DEFAULT '0',
  `test_id_1` int(11) NOT NULL,
  `test_id_2` int(11) NOT NULL,
  `scores` decimal(10,2) NOT NULL
) ENGINE=InnoDB DEFAULT CHARSET=latin1;

--
-- Dumping data for table `est_scores`
--

INSERT INTO `est_scores` (`id`, `test_id_1`, `test_id_2`, `scores`) VALUES
(1, 1, 2, '240.75'),
(2, 2, 1, '240.75'),
(3, 1, 3, '340.75'),
(4, 2, 3, '373.00'),
(5, 3, 1, '340.75'),
(6, 3, 2, '373.00'),
(7, 1, 4, '448.00'),
(8, 2, 4, '370.75'),
(9, 3, 4, '340.75'),
(10, 4, 1, '448.00'),
(11, 4, 2, '370.75'),
(12, 4, 3, '340.75');

-- --------------------------------------------------------

--
-- Table structure for table `intentions`
--

CREATE TABLE `intentions` (
  `id` int(11) NOT NULL,
  `name` varchar(255) DEFAULT NULL,
  `status` tinyint(1) NOT NULL DEFAULT '1' COMMENT '1=active, 0=inactive',
  `created_at` datetime NOT NULL DEFAULT CURRENT_TIMESTAMP,
  `updated_at` datetime NOT NULL DEFAULT CURRENT_TIMESTAMP ON UPDATE CURRENT_TIMESTAMP
) ENGINE=InnoDB DEFAULT CHARSET=latin1;

--
-- Dumping data for table `intentions`
--

INSERT INTO `intentions` (`id`, `name`, `status`, `created_at`, `updated_at`) VALUES
(1, 'relationship', 1, '2019-05-02 14:50:32', '2019-05-02 14:50:32'),
(2, 'friendship', 1, '2019-05-02 14:50:32', '2019-05-02 14:50:32'),
(3, 'daily activities', 1, '2019-05-02 14:50:55', '2019-05-02 14:50:55'),
(4, 'no expectations', 1, '2019-05-02 14:50:55', '2019-05-24 18:13:54');

-- --------------------------------------------------------

--
-- Table structure for table `likes`
--

CREATE TABLE `likes` (
  `id` int(11) NOT NULL,
  `from_user_id` int(11) NOT NULL,
  `to_user_id` int(11) NOT NULL,
  `status` tinyint(1) DEFAULT NULL COMMENT '1=Like,0=Dislike',
  `created_at` datetime NOT NULL DEFAULT CURRENT_TIMESTAMP,
  `updated_at` datetime DEFAULT CURRENT_TIMESTAMP ON UPDATE CURRENT_TIMESTAMP
) ENGINE=InnoDB DEFAULT CHARSET=latin1;

--
-- Dumping data for table `likes`
--

INSERT INTO `likes` (`id`, `from_user_id`, `to_user_id`, `status`, `created_at`, `updated_at`) VALUES
(1, 120, 42, 1, '2019-06-05 13:14:51', '2019-06-05 13:14:51'),
(2, 42, 120, 1, '2019-06-06 05:02:52', '2019-06-06 05:03:13'),
(3, 42, 123, 1, '2019-06-06 09:10:05', '2019-06-06 09:10:05'),
(4, 42, 113, 0, '2019-06-06 09:22:57', '2019-06-06 09:22:57'),
(5, 42, 51, 0, '2019-06-06 09:23:01', '2019-06-06 09:23:01'),
(6, 42, 124, 0, '2019-06-06 09:23:05', '2019-06-06 09:23:05'),
(7, 42, 104, 0, '2019-06-06 09:23:07', '2019-06-06 09:23:07'),
(8, 42, 109, 0, '2019-06-06 09:27:41', '2019-06-06 09:27:41'),
(9, 42, 125, 1, '2019-06-07 05:43:26', '2019-06-07 05:43:26'),
(10, 42, 47, 1, '2019-06-07 05:43:29', '2019-06-07 05:43:29'),
(11, 42, 107, 1, '2019-06-07 07:15:49', '2019-06-07 07:15:49'),
(12, 42, 122, 0, '2019-06-07 07:15:53', '2019-06-07 07:15:53');

-- --------------------------------------------------------

--
-- Table structure for table `matches`
--

CREATE TABLE `matches` (
  `id` int(11) NOT NULL,
  `event_type` enum('L','C') NOT NULL COMMENT 'match found by L=Like, C=Connect req',
  `user_id` int(11) DEFAULT NULL COMMENT 'second like user_id',
  `like_by_me` int(11) DEFAULT NULL COMMENT 'first like user_id',
  `status` tinyint(1) NOT NULL DEFAULT '1' COMMENT '1=match, 0=unmatch',
  `created_at` datetime NOT NULL DEFAULT CURRENT_TIMESTAMP,
  `updated_at` datetime NOT NULL DEFAULT CURRENT_TIMESTAMP ON UPDATE CURRENT_TIMESTAMP
) ENGINE=InnoDB DEFAULT CHARSET=latin1;

--
-- Dumping data for table `matches`
--

INSERT INTO `matches` (`id`, `event_type`, `user_id`, `like_by_me`, `status`, `created_at`, `updated_at`) VALUES
(1, 'C', 42, 120, 1, '2019-06-05 12:21:13', '2019-06-07 16:59:52');

-- --------------------------------------------------------

--
-- Table structure for table `migrations`
--

CREATE TABLE `migrations` (
  `id` int(10) UNSIGNED NOT NULL,
  `migration` varchar(191) COLLATE utf8mb4_unicode_ci NOT NULL,
  `batch` int(11) NOT NULL
) ENGINE=InnoDB DEFAULT CHARSET=utf8mb4 COLLATE=utf8mb4_unicode_ci;

--
-- Dumping data for table `migrations`
--

INSERT INTO `migrations` (`id`, `migration`, `batch`) VALUES
(26, '2014_10_12_000000_create_users_table', 1),
(27, '2014_10_12_100000_create_password_resets_table', 1),
(28, '2016_06_01_000001_create_oauth_auth_codes_table', 1),
(29, '2016_06_01_000002_create_oauth_access_tokens_table', 1),
(30, '2016_06_01_000003_create_oauth_refresh_tokens_table', 1),
(31, '2016_06_01_000004_create_oauth_clients_table', 1),
(32, '2016_06_01_000005_create_oauth_personal_access_clients_table', 1),
(33, '2019_01_15_133005_create_post_ads_table', 1),
(34, '2019_01_16_074723_add_image_to_users_table', 1),
(35, '2019_01_16_075955_create_user_profile_images_table', 1),
(36, '2019_01_16_125501_add_role_to_users_table', 1),
(37, '2019_01_17_070145_add_city_country_to_users_table', 1),
(38, '2019_01_18_102128_create_user_requests_table', 1),
(39, '2019_01_18_103857_create_notifications_table', 1),
(40, '2019_01_21_072426_create_personality_questions_table', 2),
(41, '2019_01_21_072803_create_personality_questions_options_table', 2),
(42, '2019_01_21_095504_create_personality_tests_table', 2),
(43, '2019_01_22_042411_change_radius_to_post_ads_table', 3),
(44, '2019_01_23_093446_add_otp_to_users_table', 4),
(45, '2019_01_24_101128_create_feeds_table', 5),
(46, '2019_01_25_091432_add_seetingsparam_to_users_table', 6);

-- --------------------------------------------------------

--
-- Table structure for table `notifications`
--

CREATE TABLE `notifications` (
  `id` int(11) NOT NULL,
  `event_type` enum('L','S_C_R','A_C_R','R_C_R') NOT NULL COMMENT 'L=like, S_C_R=send connect request, A_C_R=accept connect request, R_C_R=reject connect request',
  `event_id` int(11) DEFAULT NULL,
  `user_id` int(11) DEFAULT NULL,
  `to_user_id` int(11) DEFAULT NULL,
  `created_at` datetime DEFAULT CURRENT_TIMESTAMP,
  `updated_at` datetime NOT NULL DEFAULT CURRENT_TIMESTAMP ON UPDATE CURRENT_TIMESTAMP
) ENGINE=InnoDB DEFAULT CHARSET=latin1;

--
-- Dumping data for table `notifications`
--

INSERT INTO `notifications` (`id`, `event_type`, `event_id`, `user_id`, `to_user_id`, `created_at`, `updated_at`) VALUES
(1, 'L', 1, 42, 120, '2019-06-05 11:08:56', '2019-06-05 11:08:56'),
(2, 'S_C_R', 1, 42, 120, '2019-06-05 12:11:26', '2019-06-05 12:11:26'),
(3, 'A_C_R', 1, 120, 42, '2019-06-05 12:21:13', '2019-06-05 12:21:13'),
(4, 'L', 1, 120, 42, '2019-06-05 13:14:51', '2019-06-05 13:14:51'),
(5, 'L', 2, 42, 120, '2019-06-06 05:02:52', '2019-06-06 05:02:52'),
(6, 'L', 3, 42, 123, '2019-06-06 09:10:05', '2019-06-06 09:10:05'),
(7, 'L', 9, 42, 125, '2019-06-07 05:43:26', '2019-06-07 05:43:26'),
(8, 'L', 10, 42, 47, '2019-06-07 05:43:29', '2019-06-07 05:43:29'),
(9, 'S_C_R', 2, 42, 92, '2019-06-07 07:02:47', '2019-06-07 07:02:47'),
(10, 'S_C_R', 3, 42, 84, '2019-06-07 07:12:05', '2019-06-07 07:12:05'),
(11, 'S_C_R', 4, 42, 41, '2019-06-07 07:12:49', '2019-06-07 07:12:49'),
(12, 'L', 11, 42, 107, '2019-06-07 07:15:49', '2019-06-07 07:15:49');

-- --------------------------------------------------------

--
-- Table structure for table `notification_descs`
--

CREATE TABLE `notification_descs` (
  `notification_id` int(11) NOT NULL,
  `language_id` tinyint(4) NOT NULL DEFAULT '1',
  `message` varchar(255) CHARACTER SET utf8 DEFAULT NULL,
  `created_at` datetime NOT NULL DEFAULT CURRENT_TIMESTAMP,
  `updated_at` datetime NOT NULL DEFAULT CURRENT_TIMESTAMP ON UPDATE CURRENT_TIMESTAMP
) ENGINE=InnoDB DEFAULT CHARSET=latin1;

--
-- Dumping data for table `notification_descs`
--

INSERT INTO `notification_descs` (`notification_id`, `language_id`, `message`, `created_at`, `updated_at`) VALUES
(1, 1, 'LLK has like your profile.', '2019-06-05 11:08:56', '2019-06-05 11:08:56'),
(1, 2, 'LLK hat dein Profil gefallen.', '2019-06-05 11:08:56', '2019-06-05 11:08:56'),
(2, 1, 'LLK has sent you a connect request.', '2019-06-05 12:11:26', '2019-06-05 12:11:26'),
(2, 2, 'LLK hat Ihnen eine Verbindungsanforderung gesendet.', '2019-06-05 12:11:26', '2019-06-05 12:11:26'),
(3, 1, 'Uma kusum accepted a connect request.', '2019-06-05 12:21:13', '2019-06-05 12:21:13'),
(3, 2, 'Uma kusum hat eine Verbindungsanforderung angenommen.', '2019-06-05 12:21:13', '2019-06-05 12:21:13'),
(4, 1, 'Uma kusum has like your profile.', '2019-06-05 13:14:51', '2019-06-05 13:14:51'),
(4, 2, 'Uma kusum hat dein Profil gefallen.', '2019-06-05 13:14:51', '2019-06-05 13:14:51'),
(5, 1, 'LLK has like your profile.', '2019-06-06 05:02:52', '2019-06-06 05:02:52'),
(5, 2, 'LLK hat dein Profil gefallen.', '2019-06-06 05:02:52', '2019-06-06 05:02:52'),
(6, 1, 'LLK has like your profile.', '2019-06-06 09:10:05', '2019-06-06 09:10:05'),
(6, 2, 'LLK hat dein Profil gefallen.', '2019-06-06 09:10:05', '2019-06-06 09:10:05'),
(7, 1, 'LLK has like your profile.', '2019-06-07 05:43:26', '2019-06-07 05:43:26'),
(7, 2, 'LLK hat dein Profil gefallen.', '2019-06-07 05:43:26', '2019-06-07 05:43:26'),
(8, 1, 'LLK has like your profile.', '2019-06-07 05:43:29', '2019-06-07 05:43:29'),
(8, 2, 'LLK hat dein Profil gefallen.', '2019-06-07 05:43:29', '2019-06-07 05:43:29'),
(9, 1, 'LLK has sent you a connect request.', '2019-06-07 07:02:48', '2019-06-07 07:02:48'),
(9, 2, 'LLK hat Ihnen eine Verbindungsanforderung gesendet.', '2019-06-07 07:02:48', '2019-06-07 07:02:48'),
(10, 1, 'LLK has sent you a connect request.', '2019-06-07 07:12:06', '2019-06-07 07:12:06'),
(10, 2, 'LLK hat Ihnen eine Verbindungsanforderung gesendet.', '2019-06-07 07:12:06', '2019-06-07 07:12:06'),
(11, 1, 'LLK has sent you a connect request.', '2019-06-07 07:12:49', '2019-06-07 07:12:49'),
(11, 2, 'LLK hat Ihnen eine Verbindungsanforderung gesendet.', '2019-06-07 07:12:49', '2019-06-07 07:12:49'),
(12, 1, 'LLK has like your profile.', '2019-06-07 07:15:50', '2019-06-07 07:15:50'),
(12, 2, 'LLK hat dein Profil gefallen.', '2019-06-07 07:15:50', '2019-06-07 07:15:50');

-- --------------------------------------------------------

--
-- Table structure for table `NotUsed@feeds`
--

CREATE TABLE `NotUsed@feeds` (
  `id` int(10) UNSIGNED NOT NULL,
  `user_id` int(10) UNSIGNED NOT NULL,
  `title` varchar(191) COLLATE utf8mb4_unicode_ci DEFAULT NULL,
  `description` text COLLATE utf8mb4_unicode_ci,
  `image` varchar(191) COLLATE utf8mb4_unicode_ci DEFAULT NULL,
  `created_at` timestamp NULL DEFAULT NULL,
  `updated_at` timestamp NULL DEFAULT NULL
) ENGINE=InnoDB DEFAULT CHARSET=utf8mb4 COLLATE=utf8mb4_unicode_ci;

--
-- Dumping data for table `NotUsed@feeds`
--

INSERT INTO `NotUsed@feeds` (`id`, `user_id`, `title`, `description`, `image`, `created_at`, `updated_at`) VALUES
(1, 3, 'First Feed', 'FF', '1548326142.png', '2019-01-24 05:05:42', '2019-01-24 05:05:42');

-- --------------------------------------------------------

--
-- Table structure for table `NotUsed@notifications`
--

CREATE TABLE `NotUsed@notifications` (
  `id` int(10) UNSIGNED NOT NULL,
  `user_id` int(10) UNSIGNED NOT NULL,
  `type` varchar(191) COLLATE utf8mb4_unicode_ci DEFAULT NULL,
  `message` varchar(191) COLLATE utf8mb4_unicode_ci NOT NULL,
  `created_at` timestamp NULL DEFAULT NULL,
  `updated_at` timestamp NULL DEFAULT NULL
) ENGINE=InnoDB DEFAULT CHARSET=utf8mb4 COLLATE=utf8mb4_unicode_ci;

--
-- Dumping data for table `NotUsed@notifications`
--

INSERT INTO `NotUsed@notifications` (`id`, `user_id`, `type`, `message`, `created_at`, `updated_at`) VALUES
(1, 6, 'Like', 'test has sent you a request.', '2019-01-24 04:16:15', '2019-01-24 04:16:15'),
(2, 6, 'Like', 'test has sent you a request.', '2019-01-24 04:24:56', '2019-01-24 04:24:56'),
(3, 4, 'Like', 'test has sent you a request.', '2019-01-24 04:25:02', '2019-01-24 04:25:02'),
(4, 5, 'Like', 'test has sent you a request.', '2019-01-24 04:31:21', '2019-01-24 04:31:21'),
(5, 4, 'Like', 'test has sent you a request.', '2019-01-24 04:31:22', '2019-01-24 04:31:22'),
(6, 5, 'Like', 'vivek kumar has sent you a request.', '2019-01-25 06:34:39', '2019-01-25 06:34:39'),
(7, 5, 'Like', 'vivek kumar has sent you a request.', '2019-01-25 06:46:38', '2019-01-25 06:46:38'),
(8, 5, 'Like', 'vivek kumar has sent you a request.', '2019-01-25 07:18:21', '2019-01-25 07:18:21'),
(9, 13, 'Like', 'ER has sent you a request.', '2019-01-28 00:28:20', '2019-01-28 00:28:20'),
(10, 13, 'Like', 'ER has sent you a request.', '2019-01-28 01:15:05', '2019-01-28 01:15:05'),
(11, 13, 'Like', 'ER has sent you a request.', '2019-01-28 01:15:27', '2019-01-28 01:15:27'),
(12, 13, 'Like', 'ER has sent you a request.', '2019-01-28 01:15:54', '2019-01-28 01:15:54'),
(13, 13, 'Like', 'ER has sent you a request.', '2019-01-28 01:20:18', '2019-01-28 01:20:18'),
(14, 13, 'Like', 'ER has sent you a request.', '2019-01-28 01:20:40', '2019-01-28 01:20:40'),
(15, 13, 'Like', 'ER has sent you a request.', '2019-01-28 01:24:03', '2019-01-28 01:24:03'),
(16, 13, 'Like', 'ER has sent you a request.', '2019-01-28 01:25:43', '2019-01-28 01:25:43'),
(17, 13, 'Like', 'ER has sent you a request.', '2019-01-28 01:25:54', '2019-01-28 01:25:54'),
(18, 13, 'Like', 'ER has sent you a request.', '2019-01-28 01:25:59', '2019-01-28 01:25:59'),
(19, 13, 'Like', 'ER has sent you a request.', '2019-01-28 01:28:13', '2019-01-28 01:28:13'),
(20, 13, 'Like', 'ER has sent you a request.', '2019-01-28 01:28:15', '2019-01-28 01:28:15'),
(21, 13, 'Like', 'ER has sent you a request.', '2019-01-29 01:19:06', '2019-01-29 01:19:06'),
(22, 8, 'Like', 'ER has sent you a request.', '2019-01-29 01:19:08', '2019-01-29 01:19:08');

-- --------------------------------------------------------

--
-- Table structure for table `NotUsed@personality_questions`
--

CREATE TABLE `NotUsed@personality_questions` (
  `id` int(10) UNSIGNED NOT NULL,
  `question` varchar(191) COLLATE utf8mb4_unicode_ci NOT NULL,
  `is_active` tinyint(4) NOT NULL DEFAULT '1' COMMENT '0=> inactive, 1=>active',
  `created_at` timestamp NULL DEFAULT NULL,
  `updated_at` timestamp NULL DEFAULT NULL
) ENGINE=InnoDB DEFAULT CHARSET=utf8mb4 COLLATE=utf8mb4_unicode_ci;

--
-- Dumping data for table `NotUsed@personality_questions`
--

INSERT INTO `NotUsed@personality_questions` (`id`, `question`, `is_active`, `created_at`, `updated_at`) VALUES
(1, 'What  is your favourite fruit?', 1, '2019-01-21 05:00:40', '2019-01-21 05:00:40'),
(2, 'What  is your favourite color ?', 1, '2019-01-22 04:48:09', '2019-01-22 04:48:09');

-- --------------------------------------------------------

--
-- Table structure for table `NotUsed@personality_questions_options`
--

CREATE TABLE `NotUsed@personality_questions_options` (
  `id` int(10) UNSIGNED NOT NULL,
  `personality_question_id` int(10) UNSIGNED NOT NULL,
  `option` varchar(191) COLLATE utf8mb4_unicode_ci NOT NULL,
  `created_at` timestamp NULL DEFAULT NULL,
  `updated_at` timestamp NULL DEFAULT NULL
) ENGINE=InnoDB DEFAULT CHARSET=utf8mb4 COLLATE=utf8mb4_unicode_ci;

--
-- Dumping data for table `NotUsed@personality_questions_options`
--

INSERT INTO `NotUsed@personality_questions_options` (`id`, `personality_question_id`, `option`, `created_at`, `updated_at`) VALUES
(1, 1, 'Mango', '2019-01-21 05:00:40', '2019-01-21 05:00:40'),
(2, 1, 'Orange', '2019-01-21 05:00:41', '2019-01-21 05:00:41'),
(3, 1, 'Banana', '2019-01-21 05:00:41', '2019-01-21 05:00:41'),
(4, 1, 'Apple', '2019-01-21 05:00:41', '2019-01-21 05:00:41'),
(9, 2, 'Red', '2019-01-28 06:41:55', '2019-01-28 06:41:55'),
(10, 2, 'Orange', '2019-01-28 06:41:55', '2019-01-28 06:41:55'),
(11, 2, 'Pink', '2019-01-28 06:41:55', '2019-01-28 06:41:55'),
(12, 2, 'Yellow', '2019-01-28 06:41:55', '2019-01-28 06:41:55');

-- --------------------------------------------------------

--
-- Table structure for table `NotUsed@personality_tests`
--

CREATE TABLE `NotUsed@personality_tests` (
  `id` int(10) UNSIGNED NOT NULL,
  `user_id` int(10) UNSIGNED NOT NULL,
  `option_id` int(10) UNSIGNED NOT NULL,
  `created_at` timestamp NULL DEFAULT NULL,
  `updated_at` timestamp NULL DEFAULT NULL
) ENGINE=InnoDB DEFAULT CHARSET=utf8mb4 COLLATE=utf8mb4_unicode_ci;

--
-- Dumping data for table `NotUsed@personality_tests`
--

INSERT INTO `NotUsed@personality_tests` (`id`, `user_id`, `option_id`, `created_at`, `updated_at`) VALUES
(12, 3, 4, '2019-01-23 06:47:27', '2019-01-23 06:47:27'),
(17, 5, 1, '2019-01-23 06:54:03', '2019-01-23 06:54:03'),
(19, 5, 1, '2019-01-23 06:57:28', '2019-01-23 06:57:28'),
(21, 5, 1, '2019-01-23 06:57:30', '2019-01-23 06:57:30'),
(23, 5, 2, '2019-01-23 06:58:31', '2019-01-23 06:58:31'),
(25, 5, 2, '2019-01-23 06:58:35', '2019-01-23 06:58:35'),
(27, 5, 3, '2019-01-24 23:33:04', '2019-01-24 23:33:04'),
(29, 13, 2, '2019-01-25 06:01:38', '2019-01-25 06:01:38'),
(31, 13, 4, '2019-01-25 07:18:14', '2019-01-25 07:18:14'),
(32, 18, 10, '2019-04-09 05:13:45', '2019-04-09 05:13:45'),
(33, 18, 3, '2019-04-09 05:13:45', '2019-04-09 05:13:45');

-- --------------------------------------------------------

--
-- Table structure for table `NotUsed@post_ads`
--

CREATE TABLE `NotUsed@post_ads` (
  `id` int(10) UNSIGNED NOT NULL,
  `user_id` int(10) UNSIGNED NOT NULL,
  `title` varchar(191) COLLATE utf8mb4_unicode_ci NOT NULL,
  `description` text COLLATE utf8mb4_unicode_ci NOT NULL,
  `post_type` tinyint(4) NOT NULL DEFAULT '1' COMMENT '1=> love ad, 2=> connect ad',
  `image` varchar(191) COLLATE utf8mb4_unicode_ci DEFAULT NULL,
  `location` varchar(191) COLLATE utf8mb4_unicode_ci DEFAULT NULL,
  `latitude` varchar(191) COLLATE utf8mb4_unicode_ci NOT NULL,
  `longitude` varchar(191) COLLATE utf8mb4_unicode_ci NOT NULL,
  `is_post_anonymously` tinyint(4) NOT NULL DEFAULT '1' COMMENT '1=> show, 0=> profile hidden',
  `radius` decimal(8,2) DEFAULT NULL,
  `status` tinyint(4) NOT NULL DEFAULT '1' COMMENT '1=> active, 0=> not active',
  `created_at` timestamp NULL DEFAULT NULL,
  `updated_at` timestamp NULL DEFAULT NULL
) ENGINE=InnoDB DEFAULT CHARSET=utf8mb4 COLLATE=utf8mb4_unicode_ci;

--
-- Dumping data for table `NotUsed@post_ads`
--

INSERT INTO `NotUsed@post_ads` (`id`, `user_id`, `title`, `description`, `post_type`, `image`, `location`, `latitude`, `longitude`, `is_post_anonymously`, `radius`, `status`, `created_at`, `updated_at`) VALUES
(1, 3, 'titl', 'Js fjd dd djd dj sjd djs sjs sjf djd sjd djd jd ddj dd', 2, '1548244910.png', 'Tower C, Third Floor DLF Building, IT Park 160101, Phase - I, Manimajra, Chandigarh, Haryana 134114, India', '30.72808590000001', '76.84575629999999', 0, '15.00', 1, '2019-01-23 06:31:50', '2019-01-23 06:31:50'),
(2, 6, 'title', 'Des djd djs sjs sjs sjs sjs shs hs jsjs', 2, '1548400345.png', 'Tower C, Third Floor DLF Building, IT Park 160101, Phase - I, Manimajra, Chandigarh, Haryana 134114, India', '30.72808590000001', '76.84575629999999', 1, '38.25', 1, '2019-01-25 01:42:25', '2019-01-25 01:42:25'),
(3, 6, 'hddj', 'Shsh', 2, '1548400421.png', 'Tower C, Third Floor DLF Building, IT Park 160101, Phase - I, Manimajra, Chandigarh, Haryana 134114, India', '30.72808590000001', '76.84575629999999', 1, '45.83', 1, '2019-01-25 01:43:41', '2019-01-25 01:43:41'),
(4, 13, 'nxdbjdhshs', 'jddjdj djejds djsb', 1, '1548414974.png', 'Unnamed Road, Phase - I, Manimajra, Chandigarh, Haryana 160101, India', '30.727847500000003', '76.84621484375', 0, '65.00', 1, '2019-01-25 05:46:14', '2019-01-25 05:46:14'),
(5, 25, 'sdfsd', 'sdfsd', 1, '1556601863.png', '1600 Amphitheatre Pkwy, Mountain View, CA 94043, USA', '37.42199750000001', '-122.08399609374999', 0, '35.00', 1, '2019-04-29 23:54:23', '2019-04-29 23:54:23'),
(6, 110, 'freehugs', 'Get a big fat hug', 2, '1558459306.png', 'N7, Syrien', '34.63620249999999', '38.60191796875001', 1, '75.00', 1, '2019-05-21 11:51:46', '2019-05-21 11:51:46');

-- --------------------------------------------------------

--
-- Table structure for table `NotUsed@user_attempt_questions`
--

CREATE TABLE `NotUsed@user_attempt_questions` (
  `id` int(11) NOT NULL,
  `user_id` int(11) NOT NULL,
  `question_id` int(11) NOT NULL,
  `created_at` datetime NOT NULL DEFAULT CURRENT_TIMESTAMP,
  `updated_at` datetime NOT NULL DEFAULT CURRENT_TIMESTAMP ON UPDATE CURRENT_TIMESTAMP
) ENGINE=InnoDB DEFAULT CHARSET=latin1;

--
-- Dumping data for table `NotUsed@user_attempt_questions`
--

INSERT INTO `NotUsed@user_attempt_questions` (`id`, `user_id`, `question_id`, `created_at`, `updated_at`) VALUES
(1, 42, 1, '2019-05-08 11:26:50', '2019-05-08 11:26:50'),
(2, 42, 2, '2019-05-08 11:31:38', '2019-05-08 11:31:38'),
(3, 42, 3, '2019-05-08 11:42:55', '2019-05-08 11:42:55'),
(4, 42, 4, '2019-05-08 11:43:15', '2019-05-08 11:43:15'),
(5, 42, 5, '2019-05-08 11:43:42', '2019-05-08 11:43:42'),
(6, 42, 6, '2019-05-08 11:46:17', '2019-05-08 11:46:17'),
(7, 42, 7, '2019-05-08 11:46:22', '2019-05-08 11:46:22'),
(8, 42, 8, '2019-05-08 11:52:30', '2019-05-08 11:52:30'),
(9, 42, 9, '2019-05-08 11:52:34', '2019-05-08 11:52:34'),
(10, 42, 10, '2019-05-08 11:52:36', '2019-05-08 11:52:36'),
(11, 42, 11, '2019-05-08 11:52:37', '2019-05-08 11:52:37'),
(12, 42, 13, '2019-05-08 11:52:44', '2019-05-08 11:52:44'),
(13, 42, 14, '2019-05-08 11:52:47', '2019-05-08 11:52:47'),
(14, 42, 15, '2019-05-08 11:52:59', '2019-05-08 11:52:59'),
(15, 42, 16, '2019-05-08 11:53:02', '2019-05-08 11:53:02'),
(16, 42, 17, '2019-05-08 11:53:04', '2019-05-08 11:53:04'),
(17, 42, 18, '2019-05-08 11:53:07', '2019-05-08 11:53:07'),
(18, 44, 1, '2019-05-09 12:23:24', '2019-05-09 12:23:24'),
(19, 58, 1, '2019-05-10 11:40:05', '2019-05-10 11:40:05'),
(20, 58, 3, '2019-05-10 11:40:12', '2019-05-10 11:40:12'),
(21, 58, 4, '2019-05-10 11:40:14', '2019-05-10 11:40:14'),
(22, 58, 5, '2019-05-10 11:40:19', '2019-05-10 11:40:19'),
(23, 58, 6, '2019-05-10 11:40:24', '2019-05-10 11:40:24'),
(24, 58, 7, '2019-05-10 11:40:35', '2019-05-10 11:40:35'),
(25, 73, 1, '2019-05-10 13:36:24', '2019-05-10 13:36:24'),
(26, 73, 3, '2019-05-10 13:36:26', '2019-05-10 13:36:26'),
(27, 73, 4, '2019-05-10 13:36:28', '2019-05-10 13:36:28'),
(28, 73, 5, '2019-05-10 13:36:34', '2019-05-10 13:36:34'),
(29, 73, 6, '2019-05-10 13:36:37', '2019-05-10 13:36:37'),
(30, 73, 7, '2019-05-10 13:36:52', '2019-05-10 13:36:52'),
(31, 73, 8, '2019-05-10 13:36:56', '2019-05-10 13:36:56'),
(32, 73, 9, '2019-05-10 13:37:02', '2019-05-10 13:37:02'),
(33, 73, 10, '2019-05-10 13:37:05', '2019-05-10 13:37:05'),
(34, 73, 11, '2019-05-10 13:37:11', '2019-05-10 13:37:11'),
(35, 73, 13, '2019-05-10 13:37:18', '2019-05-10 13:37:18'),
(36, 73, 14, '2019-05-10 13:37:22', '2019-05-10 13:37:22'),
(37, 73, 15, '2019-05-10 13:37:30', '2019-05-10 13:37:30'),
(38, 73, 16, '2019-05-10 13:37:33', '2019-05-10 13:37:33'),
(39, 73, 17, '2019-05-10 13:37:35', '2019-05-10 13:37:35'),
(40, 73, 18, '2019-05-10 13:37:38', '2019-05-10 13:37:38'),
(41, 83, 1, '2019-05-10 14:08:12', '2019-05-10 14:08:12'),
(42, 83, 3, '2019-05-10 14:08:17', '2019-05-10 14:08:17'),
(43, 83, 4, '2019-05-10 14:08:20', '2019-05-10 14:08:20'),
(44, 83, 5, '2019-05-10 14:08:27', '2019-05-10 14:08:27'),
(45, 83, 6, '2019-05-10 14:08:30', '2019-05-10 14:08:30'),
(46, 83, 7, '2019-05-10 14:08:36', '2019-05-10 14:08:36'),
(47, 83, 8, '2019-05-10 14:08:39', '2019-05-10 14:08:39'),
(48, 83, 9, '2019-05-10 14:08:42', '2019-05-10 14:08:42'),
(49, 83, 10, '2019-05-10 14:08:44', '2019-05-10 14:08:44'),
(50, 83, 11, '2019-05-10 14:08:47', '2019-05-10 14:08:47'),
(51, 83, 13, '2019-05-10 14:08:51', '2019-05-10 14:08:51'),
(52, 83, 14, '2019-05-10 14:08:56', '2019-05-10 14:08:56'),
(53, 83, 15, '2019-05-10 14:09:02', '2019-05-10 14:09:02'),
(54, 83, 16, '2019-05-10 14:09:06', '2019-05-10 14:09:06'),
(55, 83, 17, '2019-05-10 14:09:08', '2019-05-10 14:09:08'),
(56, 83, 18, '2019-05-10 14:09:10', '2019-05-10 14:09:10'),
(57, 87, 1, '2019-05-13 07:48:41', '2019-05-13 07:48:41'),
(58, 87, 3, '2019-05-13 07:48:52', '2019-05-13 07:48:52'),
(59, 87, 4, '2019-05-13 07:48:59', '2019-05-13 07:48:59'),
(60, 87, 5, '2019-05-13 07:49:21', '2019-05-13 07:49:21'),
(61, 87, 6, '2019-05-13 07:49:24', '2019-05-13 07:49:24'),
(62, 87, 7, '2019-05-13 07:49:39', '2019-05-13 07:49:39'),
(63, 87, 8, '2019-05-13 07:49:42', '2019-05-13 07:49:42'),
(64, 87, 9, '2019-05-13 07:49:45', '2019-05-13 07:49:45'),
(65, 87, 10, '2019-05-13 07:49:46', '2019-05-13 07:49:46'),
(66, 87, 11, '2019-05-13 07:49:49', '2019-05-13 07:49:49'),
(67, 87, 13, '2019-05-13 07:49:53', '2019-05-13 07:49:53'),
(68, 87, 14, '2019-05-13 07:49:55', '2019-05-13 07:49:55'),
(69, 87, 15, '2019-05-13 07:50:01', '2019-05-13 07:50:01'),
(70, 87, 16, '2019-05-13 07:50:04', '2019-05-13 07:50:04'),
(71, 87, 17, '2019-05-13 07:50:06', '2019-05-13 07:50:06'),
(72, 87, 18, '2019-05-13 07:50:08', '2019-05-13 07:50:08'),
(73, 89, 1, '2019-05-13 07:54:36', '2019-05-13 07:54:36'),
(74, 89, 2, '2019-05-13 07:54:39', '2019-05-13 07:54:39'),
(75, 89, 3, '2019-05-13 07:54:43', '2019-05-13 07:54:43'),
(76, 89, 4, '2019-05-13 07:54:45', '2019-05-13 07:54:45'),
(77, 89, 5, '2019-05-13 07:54:49', '2019-05-13 07:54:49'),
(78, 89, 6, '2019-05-13 09:21:27', '2019-05-13 09:21:27'),
(79, 89, 7, '2019-05-13 09:22:06', '2019-05-13 09:22:06'),
(80, 89, 8, '2019-05-13 09:22:15', '2019-05-13 09:22:15'),
(81, 89, 9, '2019-05-13 09:22:22', '2019-05-13 09:22:22'),
(82, 92, 1, '2019-05-14 09:47:16', '2019-05-14 09:47:16'),
(83, 92, 2, '2019-05-14 09:47:18', '2019-05-14 09:47:18'),
(84, 92, 3, '2019-05-14 09:47:20', '2019-05-14 09:47:20'),
(85, 92, 4, '2019-05-14 09:47:23', '2019-05-14 09:47:23'),
(86, 92, 5, '2019-05-14 09:47:24', '2019-05-14 09:47:24'),
(87, 92, 6, '2019-05-14 09:47:26', '2019-05-14 09:47:26'),
(88, 92, 7, '2019-05-14 09:47:29', '2019-05-14 09:47:29'),
(89, 92, 8, '2019-05-14 09:47:31', '2019-05-14 09:47:31'),
(90, 92, 9, '2019-05-14 09:47:33', '2019-05-14 09:47:33'),
(91, 92, 10, '2019-05-14 09:47:34', '2019-05-14 09:47:34'),
(92, 92, 11, '2019-05-14 09:47:41', '2019-05-14 09:47:41'),
(93, 92, 13, '2019-05-14 09:47:44', '2019-05-14 09:47:44'),
(94, 92, 14, '2019-05-14 09:47:46', '2019-05-14 09:47:46'),
(95, 92, 15, '2019-05-14 09:47:48', '2019-05-14 09:47:48'),
(96, 92, 16, '2019-05-14 09:47:50', '2019-05-14 09:47:50'),
(97, 92, 17, '2019-05-14 09:47:52', '2019-05-14 09:47:52'),
(98, 92, 18, '2019-05-14 09:47:53', '2019-05-14 09:47:53');

-- --------------------------------------------------------

--
-- Table structure for table `NotUsed@user_attempt_ques_answers`
--

CREATE TABLE `NotUsed@user_attempt_ques_answers` (
  `id` int(11) NOT NULL,
  `user_attempt_ques_id` int(11) NOT NULL,
  `answer_id` int(11) NOT NULL,
  `created_at` datetime NOT NULL,
  `updated_at` datetime NOT NULL DEFAULT CURRENT_TIMESTAMP ON UPDATE CURRENT_TIMESTAMP
) ENGINE=InnoDB DEFAULT CHARSET=latin1;

--
-- Dumping data for table `NotUsed@user_attempt_ques_answers`
--

INSERT INTO `NotUsed@user_attempt_ques_answers` (`id`, `user_attempt_ques_id`, `answer_id`, `created_at`, `updated_at`) VALUES
(1, 1, 2, '2019-05-08 11:26:50', '2019-05-08 11:26:50'),
(2, 2, 6, '2019-05-08 11:31:38', '2019-05-08 11:31:38'),
(3, 3, 12, '2019-05-08 11:42:56', '2019-05-08 11:42:56'),
(4, 4, 13, '2019-05-08 11:43:15', '2019-05-08 11:43:15'),
(5, 5, 13, '2019-05-08 11:43:42', '2019-05-08 11:43:42'),
(6, 5, 19, '2019-05-08 11:43:42', '2019-05-08 11:43:42'),
(7, 6, 22, '2019-05-08 11:46:17', '2019-05-08 11:46:17'),
(8, 6, 26, '2019-05-08 11:46:17', '2019-05-08 11:46:17'),
(9, 7, 32, '2019-05-08 11:46:22', '2019-05-08 11:46:22'),
(10, 7, 33, '2019-05-08 11:46:22', '2019-05-08 11:46:22'),
(11, 7, 34, '2019-05-08 11:46:22', '2019-05-08 11:46:22'),
(12, 8, 39, '2019-05-08 11:52:30', '2019-05-08 11:52:30'),
(13, 8, 40, '2019-05-08 11:52:30', '2019-05-08 11:52:30'),
(14, 9, 45, '2019-05-08 11:52:34', '2019-05-08 11:52:34'),
(15, 10, 53, '2019-05-08 11:52:36', '2019-05-08 11:52:36'),
(16, 11, 56, '2019-05-08 11:52:37', '2019-05-08 11:52:37'),
(17, 12, 66, '2019-05-08 11:52:44', '2019-05-08 11:52:44'),
(18, 12, 67, '2019-05-08 11:52:44', '2019-05-08 11:52:44'),
(19, 12, 68, '2019-05-08 11:52:44', '2019-05-08 11:52:44'),
(20, 13, 75, '2019-05-08 11:52:47', '2019-05-08 11:52:47'),
(21, 14, 81, '2019-05-08 11:52:59', '2019-05-08 11:52:59'),
(22, 14, 79, '2019-05-08 11:52:59', '2019-05-08 11:52:59'),
(23, 14, 83, '2019-05-08 11:52:59', '2019-05-08 11:52:59'),
(24, 15, 89, '2019-05-08 11:53:02', '2019-05-08 11:53:02'),
(25, 16, 91, '2019-05-08 11:53:04', '2019-05-08 11:53:04'),
(26, 17, 94, '2019-05-08 11:53:07', '2019-05-08 11:53:07'),
(27, 18, 1, '2019-05-09 12:23:24', '2019-05-09 12:23:24'),
(28, 19, 1, '2019-05-10 11:40:05', '2019-05-10 11:40:05'),
(29, 20, 10, '2019-05-10 11:40:12', '2019-05-10 11:40:12'),
(30, 21, 16, '2019-05-10 11:40:14', '2019-05-10 11:40:14'),
(31, 22, 19, '2019-05-10 11:40:19', '2019-05-10 11:40:19'),
(32, 22, 20, '2019-05-10 11:40:19', '2019-05-10 11:40:19'),
(33, 23, 26, '2019-05-10 11:40:24', '2019-05-10 11:40:24'),
(34, 23, 25, '2019-05-10 11:40:24', '2019-05-10 11:40:24'),
(35, 24, 33, '2019-05-10 11:40:35', '2019-05-10 11:40:35'),
(36, 24, 34, '2019-05-10 11:40:35', '2019-05-10 11:40:35'),
(37, 24, 36, '2019-05-10 11:40:35', '2019-05-10 11:40:35'),
(38, 25, 1, '2019-05-10 13:36:24', '2019-05-10 13:36:24'),
(39, 26, 10, '2019-05-10 13:36:26', '2019-05-10 13:36:26'),
(40, 27, 14, '2019-05-10 13:36:28', '2019-05-10 13:36:28'),
(41, 28, 18, '2019-05-10 13:36:34', '2019-05-10 13:36:34'),
(42, 28, 17, '2019-05-10 13:36:34', '2019-05-10 13:36:34'),
(43, 29, 22, '2019-05-10 13:36:37', '2019-05-10 13:36:37'),
(44, 29, 24, '2019-05-10 13:36:37', '2019-05-10 13:36:37'),
(45, 30, 31, '2019-05-10 13:36:52', '2019-05-10 13:36:52'),
(46, 30, 33, '2019-05-10 13:36:52', '2019-05-10 13:36:52'),
(47, 30, 34, '2019-05-10 13:36:52', '2019-05-10 13:36:52'),
(48, 31, 39, '2019-05-10 13:36:56', '2019-05-10 13:36:56'),
(49, 31, 40, '2019-05-10 13:36:56', '2019-05-10 13:36:56'),
(50, 32, 45, '2019-05-10 13:37:02', '2019-05-10 13:37:02'),
(51, 33, 53, '2019-05-10 13:37:05', '2019-05-10 13:37:05'),
(52, 34, 55, '2019-05-10 13:37:11', '2019-05-10 13:37:11'),
(53, 35, 65, '2019-05-10 13:37:19', '2019-05-10 13:37:19'),
(54, 35, 67, '2019-05-10 13:37:19', '2019-05-10 13:37:19'),
(55, 35, 69, '2019-05-10 13:37:19', '2019-05-10 13:37:19'),
(56, 36, 76, '2019-05-10 13:37:22', '2019-05-10 13:37:22'),
(57, 37, 81, '2019-05-10 13:37:30', '2019-05-10 13:37:30'),
(58, 37, 79, '2019-05-10 13:37:30', '2019-05-10 13:37:30'),
(59, 37, 85, '2019-05-10 13:37:30', '2019-05-10 13:37:30'),
(60, 38, 88, '2019-05-10 13:37:33', '2019-05-10 13:37:33'),
(61, 39, 91, '2019-05-10 13:37:35', '2019-05-10 13:37:35'),
(62, 40, 94, '2019-05-10 13:37:38', '2019-05-10 13:37:38'),
(63, 41, 2, '2019-05-10 14:08:12', '2019-05-10 14:08:12'),
(64, 42, 11, '2019-05-10 14:08:17', '2019-05-10 14:08:17'),
(65, 43, 15, '2019-05-10 14:08:20', '2019-05-10 14:08:20'),
(66, 44, 17, '2019-05-10 14:08:27', '2019-05-10 14:08:27'),
(67, 44, 18, '2019-05-10 14:08:27', '2019-05-10 14:08:27'),
(68, 45, 25, '2019-05-10 14:08:30', '2019-05-10 14:08:30'),
(69, 45, 22, '2019-05-10 14:08:30', '2019-05-10 14:08:30'),
(70, 46, 34, '2019-05-10 14:08:36', '2019-05-10 14:08:36'),
(71, 46, 33, '2019-05-10 14:08:36', '2019-05-10 14:08:36'),
(72, 46, 30, '2019-05-10 14:08:36', '2019-05-10 14:08:36'),
(73, 47, 39, '2019-05-10 14:08:39', '2019-05-10 14:08:39'),
(74, 47, 40, '2019-05-10 14:08:39', '2019-05-10 14:08:39'),
(75, 48, 44, '2019-05-10 14:08:42', '2019-05-10 14:08:42'),
(76, 49, 53, '2019-05-10 14:08:44', '2019-05-10 14:08:44'),
(77, 50, 55, '2019-05-10 14:08:47', '2019-05-10 14:08:47'),
(78, 51, 65, '2019-05-10 14:08:51', '2019-05-10 14:08:51'),
(79, 51, 68, '2019-05-10 14:08:51', '2019-05-10 14:08:51'),
(80, 51, 69, '2019-05-10 14:08:51', '2019-05-10 14:08:51'),
(81, 52, 77, '2019-05-10 14:08:56', '2019-05-10 14:08:56'),
(82, 53, 79, '2019-05-10 14:09:02', '2019-05-10 14:09:02'),
(83, 53, 81, '2019-05-10 14:09:02', '2019-05-10 14:09:02'),
(84, 53, 85, '2019-05-10 14:09:02', '2019-05-10 14:09:02'),
(85, 54, 88, '2019-05-10 14:09:06', '2019-05-10 14:09:06'),
(86, 55, 91, '2019-05-10 14:09:08', '2019-05-10 14:09:08'),
(87, 56, 94, '2019-05-10 14:09:10', '2019-05-10 14:09:10'),
(88, 57, 1, '2019-05-13 07:48:42', '2019-05-13 07:48:42'),
(89, 58, 10, '2019-05-13 07:48:52', '2019-05-13 07:48:52'),
(90, 59, 13, '2019-05-13 07:48:59', '2019-05-13 07:48:59'),
(91, 60, 18, '2019-05-13 07:49:21', '2019-05-13 07:49:21'),
(92, 60, 19, '2019-05-13 07:49:21', '2019-05-13 07:49:21'),
(93, 61, 22, '2019-05-13 07:49:24', '2019-05-13 07:49:24'),
(94, 61, 23, '2019-05-13 07:49:24', '2019-05-13 07:49:24'),
(95, 62, 30, '2019-05-13 07:49:39', '2019-05-13 07:49:39'),
(96, 62, 31, '2019-05-13 07:49:39', '2019-05-13 07:49:39'),
(97, 62, 32, '2019-05-13 07:49:39', '2019-05-13 07:49:39'),
(98, 63, 38, '2019-05-13 07:49:42', '2019-05-13 07:49:42'),
(99, 63, 39, '2019-05-13 07:49:42', '2019-05-13 07:49:42'),
(100, 64, 48, '2019-05-13 07:49:45', '2019-05-13 07:49:45'),
(101, 65, 52, '2019-05-13 07:49:46', '2019-05-13 07:49:46'),
(102, 66, 56, '2019-05-13 07:49:49', '2019-05-13 07:49:49'),
(103, 67, 65, '2019-05-13 07:49:53', '2019-05-13 07:49:53'),
(104, 67, 66, '2019-05-13 07:49:53', '2019-05-13 07:49:53'),
(105, 67, 67, '2019-05-13 07:49:53', '2019-05-13 07:49:53'),
(106, 68, 77, '2019-05-13 07:49:55', '2019-05-13 07:49:55'),
(107, 69, 81, '2019-05-13 07:50:01', '2019-05-13 07:50:01'),
(108, 69, 82, '2019-05-13 07:50:01', '2019-05-13 07:50:01'),
(109, 69, 80, '2019-05-13 07:50:01', '2019-05-13 07:50:01'),
(110, 70, 87, '2019-05-13 07:50:04', '2019-05-13 07:50:04'),
(111, 71, 91, '2019-05-13 07:50:06', '2019-05-13 07:50:06'),
(112, 72, 93, '2019-05-13 07:50:08', '2019-05-13 07:50:08'),
(113, 73, 1, '2019-05-13 07:54:36', '2019-05-13 07:54:36'),
(114, 74, 4, '2019-05-13 07:54:39', '2019-05-13 07:54:39'),
(115, 75, 9, '2019-05-13 07:54:43', '2019-05-13 07:54:43'),
(116, 76, 13, '2019-05-13 07:54:46', '2019-05-13 07:54:46'),
(117, 77, 17, '2019-05-13 07:54:49', '2019-05-13 07:54:49'),
(118, 78, 22, '2019-05-13 09:21:27', '2019-05-13 09:21:27'),
(119, 78, 23, '2019-05-13 09:21:27', '2019-05-13 09:21:27'),
(120, 79, 31, '2019-05-13 09:22:06', '2019-05-13 09:22:06'),
(121, 79, 33, '2019-05-13 09:22:06', '2019-05-13 09:22:06'),
(122, 79, 34, '2019-05-13 09:22:06', '2019-05-13 09:22:06'),
(123, 80, 39, '2019-05-13 09:22:15', '2019-05-13 09:22:15'),
(124, 80, 40, '2019-05-13 09:22:15', '2019-05-13 09:22:15'),
(125, 81, 45, '2019-05-13 09:22:22', '2019-05-13 09:22:22'),
(126, 82, 1, '2019-05-14 09:47:16', '2019-05-14 09:47:16'),
(127, 83, 4, '2019-05-14 09:47:18', '2019-05-14 09:47:18'),
(128, 84, 10, '2019-05-14 09:47:20', '2019-05-14 09:47:20'),
(129, 85, 13, '2019-05-14 09:47:23', '2019-05-14 09:47:23'),
(130, 86, 18, '2019-05-14 09:47:25', '2019-05-14 09:47:25'),
(131, 87, 24, '2019-05-14 09:47:26', '2019-05-14 09:47:26'),
(132, 88, 33, '2019-05-14 09:47:29', '2019-05-14 09:47:29'),
(133, 89, 41, '2019-05-14 09:47:31', '2019-05-14 09:47:31'),
(134, 90, 44, '2019-05-14 09:47:33', '2019-05-14 09:47:33'),
(135, 91, 53, '2019-05-14 09:47:34', '2019-05-14 09:47:34'),
(136, 92, 56, '2019-05-14 09:47:41', '2019-05-14 09:47:41'),
(137, 93, 67, '2019-05-14 09:47:44', '2019-05-14 09:47:44'),
(138, 94, 76, '2019-05-14 09:47:46', '2019-05-14 09:47:46'),
(139, 95, 79, '2019-05-14 09:47:48', '2019-05-14 09:47:48'),
(140, 95, 80, '2019-05-14 09:47:48', '2019-05-14 09:47:48'),
(141, 95, 81, '2019-05-14 09:47:49', '2019-05-14 09:47:49'),
(142, 96, 87, '2019-05-14 09:47:50', '2019-05-14 09:47:50'),
(143, 97, 90, '2019-05-14 09:47:52', '2019-05-14 09:47:52'),
(144, 98, 95, '2019-05-14 09:47:53', '2019-05-14 09:47:53');

-- --------------------------------------------------------

--
-- Table structure for table `NotUsed@user_requests`
--

CREATE TABLE `NotUsed@user_requests` (
  `id` int(10) UNSIGNED NOT NULL,
  `sender_id` int(10) UNSIGNED NOT NULL,
  `receiver_id` int(10) UNSIGNED NOT NULL,
  `is_sender_user_like` tinyint(4) NOT NULL DEFAULT '1' COMMENT '1 => like, -1=> rejected/dislike',
  `is_receiver_accepted` tinyint(4) NOT NULL DEFAULT '0' COMMENT '1=> accepted, 0=> pending, -1=> not-accepted',
  `created_at` timestamp NULL DEFAULT NULL,
  `updated_at` timestamp NULL DEFAULT NULL
) ENGINE=InnoDB DEFAULT CHARSET=utf8mb4 COLLATE=utf8mb4_unicode_ci;

--
-- Dumping data for table `NotUsed@user_requests`
--

INSERT INTO `NotUsed@user_requests` (`id`, `sender_id`, `receiver_id`, `is_sender_user_like`, `is_receiver_accepted`, `created_at`, `updated_at`) VALUES
(2, 3, 6, 1, 0, '2019-01-24 04:24:56', '2019-01-24 04:24:56'),
(3, 3, 5, -1, 0, '2019-01-24 04:24:59', '2019-01-24 04:24:59'),
(4, 3, 4, 1, 0, '2019-01-24 04:25:02', '2019-01-24 04:25:02'),
(6, 6, 5, 1, 0, '2019-01-24 04:31:21', '2019-01-24 04:31:21'),
(7, 6, 4, 1, 0, '2019-01-24 04:31:22', '2019-01-24 04:31:22'),
(8, 13, 5, -1, 0, '2019-01-25 06:34:37', '2019-01-25 06:34:37'),
(9, 13, 5, 1, 0, '2019-01-25 06:34:39', '2019-01-25 06:34:39'),
(10, 13, 5, 1, 0, '2019-01-25 06:46:38', '2019-01-25 06:46:38'),
(11, 13, 5, 1, 0, '2019-01-25 07:18:21', '2019-01-25 07:18:21'),
(12, 3, 13, -1, 0, '2019-01-28 00:28:20', '2019-01-28 01:15:52'),
(13, 3, 13, -1, 0, '2019-01-28 01:15:05', '2019-01-28 01:25:58'),
(14, 3, 13, -1, 0, '2019-01-28 01:15:27', '2019-01-28 01:28:14'),
(15, 3, 13, 1, 0, '2019-01-28 01:15:54', '2019-01-28 01:15:54'),
(16, 3, 13, 1, 0, '2019-01-28 01:20:18', '2019-01-28 01:20:18'),
(17, 3, 13, 1, 0, '2019-01-28 01:20:40', '2019-01-28 01:20:40'),
(18, 3, 13, 1, 0, '2019-01-28 01:24:03', '2019-01-28 01:24:03'),
(19, 3, 13, 1, 0, '2019-01-28 01:25:42', '2019-01-28 01:25:42'),
(20, 3, 13, 1, 0, '2019-01-28 01:25:54', '2019-01-28 01:25:54'),
(21, 3, 13, 1, 0, '2019-01-28 01:25:59', '2019-01-28 01:25:59'),
(22, 3, 13, 1, 0, '2019-01-28 01:28:12', '2019-01-28 01:28:12'),
(23, 3, 13, 1, 0, '2019-01-28 01:28:15', '2019-01-28 01:28:15'),
(24, 6, 13, 1, 0, '2019-01-29 01:19:06', '2019-01-29 01:19:06'),
(25, 6, 12, -1, 0, '2019-01-29 01:19:08', '2019-01-29 01:19:08'),
(26, 6, 8, 1, 0, '2019-01-29 01:19:08', '2019-01-29 01:19:08');

-- --------------------------------------------------------

--
-- Table structure for table `oauth_access_tokens`
--

CREATE TABLE `oauth_access_tokens` (
  `id` varchar(100) COLLATE utf8mb4_unicode_ci NOT NULL,
  `user_id` int(11) DEFAULT NULL,
  `client_id` int(10) UNSIGNED NOT NULL,
  `name` varchar(191) COLLATE utf8mb4_unicode_ci DEFAULT NULL,
  `scopes` text COLLATE utf8mb4_unicode_ci,
  `revoked` tinyint(1) NOT NULL,
  `created_at` timestamp NULL DEFAULT NULL,
  `updated_at` timestamp NULL DEFAULT NULL,
  `expires_at` datetime DEFAULT NULL
) ENGINE=InnoDB DEFAULT CHARSET=utf8mb4 COLLATE=utf8mb4_unicode_ci;

--
-- Dumping data for table `oauth_access_tokens`
--

INSERT INTO `oauth_access_tokens` (`id`, `user_id`, `client_id`, `name`, `scopes`, `revoked`, `created_at`, `updated_at`, `expires_at`) VALUES
('0003550d3767ae0a4e621ca78e3b42ca555c221b04fbb09c4caad0a6a36b207fd71d79fd38ec6e86', 55, 1, 'user', '[]', 0, '2019-05-15 05:21:27', '2019-05-15 05:21:27', '2020-05-15 10:51:27'),
('0018f9d016c845e1fc28f69f27fcdf76777ced16829c00696895c3724995449a9064b3f3ae3c13b9', 82, 1, 'user', '[]', 0, '2019-05-10 08:35:09', '2019-05-10 08:35:09', '2020-05-10 14:05:09'),
('002f1365d80fcd30a88b8ea5e4ab8076a0e5df32dd88998c34fadca70cab48677b40367396c4c5c5', 42, 1, 'user', '[]', 0, '2019-06-07 00:39:58', '2019-06-07 00:39:58', '2020-06-07 06:09:58'),
('003dccc63dcdfc6c9c828835e0a6f17428c87b93cabf2151460985c6db7136128dcae0e6402df29d', 102, 1, 'user', '[]', 0, '2019-05-20 01:21:16', '2019-05-20 01:21:16', '2020-05-20 06:51:16'),
('007f42be556b70fb036891edf528f1433d604bc64ff204216c39b565392e803f8721e97b7f969857', 42, 1, 'user', '[]', 0, '2019-06-06 02:21:59', '2019-06-06 02:21:59', '2020-06-06 07:51:59'),
('00cea182f77ffead277df5a91f62e2a246a625286d5c996e70d0b86fd92e5d212d8856cdd7e0961f', 84, 1, 'user', '[]', 0, '2019-05-16 02:33:21', '2019-05-16 02:33:21', '2020-05-16 08:03:21'),
('00ecd5b52f22c8854ba16f36c2c4e6f7025168d377860e2fe2f1988df242cdd64a7172144f9839ae', 42, 1, 'user', '[]', 0, '2019-06-06 07:23:43', '2019-06-06 07:23:43', '2020-06-06 12:53:43'),
('010209f2a280590b0d67dbbed8ab11a0281ee6b9a68bad246b174be379191d1fc6c1de02f6d37246', 3, 1, 'user', '[]', 1, '2019-01-24 04:24:31', '2019-01-24 04:24:31', '2020-01-24 09:54:31'),
('0131b2cce91ecdd9d4a7d23f637c32d060b869ce7e31835cc171ccca4e8f177ec44d428e1f3f48c6', 42, 1, 'user', '[]', 0, '2019-05-03 02:31:03', '2019-05-03 02:31:03', '2020-05-03 08:01:03'),
('01686747eb64a2b0c9385480d2a97d1709ed10236abaa26d00dac368a27889112b746a14b05f4b02', 42, 1, 'user', '[]', 0, '2019-06-07 00:01:59', '2019-06-07 00:01:59', '2020-06-07 05:31:59'),
('016a2f9a0e2d5d8584c154dd7ea046dc26cc908e2a6e7b9e04e211d70380cc6b6d0d3a8b19b12da7', 18, 1, 'user', '[]', 0, '2019-04-09 05:11:19', '2019-04-09 05:11:19', '2020-04-09 10:41:19'),
('019032b9d80ec52769ebec8c629c06e3584ce105cc54ae00fdfa6c4ff19007d5d5b8f91ba3be4f97', 42, 1, 'user', '[]', 1, '2019-05-29 06:03:59', '2019-05-29 06:03:59', '2020-05-29 11:33:59'),
('01b0b87b2cfa960e16447366a05252dd94ab0c55de7116af68a80b11859602919a6a06f505f33a9a', 42, 1, 'user', '[]', 0, '2019-06-11 03:45:14', '2019-06-11 03:45:14', '2020-06-11 09:15:14'),
('01fa6a96d852a813e2d301c32601fb7d9e8505d7545a1e3aa393aaec73d267837f08e0184e4b0959', 24, 1, 'user', '[]', 0, '2019-04-24 23:06:53', '2019-04-24 23:06:53', '2020-04-25 04:36:53'),
('02363c6420868190b1f83069a78661b1360f13ea5661cac77fca16f1ed902f4f8b2622b2f6a8d1fb', 55, 1, 'user', '[]', 0, '2019-05-15 04:57:58', '2019-05-15 04:57:58', '2020-05-15 10:27:58'),
('02a707bb4f842ad6c63199abac2ef4f99f2ff7ff9db78c8919764d48dba6efcf363c294107c42bb8', 42, 1, 'user', '[]', 0, '2019-06-06 05:32:08', '2019-06-06 05:32:08', '2020-06-06 11:02:08'),
('02a80a9dd23988c3174854d13f2a5cb0c094535001534ad6a3d44377f8c618d51631e250bcc89d37', 3, 1, 'user', '[]', 1, '2019-05-10 08:13:32', '2019-05-10 08:13:32', '2020-05-10 13:43:32'),
('030645d74c9ec53634290742332880d65446cc4b90be16c371067400865ec3325b75dbbe3e098614', 54, 1, 'user', '[]', 0, '2019-05-08 07:32:57', '2019-05-08 07:32:57', '2020-05-08 13:02:57'),
('03288d27cbb0f54a83bceb5ff342ec7e980095fe0a511f5c08500d152cd999b3ab0c4b0a17b535cf', 42, 1, 'user', '[]', 0, '2019-06-05 06:39:08', '2019-06-05 06:39:08', '2020-06-05 12:09:08'),
('035e5686e69e31b33807328b94bae04cf47c0c53b78fb9b01adada21a58ee215022d1abd9ea9ac84', 84, 1, 'user', '[]', 0, '2019-05-12 23:19:27', '2019-05-12 23:19:27', '2020-05-13 04:49:27'),
('03922e15cc1176f81094988fd063ed2df986060f41d439a5a8222d9eb4fab5c0342464522d68b22e', 24, 1, 'user', '[]', 0, '2019-05-01 04:00:07', '2019-05-01 04:00:07', '2020-05-01 09:30:07'),
('0398aa43feaf405ab1eb3054e9c37991a21a36d99d90853ebeb8af8310a7277089a6cbf2287eb046', 39, 1, 'user', '[]', 0, '2019-06-09 13:27:58', '2019-06-09 13:27:58', '2020-06-09 18:57:58'),
('03cf4f889d8801175a5162a6f361c36f744a487fd400b86077a11c1ea2fefeaed509240cdbb63159', 102, 1, 'user', '[]', 1, '2019-05-20 01:23:33', '2019-05-20 01:23:33', '2020-05-20 06:53:33'),
('03e0603cf7aed075a91caa88712888794fcf5c2a8c3ad05aadf5f62803e404c12a5c9f855d5aa186', 42, 1, 'user', '[]', 0, '2019-05-27 23:32:01', '2019-05-27 23:32:01', '2020-05-28 05:02:01'),
('03e1ac1ed3e1489ea7896a368d827d808392a990524514630a6fc440430f594213552c93b1a0a5d1', 42, 1, 'user', '[]', 0, '2019-05-29 04:16:53', '2019-05-29 04:16:53', '2020-05-29 09:46:53'),
('03f716bf5ce6b2c643b6b608310370ad7c6f76ac6411104f6eb39d14148980b2887d74cf9d0b6250', 42, 1, 'user', '[]', 0, '2019-05-02 07:03:22', '2019-05-02 07:03:22', '2020-05-02 12:33:22'),
('0482de5162d92386f630eb6c5363c3a41bae9bb4c735f683137275e936ecebb3f0bd99325d34aef2', 57, 1, 'user', '[]', 0, '2019-05-10 05:24:27', '2019-05-10 05:24:27', '2020-05-10 10:54:27'),
('0488c576f099b74aa8302d620f26fead08033825dccbd3029cf58b9db750f5298cea8047c339e0a8', 120, 1, 'user', '[]', 0, '2019-06-06 05:22:19', '2019-06-06 05:22:19', '2020-06-06 10:52:19'),
('04ef59c74f8ffe10de9909cf5d7dac27e3711a5dbed2efb6a3a748cc670b61a4faa9b8b75d88ae6f', 42, 1, 'user', '[]', 0, '2019-05-03 06:24:31', '2019-05-03 06:24:31', '2020-05-03 11:54:31'),
('04f096b9edc836224f7b10e27791dcaf6b92c463a3a89199ee7eb4bb6093b256f0cd11f4d0063230', 47, 1, 'user', '[]', 0, '2019-06-03 02:03:33', '2019-06-03 02:03:33', '2020-06-03 07:33:33'),
('05090abc16bd3ffbb82d9e0542c4e72a52cb4c726be7024ab47a0ade69151aaf519ea153852a9074', 42, 1, 'user', '[]', 0, '2019-06-06 05:34:39', '2019-06-06 05:34:39', '2020-06-06 11:04:39'),
('050c1ecb04ac5f52cc0b3d819365a972232dd3f4209adedbd89bd89dec14a278753ca5cf6226c928', 92, 1, 'user', '[]', 1, '2019-05-21 05:25:12', '2019-05-21 05:25:12', '2020-05-21 10:55:12'),
('05a010b08068be5fd6be8a86f534f3568dd2d9ba51ef942bd6ea94cd9556e860d7941a5850aa4aa1', 42, 1, 'user', '[]', 0, '2019-05-21 01:37:38', '2019-05-21 01:37:38', '2020-05-21 07:07:38'),
('060edc750852f75402979ee977afa825abe2f22d886d1bbc1ed15ebe6d976233b51f35c8542248a4', 55, 1, 'user', '[]', 0, '2019-05-15 04:24:23', '2019-05-15 04:24:23', '2020-05-15 09:54:23'),
('063c2f5d0748c545aa48f377864f242ac32cf4ec90294af49b89a582b815ff2e4991a7a2ea1dfe67', 98, 1, 'user', '[]', 1, '2019-05-21 02:12:13', '2019-05-21 02:12:13', '2020-05-21 07:42:13'),
('0663f9c24d04ff390d896814085f5d7f32812c18cc9be8bc1509aa98cff32829cb1c29eed45a9f2c', 84, 1, 'user', '[]', 0, '2019-06-04 23:22:57', '2019-06-04 23:22:57', '2020-06-05 04:52:57'),
('0692ef4b20da98181345c4f78e176017cc60546f310c3c2ee9961907db2d5e0b02001e13cf82579a', 3, 1, 'user', '[]', 0, '2019-04-22 05:52:32', '2019-04-22 05:52:32', '2020-04-22 11:22:32'),
('06bdfb1dd98533ae54cb328826522c172930826df5e604b746e586614f1a9adc448fc37b72eb6a61', 3, 1, 'user', '[]', 0, '2019-04-10 01:32:33', '2019-04-10 01:32:33', '2020-04-10 07:02:33'),
('06e2407e81611d6d96fe0c28550a23fbb90cf013e8422f32368990a801556d0d32dc641b44dbd44b', 42, 1, 'user', '[]', 0, '2019-05-03 04:39:57', '2019-05-03 04:39:57', '2020-05-03 10:09:57'),
('072e47fa30660a0d7dec80b66506d6ba1aee543c686a2f09335432e18f7e7646adba09e1e2d2cda3', 116, 1, 'user', '[]', 0, '2019-06-04 07:35:31', '2019-06-04 07:35:31', '2020-06-04 13:05:31'),
('07685b5db8b76de9170d556573e69116b7881ccfaca3793b10a33a5725ad0e09578ef1f816f3093e', 42, 1, 'user', '[]', 0, '2019-06-05 06:53:50', '2019-06-05 06:53:50', '2020-06-05 12:23:50'),
('08067929e099972a56e948f1f2f90ae67b72a98fa0e2897c208836b101e9725aaa2b72dc168cccfe', 113, 1, 'user', '[]', 0, '2019-05-28 01:58:42', '2019-05-28 01:58:42', '2020-05-28 07:28:42'),
('088bd933a824729c07e720ee4a204baf78d9f24d72f9253282c1612ee146a40556ea27f0ac87b1fd', 84, 1, 'user', '[]', 0, '2019-06-04 23:17:59', '2019-06-04 23:17:59', '2020-06-05 04:47:59'),
('08a1aef93e2cbc6cf987087d754309e6e4e58cfcd3a8767c0abf3f287559068d0e18aa91058c7476', 120, 1, 'user', '[]', 0, '2019-06-10 05:12:23', '2019-06-10 05:12:23', '2020-06-10 10:42:23'),
('08c186954b846799e30b4179e265a4437de4f355578a6442e32c96f73410a8019cf1a2d2584480c6', 42, 1, 'user', '[]', 1, '2019-06-03 01:35:55', '2019-06-03 01:35:55', '2020-06-03 07:05:55'),
('08e311a1ec383194842a608ac75e736b563c9568b5f5298b8703d3bfcd13a9495d026825c310a580', 42, 1, 'user', '[]', 0, '2019-06-11 03:43:15', '2019-06-11 03:43:15', '2020-06-11 09:13:15'),
('090d3166ad2b4cd2c5ac043421e587628bf6161f9d753c1e29987289badfa0593dfed66a113345f0', 42, 1, 'user', '[]', 0, '2019-05-29 01:04:11', '2019-05-29 01:04:11', '2020-05-29 06:34:11'),
('092d46325afda467e4e88cfe8b40bbf80fd3bc9ddde841ad271aac350808bf9c4e73b9bd0f8dff39', 87, 1, 'user', '[]', 0, '2019-05-13 01:32:50', '2019-05-13 01:32:50', '2020-05-13 07:02:50'),
('09587d300538eddf5a24ea2d70cf4bf4a874be00ffd03179a296a613d69f21fc18c5c95e1347de41', 82, 1, 'user', '[]', 1, '2019-05-10 08:34:32', '2019-05-10 08:34:32', '2020-05-10 14:04:32'),
('096f68b1777990a646626ab0f047110b03bd74c6eecc9a5ebe21ec537fbb18467666934833633388', 101, 1, 'user', '[]', 0, '2019-05-23 06:13:23', '2019-05-23 06:13:23', '2020-05-23 11:43:23'),
('09ccbac150952fdde68558395f26f8b83862946025eb778e09b132299b8d91a8a511cab796f007d4', 42, 1, 'user', '[]', 0, '2019-05-21 01:53:34', '2019-05-21 01:53:34', '2020-05-21 07:23:34'),
('09d970ded424ef51e25e07db95882b13d3ff7647022519dbd4ba9a22d336048236756d9bf7ff87d8', 42, 1, 'user', '[]', 0, '2019-06-06 05:30:50', '2019-06-06 05:30:50', '2020-06-06 11:00:50'),
('09e099284f4822a6ca7f9eea7dba78989eb96a65b3544f0b8351266fb5413fd29e5f10066d7bda63', 44, 1, 'user', '[]', 0, '2019-05-07 00:37:02', '2019-05-07 00:37:02', '2020-05-07 06:07:02'),
('09e60d372e5169baaa3288520757178dcea8c6ef2092d500f8ef717b8c14f051a7c9ade1ef27db31', 42, 1, 'user', '[]', 0, '2019-05-21 02:07:42', '2019-05-21 02:07:42', '2020-05-21 07:37:42'),
('09f2191d7aa8fec0e1b00d2770fb98c82dd6d5c583ef5b51dea9f36ad6cc6c295def02a702afb413', 48, 1, 'user', '[]', 0, '2019-05-07 02:11:36', '2019-05-07 02:11:36', '2020-05-07 07:41:36'),
('09f63010409ff8d93e3bc1a3e5f9672bff43e3a4e60ebce42c390dedb0c4d3839a87e165e844e7f5', 91, 1, 'user', '[]', 0, '2019-05-13 05:10:11', '2019-05-13 05:10:11', '2020-05-13 10:40:11'),
('0a4611fba855d672de4300173ffbd47d26a64d5c494887f69da4b812b65ada6889a9fa70f3a0a304', 15, 1, 'user', '[]', 0, '2019-04-09 05:00:57', '2019-04-09 05:00:57', '2020-04-09 10:30:57'),
('0a5a3f5f272830b1d10073c746f93b2b1ee2d1c74f449ef8aa37d57a45c3bdfede2383200cbef273', 1, 1, 'user', '[]', 0, '2019-05-10 08:34:30', '2019-05-10 08:34:30', '2020-05-10 14:04:30'),
('0a625e88b5da38753d1a9056fb6d9fda1c2e1daff52240f1811f647597d4fbd5186ae3aa8522df6e', 105, 1, 'user', '[]', 0, '2019-05-20 01:43:17', '2019-05-20 01:43:17', '2020-05-20 07:13:17'),
('0a9e8b1a981d61115a2e40a9da60c64858f5ff8c00b3a7b410a3090f5755a36951cf3cbed87c22fb', 42, 1, 'user', '[]', 0, '2019-05-03 02:10:50', '2019-05-03 02:10:50', '2020-05-03 07:40:50'),
('0aa634d55800357f2d419ed93fa87c2827315717514b3b979ae88afb02daefe351373c2002a5f74f', 3, 1, 'user', '[]', 0, '2019-04-19 04:46:09', '2019-04-19 04:46:09', '2020-04-19 10:16:09'),
('0ac9dff86c28b33cc61513f713485121950f72ee153616df42976d0f503b6f39d86aeb62e891b4e1', 42, 1, 'user', '[]', 1, '2019-05-20 23:09:08', '2019-05-20 23:09:08', '2020-05-21 04:39:08'),
('0acd81c283b37d25e8469e9d95bad27401b1760d5f00137bfe902dad36101fa1262a9e91cfa2f7d6', 42, 1, 'user', '[]', 0, '2019-05-24 06:12:36', '2019-05-24 06:12:36', '2020-05-24 11:42:36'),
('0afefe0bb34761de39e85adb39397a1d0ee93b106c42637fbe4c3c1a99775c6cc94031caec869085', 43, 1, 'user', '[]', 0, '2019-05-02 05:36:52', '2019-05-02 05:36:52', '2020-05-02 11:06:52'),
('0aff1cd85f56d6fa7c741b7ed32acf4c70924fad01421c91aadcf5ba10500199dd4135f6223e985b', 52, 1, 'user', '[]', 0, '2019-05-08 02:31:06', '2019-05-08 02:31:06', '2020-05-08 08:01:06'),
('0b2ac6251bd42fdee9c7d22dff1175ca1092ada9b4581e1e3fa037f3dd5c839c106172cd0d7a30df', 42, 1, 'user', '[]', 0, '2019-06-11 04:25:39', '2019-06-11 04:25:39', '2020-06-11 09:55:39'),
('0b58567ba45bf839f5b4374a86cbe8c9f3d4130515925d90f3d38b5da1807e528cd6f47f5ec2f4df', 55, 1, 'user', '[]', 1, '2019-05-16 22:54:44', '2019-05-16 22:54:44', '2020-05-17 04:24:44'),
('0b5e48abdc73e177adca1e32b3b12c21e052c3abbfec4885e71d7bc56f28efa01965b3c3a680424e', 42, 1, 'user', '[]', 0, '2019-05-21 00:03:15', '2019-05-21 00:03:15', '2020-05-21 05:33:15'),
('0ba3e9de511026a0dc978d8bdee5d783e611a528d80c5a3851058aaf56c27bcbf4cd61a1fc84169a', 42, 1, 'user', '[]', 1, '2019-05-06 03:54:25', '2019-05-06 03:54:25', '2020-05-06 09:24:25'),
('0ba7041be8099fe2887ba88649dfcbf9ebbed86b304d85f670b7a70aec82fca5c474a63b02d248f7', 101, 1, 'user', '[]', 0, '2019-05-23 06:07:42', '2019-05-23 06:07:42', '2020-05-23 11:37:42'),
('0bb0b274cd0a9febbacdcf100901b418ee3d35482c4f6b9455c70da4044e503dd3c9d57a369d2e54', 116, 1, 'user', '[]', 0, '2019-06-05 00:25:37', '2019-06-05 00:25:37', '2020-06-05 05:55:37'),
('0bbf21c4ff06f8037e22fd9df3e601a3dbe52bfe69429e4d90fa1d87daa1366c1e5a1338473ff468', 42, 1, 'user', '[]', 0, '2019-05-02 05:50:49', '2019-05-02 05:50:49', '2020-05-02 11:20:49'),
('0bc072ebfa7c150becfe5a20279a7c05f0bd2b7abcf806eb0752f37321a15bd848f6ee33a8e7d9a0', 3, 1, 'user', '[]', 0, '2019-04-30 00:57:41', '2019-04-30 00:57:41', '2020-04-30 06:27:41'),
('0bf0512c0c3953673fa3a9a4881bb3276876ed0a8e1d93754491c84cec034d6061e02010603caf5e', 24, 1, 'user', '[]', 0, '2019-04-26 07:50:06', '2019-04-26 07:50:06', '2020-04-26 13:20:06'),
('0c4f576f433ac74498730e70d059d827d142f175fd0b50aee1071f1a723918416e95ace45ea1def6', 84, 1, 'user', '[]', 0, '2019-05-16 02:19:59', '2019-05-16 02:19:59', '2020-05-16 07:49:59'),
('0ca78fa2020902701ab28a41a7d12060c45476dae50476c1adee94f5377502b1d10c608b90b1c612', 120, 1, 'user', '[]', 1, '2019-06-05 05:13:09', '2019-06-05 05:13:09', '2020-06-05 10:43:09'),
('0caa803006023e41c131796e75eed54758f5e808a1c4b56f6a68cbfd94ca9343ae4a86768d859c93', 42, 1, 'user', '[]', 0, '2019-05-20 23:34:59', '2019-05-20 23:34:59', '2020-05-21 05:04:59'),
('0cbbd8f3043e33ddb01180cf691b0a51b87ded22110797b1eef039198bf22b88f9afe8bb965f74b5', 121, 1, 'user', '[]', 0, '2019-06-05 06:26:08', '2019-06-05 06:26:08', '2020-06-05 11:56:08'),
('0d4b76faa453da1695a2e9c57edaddb18a4c69136b5d797f1c22264c82e61cadf8c9d4a3103e43bf', 42, 1, 'user', '[]', 0, '2019-06-11 04:13:47', '2019-06-11 04:13:47', '2020-06-11 09:43:47'),
('0dc5d8207fbfd451d2e7d354f9cc2f37c1657c5389efa16b3d4c30ba7078e65ac504834721378073', 116, 1, 'user', '[]', 0, '2019-06-04 08:32:29', '2019-06-04 08:32:29', '2020-06-04 14:02:29'),
('0dd01c4b4501a4a8bcffcf623661ab913a391cfda4e520ce9a3c0fe991ed52670408fd22b7d5be28', 44, 1, 'user', '[]', 1, '2019-05-10 07:30:53', '2019-05-10 07:30:53', '2020-05-10 13:00:53'),
('0e231c21658e046761c63990278741c7e3ad10fc5f5d9ce611d5e1056b1c90b060a258d3c026f918', 2, 1, 'user', '[]', 0, '2019-01-22 04:48:41', '2019-01-22 04:48:41', '2020-01-22 10:18:41'),
('0e5659963569e1867ee45b9316c237586afaa7c86bb25c29205e12760097aa295e222ddc75f67075', 42, 1, 'user', '[]', 0, '2019-05-29 04:45:16', '2019-05-29 04:45:16', '2020-05-29 10:15:16'),
('0e9f67149b433e3c09037d23a73e2c5e4c87ad67808c0e358c2821897674ca24596e473533c7f454', 42, 1, 'user', '[]', 0, '2019-06-06 06:03:54', '2019-06-06 06:03:54', '2020-06-06 11:33:54'),
('0f02e73ddfa5275b38e07241436222d8167bf296b261962508f26d659404b04346b68e30ce28b522', 5, 1, 'user', '[]', 0, '2019-01-22 05:17:47', '2019-01-22 05:17:47', '2020-01-22 10:47:47'),
('0f31362c61e36574d319d92028f1f7f4adfe3473b4e667ec60988c588989afcfcc899c99fa3c26de', 90, 1, 'user', '[]', 0, '2019-05-13 04:49:09', '2019-05-13 04:49:09', '2020-05-13 10:19:09'),
('0f8de5921f7ad29badd2ef5d3b4a8d60982e660fa58480c5f9c06430bf261bec6beaec33cf353763', 42, 1, 'user', '[]', 0, '2019-05-02 05:44:30', '2019-05-02 05:44:30', '2020-05-02 11:14:30'),
('0f9a781875b75293c20a7f0dfaa3b8e96b20269a3bc4791ac3765681445d29ab09db786d6e45058e', 42, 1, 'user', '[]', 0, '2019-05-28 04:39:18', '2019-05-28 04:39:18', '2020-05-28 10:09:18'),
('0fb3b28eb46b9d4782684856413dfa8d386a2767a025ec110633b5c5883b589f955fe8a2caa91d5a', 42, 1, 'user', '[]', 0, '2019-06-04 03:42:55', '2019-06-04 03:42:55', '2020-06-04 09:12:55'),
('0fc76d86afcebca8ed4c5e4757cea173927c86c40f88d82d5e9acc224c0fbd28bb27ef86438dfa58', 84, 1, 'user', '[]', 1, '2019-05-17 02:02:59', '2019-05-17 02:02:59', '2020-05-17 07:32:59'),
('1043f953c10cd1c34636f9261efbd8e4b9d1b6c00dcb5ac4932c08825af35bb4d26359bf7ef2781a', 39, 1, 'user', '[]', 0, '2019-05-21 06:04:09', '2019-05-21 06:04:09', '2020-05-21 11:34:09'),
('10c4bc5b75d3ab721e65833546b560639094d1e73f734f73b878a148a845f81208b59b3bd1c47822', 57, 1, 'user', '[]', 0, '2019-05-10 07:37:42', '2019-05-10 07:37:42', '2020-05-10 13:07:42'),
('10d1c5ca9302f10c0c0ded256e4b11a7a13915b3a29571d5b70b00ba5d89dc213eed556282f099a5', 3, 1, 'user', '[]', 1, '2019-04-25 04:43:31', '2019-04-25 04:43:31', '2020-04-25 10:13:31'),
('10efd41897248126664f5ddb6ae6fcfcb08644966747d5e6c17d3c72639c3a8de4e62460295cd8b3', 42, 1, 'user', '[]', 0, '2019-05-03 02:32:36', '2019-05-03 02:32:36', '2020-05-03 08:02:36'),
('10fd85df205df53724ca3ab1385d4ace5fa39330dc69d029bb24298626d6dcc463c9a4d572a6b12b', 6, 1, 'user', '[]', 0, '2019-01-29 01:18:42', '2019-01-29 01:18:42', '2020-01-29 06:48:42'),
('110a373f72afd970e840dfb5c0185668445ae084d4255a45eb0de1310946f2ddc3349bd111f890be', 97, 1, 'user', '[]', 1, '2019-05-16 06:36:46', '2019-05-16 06:36:46', '2020-05-16 12:06:46'),
('11152be30745807d31a01ce41a15eddd754154f724582caf9ea85e375cb922d70591c137ef30f8b5', 42, 1, 'user', '[]', 0, '2019-06-10 07:47:09', '2019-06-10 07:47:09', '2020-06-10 13:17:09'),
('1127428afa8c3e9dae91f3296e41ba4e35b22d969803c1fe43eed349d1c7b28cb4093416a6ed1870', 58, 1, 'user', '[]', 0, '2019-05-30 07:28:13', '2019-05-30 07:28:13', '2020-05-30 12:58:13'),
('1172f2b7804d396adef4e58c434e12571abaeda2d53bf2de5a3df9d148918c6a63c6eda1218f1b0e', 48, 1, 'user', '[]', 0, '2019-05-07 02:17:41', '2019-05-07 02:17:41', '2020-05-07 07:47:41'),
('11d3e7d427541d08b012d8facfd1cc849ff80b4d76f5267e6b3f09b02c84511473962d1f1a1a61fc', 6, 1, 'user', '[]', 1, '2019-01-25 08:01:34', '2019-01-25 08:01:34', '2020-01-25 13:31:34'),
('122f134b8fe041f2b1ab60102065bdcb91b79f64c77fd0dc4972bd42a8004e35aae164fde236878d', 3, 1, 'user', '[]', 0, '2019-04-30 04:08:09', '2019-04-30 04:08:09', '2020-04-30 09:38:09'),
('1251a36d1f53373f19c4fffd8ae6a196ec4acadccb5bf823f86c248d86c2973a99d0f9b4d3f350dc', 124, 1, 'user', '[]', 1, '2019-06-06 00:24:09', '2019-06-06 00:24:09', '2020-06-06 05:54:09'),
('12625c02a9594b27ffd966d4367ff5093f8f70c012a107c86566911187210a35fd380b32cea635ce', 131, 1, 'user', '[]', 0, '2019-06-11 00:04:41', '2019-06-11 00:04:41', '2020-06-11 05:34:41'),
('12a7c3e93e0b32da7b4061a12e1a318df3efa747c9dfc0dfcc24d31ce48f5d404f1284f34b3e327e', 42, 1, 'user', '[]', 0, '2019-05-07 04:47:27', '2019-05-07 04:47:27', '2020-05-07 10:17:27'),
('12de18688308587f5c6dfefa78ddbc3249aa08b0952b55d20762f724a73fa4ab445bb40b78548e46', 57, 1, 'user', '[]', 0, '2019-05-10 07:44:06', '2019-05-10 07:44:06', '2020-05-10 13:14:06'),
('1301dfa69647f5835b2bc6d54e02fb1879c03dcea17d2f5a6e6329b695a56853aa130e9c8a0aef02', 96, 1, 'user', '[]', 1, '2019-05-21 07:55:17', '2019-05-21 07:55:17', '2020-05-21 13:25:17'),
('135c8159250ecceb6490e3d681857e03220334e33a5a9812a7fda40c495add9670cb83bf9b6ecbb8', 130, 1, 'user', '[]', 1, '2019-06-10 23:58:38', '2019-06-10 23:58:38', '2020-06-11 05:28:38'),
('13d104b3285330cc660aa2ba67ab5cdce720718629de55bfac6ec5c921e32075835a230cb659b84d', 123, 1, 'user', '[]', 0, '2019-06-07 06:29:47', '2019-06-07 06:29:47', '2020-06-07 11:59:47'),
('144dd9399a62e48013ea2ffb97d4286390e0f95673b9869e0d01c3a83c004692b4aaec57c817f0a6', 42, 1, 'user', '[]', 0, '2019-05-28 01:02:50', '2019-05-28 01:02:50', '2020-05-28 06:32:50'),
('14574e8d9685d444b11a027cd152778da3d6b624305fee94dd2e34d64fd2e7eb6ea95b4e92771862', 92, 1, 'user', '[]', 1, '2019-06-04 07:55:08', '2019-06-04 07:55:08', '2020-06-04 13:25:08'),
('14986646f22ce6fac77338cc3e2757555864f0bceb98311c426e7dfb1c70c2df7119bb39a168da75', 105, 1, 'user', '[]', 1, '2019-05-21 01:26:13', '2019-05-21 01:26:13', '2020-05-21 06:56:13'),
('14a3e8378ac1b9af4a863aa990d5da1bc26370211254fd05ad608bc807fb8a8b59875e60570ab606', 24, 1, 'user', '[]', 0, '2019-05-01 03:48:23', '2019-05-01 03:48:23', '2020-05-01 09:18:23'),
('14b737d828891ec45afe72239688c623cce59b4e3032058fc8207cb31023b45ac020354ce2ee0477', 57, 1, 'user', '[]', 0, '2019-05-10 05:18:31', '2019-05-10 05:18:31', '2020-05-10 10:48:31'),
('14be353aa9626dcc6a956cd9d311baaad84a458744d7afd5f921431da4c0b430c36b5f622fa3f745', 42, 1, 'user', '[]', 1, '2019-06-05 07:46:07', '2019-06-05 07:46:07', '2020-06-05 13:16:07'),
('14bf9ae5545c478f11f42e03e96db60c36c74de5a2e65c182de606425a2d92eda3dae70209f7c9e3', 42, 1, 'user', '[]', 0, '2019-05-29 01:01:45', '2019-05-29 01:01:45', '2020-05-29 06:31:45'),
('1510e74722d63191074bd3b98e79a1c746179b458fd5c218c35ff36b1ae9ede02b0ee788d61f375d', 55, 1, 'user', '[]', 0, '2019-05-16 06:56:02', '2019-05-16 06:56:02', '2020-05-16 12:26:02'),
('1524b8246c7e649fc2e24b1fa9f4d3dc1fe4a853372164747dd6b44cc13f22abe7831142ef697762', 42, 1, 'user', '[]', 0, '2019-06-04 04:29:02', '2019-06-04 04:29:02', '2020-06-04 09:59:02'),
('15c6c833a411fe3ffcc1535756315e5f8f84a1f7a905dfb487d1065f597e95ba27ff2aac37beaaa4', 3, 1, 'user', '[]', 0, '2019-01-22 04:00:12', '2019-01-22 04:00:12', '2020-01-22 09:30:12'),
('15ed7a1d666b14a3c99ecabd4c3d5397619de2263a999f6d812b00c6a79e443c2cc9f5f61888fe87', 47, 1, 'user', '[]', 0, '2019-05-09 05:54:46', '2019-05-09 05:54:46', '2020-05-09 11:24:46'),
('162b34f231f6911d3814154f6a0ad28e79c40e10cb92fec0e7841e5ae26a16fb86930b451cbe7507', 42, 1, 'user', '[]', 0, '2019-06-04 09:03:19', '2019-06-04 09:03:19', '2020-06-04 14:33:19'),
('16454f452ec688ffa87024374219fd880086e7abd6822b56c538145c502ae94a0c67902304a5a3ba', 108, 1, 'user', '[]', 0, '2019-05-20 23:03:25', '2019-05-20 23:03:25', '2020-05-21 04:33:25'),
('165fc71198b136f0538b7ec2398fe6815a4477cf1794c64b935eb084c1f20a540553d6df147cae3a', 101, 1, 'user', '[]', 0, '2019-05-24 06:26:24', '2019-05-24 06:26:24', '2020-05-24 11:56:24'),
('1699b64a767d765ad3233c9affa9af7a699bd51019a6dae9772110c26a8e57af5b179e39a53b3197', 24, 1, 'user', '[]', 0, '2019-05-01 03:51:23', '2019-05-01 03:51:23', '2020-05-01 09:21:23'),
('173e7730e0810b1283fbcf5b6c5b39fe21c2eea12c11b344ba2b13333a3555c5a6d6afa42225248a', 54, 1, 'user', '[]', 0, '2019-05-08 07:13:47', '2019-05-08 07:13:47', '2020-05-08 12:43:47'),
('178f5fe489247c99dc265f3d9c73ffc1446fd82a98f87bb6ddbbce865ee408c514630bf1a44b5d7c', 104, 1, 'user', '[]', 1, '2019-05-20 01:31:03', '2019-05-20 01:31:03', '2020-05-20 07:01:03'),
('17ec615073a8af918e8842e149115946c3e4952f2c4712bcba9611667e1c7f1943f862e93f149a88', 3, 1, 'user', '[]', 0, '2019-01-25 03:45:25', '2019-01-25 03:45:25', '2020-01-25 09:15:25'),
('18140f9194b2d45cfd88ca8a3fdc08edd2fbef0f1eaa801cad613e7cc4b400d59a971dee8ef53ef5', 55, 1, 'user', '[]', 0, '2019-05-09 03:55:17', '2019-05-09 03:55:17', '2020-05-09 09:25:17'),
('183942c2363f7f4d0a9b4221fd82493c01ba1fc74614c312bca68ae8cb27f9d915be174ee46afcbe', 42, 1, 'user', '[]', 0, '2019-05-20 23:56:03', '2019-05-20 23:56:03', '2020-05-21 05:26:03'),
('1884f299d5128717eacb636571d2d7f953895e7acc823d14bca2771542a33b440f0368fbde2f77db', 5, 1, 'user', '[]', 0, '2019-01-25 02:04:48', '2019-01-25 02:04:48', '2020-01-25 07:34:48'),
('18872e6537eb0ec415c21253c9ec310c30cbab87344f98501d31034dcd6c28debff04529a42b134f', 92, 1, 'user', '[]', 1, '2019-06-06 07:14:11', '2019-06-06 07:14:11', '2020-06-06 12:44:11'),
('18a3fa70e953379c232ec64e081c6e9690b03c92befcb3300705e74e2557a75f549747a3fa5b5a8d', 42, 1, 'user', '[]', 0, '2019-06-09 23:08:08', '2019-06-09 23:08:08', '2020-06-10 04:38:08'),
('18b7af7ce26eb4204042b59a622bc21241269756808de1a7dfd7e4f39aef832bb82a45a072ec325c', 42, 1, 'user', '[]', 0, '2019-05-29 02:00:30', '2019-05-29 02:00:30', '2020-05-29 07:30:30'),
('1917e51b92318d71789873195e431959bd91c153144edb44d5019843b9edfddfa39c68b92f79c9f4', 105, 1, 'user', '[]', 0, '2019-05-20 04:04:29', '2019-05-20 04:04:29', '2020-05-20 09:34:29'),
('19468e7529781428a7bf43deed7045f7d8b9d18380120055ea9e7db93a48960b7b1b4904cc090de7', 42, 1, 'user', '[]', 0, '2019-05-24 06:21:52', '2019-05-24 06:21:52', '2020-05-24 11:51:52'),
('19afe52df2fb1f184d805eaeb7f0e31b6c732236e81558568662ec02724fd66f6fdacb3a0c1ecfbe', 42, 1, 'user', '[]', 0, '2019-05-29 07:41:21', '2019-05-29 07:41:21', '2020-05-29 13:11:21'),
('19b3a04a1ef2dbc9a0863687ad72491fb0d417b73411c98af38aa2f937184b3bbc54f7817126e5f0', 6, 1, 'user', '[]', 1, '2019-01-28 02:09:33', '2019-01-28 02:09:33', '2020-01-28 07:39:33'),
('19b6220f81b25cb0881b79184f690048685c2061f5ae3bb2ff8a254950fd9b1eec84ff386dfe7efd', 117, 1, 'user', '[]', 0, '2019-06-04 08:15:20', '2019-06-04 08:15:20', '2020-06-04 13:45:20'),
('1a274492c982777339a13265b7307e5d3beec5b4adc238b142e0694685b062238f1a9ca41931c39e', 42, 1, 'user', '[]', 0, '2019-05-07 05:40:37', '2019-05-07 05:40:37', '2020-05-07 11:10:37'),
('1a2d4b4e7f869a4b9db1ff5ab2414c2d5fd538873520d0534d68b5d0c7b06c16d239f66573882887', 42, 1, 'user', '[]', 0, '2019-05-28 02:08:54', '2019-05-28 02:08:54', '2020-05-28 07:38:54'),
('1a54a8e9ad7ad33229e9e8b97a5e7f575791143a22a67cb99d58ffa6a6031c995ee5cd1d4391f8af', 96, 1, 'user', '[]', 1, '2019-05-16 03:50:40', '2019-05-16 03:50:40', '2020-05-16 09:20:40'),
('1a805842f292668dc4c9b77d4cdde1a1f3ccdd20d04adcceb218c2febeea68134f132a206e196d1a', 84, 1, 'user', '[]', 0, '2019-05-16 02:09:24', '2019-05-16 02:09:24', '2020-05-16 07:39:24'),
('1aaec3a7a1b481979ed2b34ce5929829e7db7f976c69c61e7716a5768486c111b450de2928f327e9', 54, 1, 'user', '[]', 0, '2019-05-08 07:06:58', '2019-05-08 07:06:58', '2020-05-08 12:36:58'),
('1abb55cf957b1344d26e80781f9cd0c01269f68c92cb8333327283b41aa4aef8c0b5ea79a30a5bb1', 42, 1, 'user', '[]', 0, '2019-06-04 02:17:24', '2019-06-04 02:17:24', '2020-06-04 07:47:24'),
('1acc1644630de86fb1c0d90d91ac9cb83696f578b32621baa3b44f0c73baf74d77854b1abdd67fa3', 117, 1, 'user', '[]', 0, '2019-06-06 23:17:30', '2019-06-06 23:17:30', '2020-06-07 04:47:30'),
('1adc6b416e4dafa9cb81f667cb58c19338e905f29756236268f223b875240656087d5f1a13d1dac9', 105, 1, 'user', '[]', 1, '2019-05-20 06:01:47', '2019-05-20 06:01:47', '2020-05-20 11:31:47'),
('1b116ad61e51d8c5f68d60106f13231a0079cddced7f9f0c24ba41d0858e5e6c46cfb3c5967e20b6', 84, 1, 'user', '[]', 1, '2019-05-16 06:35:50', '2019-05-16 06:35:50', '2020-05-16 12:05:50'),
('1b7ce1bc5ccd2920953bf0f3b0656116d9ee007859c1121c0515a6a38fc2a75aa402d080446f62ae', 55, 1, 'user', '[]', 0, '2019-05-16 06:37:40', '2019-05-16 06:37:40', '2020-05-16 12:07:40'),
('1b9be28e737304411da925c2659bc588d0e73819fda183183623edd80af137c3f2258587d7431c09', 42, 1, 'user', '[]', 0, '2019-05-24 05:27:21', '2019-05-24 05:27:21', '2020-05-24 10:57:21'),
('1c073c3b5764bfc742d116dd1aff45d0b8b46836e2bfe4ec955dfc48e4761aa44579e5da5ce1ddfa', 105, 1, 'user', '[]', 0, '2019-05-20 04:16:39', '2019-05-20 04:16:39', '2020-05-20 09:46:39'),
('1c22c83b3a30cb26132a5a271e96aaca2f944c20bf61f52e9e7d8629a0f3980b4947df84b6ad6b15', 3, 1, 'user', '[]', 0, '2019-04-30 00:57:52', '2019-04-30 00:57:52', '2020-04-30 06:27:52'),
('1c606bd9a8034e4fbc8d5d3f61c02ca5f7fd31c35dd1ea51b86dea99d6a5e416c140bf04199a1a4a', 57, 1, 'user', '[]', 0, '2019-05-10 07:33:13', '2019-05-10 07:33:13', '2020-05-10 13:03:13'),
('1cd4a80a0e572657facc41b3cd490839ecdabcca4268dae2fab24d0e050dac8eb40282e2e55a97c9', 47, 1, 'user', '[]', 0, '2019-06-03 02:10:38', '2019-06-03 02:10:38', '2020-06-03 07:40:38'),
('1ce1c82c7649de05a055085394ef7dfbfb9f504944532995065256868cb7ac9fba47284bce823b73', 42, 1, 'user', '[]', 0, '2019-05-29 05:13:08', '2019-05-29 05:13:08', '2020-05-29 10:43:08'),
('1db2108dd065393ae812e481dc3ee1b796c0b0e78c5280fb27945fce35fb8db3ce3e2de05c1d9542', 120, 1, 'user', '[]', 0, '2019-06-10 05:10:15', '2019-06-10 05:10:15', '2020-06-10 10:40:15'),
('1e01c745cf435fcdc5dabe7a5700c796c801af060acb74762f3614258b49faa04d1ffbd01ab1d016', 44, 1, 'user', '[]', 0, '2019-05-07 01:27:09', '2019-05-07 01:27:09', '2020-05-07 06:57:09'),
('1eab030d298e503a554203c688a66c90847d6cb4d5a44dc92f517634402bdb8f7d4c7d41eaca1570', 108, 1, 'user', '[]', 0, '2019-05-30 22:48:14', '2019-05-30 22:48:14', '2020-05-31 04:18:14'),
('1eb6d805e02d99b144a466778f932b709c635ea2e92a444d45811c6a20d3d865c2e4cfd962a0c311', 42, 1, 'user', '[]', 1, '2019-05-28 01:14:20', '2019-05-28 01:14:20', '2020-05-28 06:44:20'),
('1f436b0d00ef09decc600b75861dff897f828e6489246de17125b15472c6ca6fa2cb76b133df103d', 42, 1, 'user', '[]', 0, '2019-06-06 03:39:30', '2019-06-06 03:39:30', '2020-06-06 09:09:30'),
('1f772cd36f8ce0e8eb1a6f8c7ab7f799d8504604e1f5a3e18fed2fcace19d6be731c47fb450d99d6', 42, 1, 'user', '[]', 0, '2019-05-20 23:40:48', '2019-05-20 23:40:48', '2020-05-21 05:10:48'),
('1f7c31d0e9065a8f93f4c7a31873959e6949b77951e83904f41d3c894a26f77de5f67bf328bd6d67', 47, 1, 'user', '[]', 0, '2019-06-03 02:01:30', '2019-06-03 02:01:30', '2020-06-03 07:31:30'),
('1f9065697dabe670770a83647c1b17e1badb32dfe5edf3263f748f520d31433c6f3b406a3f68c1b3', 42, 1, 'user', '[]', 0, '2019-05-23 05:09:23', '2019-05-23 05:09:23', '2020-05-23 10:39:23'),
('20b9b28a0f0a172eb48bf4e70e1107a29b1b719f1849c2f2beda57014f18e5a063cf93ad38d42929', 42, 1, 'user', '[]', 0, '2019-05-30 00:16:43', '2019-05-30 00:16:43', '2020-05-30 05:46:43'),
('20ea40f285045ec91d6204fd76bf70d3930ad332da005a7995135d537de0311c964008c871872edd', 42, 1, 'user', '[]', 0, '2019-05-03 04:51:10', '2019-05-03 04:51:10', '2020-05-03 10:21:10'),
('20f520c892b8b100a97f7e80db487c444ae3e668e386c15a18805d29eead99c75e67ee00f2edc8ef', 42, 1, 'user', '[]', 0, '2019-06-04 04:17:00', '2019-06-04 04:17:00', '2020-06-04 09:47:00'),
('20fe80eb300ea27392d4a5a41abd13086eb91693fa0ab28f3fa94b759be14ca19289bc1d74f907e8', 42, 1, 'user', '[]', 0, '2019-05-30 00:19:41', '2019-05-30 00:19:41', '2020-05-30 05:49:41'),
('2114e8cb4cd708dd8c2c70173261118894865a54ef30d117493873811e43e66a7836fb3788295ba8', 42, 1, 'user', '[]', 1, '2019-06-09 23:01:33', '2019-06-09 23:01:33', '2020-06-10 04:31:33'),
('2151f43e073acc1b2566a3afa8c8a80233d49cc3355fea4726f70b064d5fed1cf28073c4c1ab5a9d', 115, 1, 'user', '[]', 1, '2019-06-03 01:40:25', '2019-06-03 01:40:25', '2020-06-03 07:10:25'),
('219439d50c4bdfada87bc9df3b0edb7028b5ed12969ee6b4a4d21233c3752a1eac42939238b97f25', 120, 1, 'user', '[]', 0, '2019-06-10 05:07:53', '2019-06-10 05:07:53', '2020-06-10 10:37:53'),
('220bd78863e75e4f0f42bdf97c2705b9437d6a99c2ab9c6a40bf56d8aca32c37adf46026bfd2b2a1', 3, 1, 'user', '[]', 0, '2019-01-23 01:20:01', '2019-01-23 01:20:01', '2020-01-23 06:50:01'),
('220e13ce85ecfad5e2e71ab8324a63b102b6bed18eb2a6e1802191792db1a1a7bee292685200010d', 42, 1, 'user', '[]', 0, '2019-06-06 04:41:01', '2019-06-06 04:41:01', '2020-06-06 10:11:01'),
('2250e0cce94f08ac986b154a1ea4224743112e603a0e21ae899d330095377d07897aff6cad5f30be', 124, 1, 'user', '[]', 0, '2019-06-10 23:02:11', '2019-06-10 23:02:11', '2020-06-11 04:32:11'),
('230d54258925b720124ce5e03d9567b0c72e9865a8e3352adfe13b5dd3600149d0b42c44cd6f80d6', 42, 1, 'user', '[]', 0, '2019-05-03 05:38:41', '2019-05-03 05:38:41', '2020-05-03 11:08:41'),
('23435b22f0978aa750359720f32d8be88e86eed9b3a8065dab98d5ccd3d721abcd4e7c3445910433', 89, 1, 'user', '[]', 0, '2019-05-13 02:12:30', '2019-05-13 02:12:30', '2020-05-13 07:42:30'),
('2359a2b6f0ed81828802a1cfd2d5baee90a5b3b96cd1e0f01d092be5077db4fbe17ede8e185929d6', 84, 1, 'user', '[]', 1, '2019-05-30 06:31:54', '2019-05-30 06:31:54', '2020-05-30 12:01:54'),
('2382b8e61a99aa7510ac96810101e00f3e98872a6c7bf8c0dcdd68aec9e7b92eedf44a5da0aa0a6e', 42, 1, 'user', '[]', 0, '2019-05-28 03:33:04', '2019-05-28 03:33:04', '2020-05-28 09:03:04'),
('23cd36819aa867604f9b1fa858ad37d84b8779ab7ac3a2b1d5efb9b90aefb43d180754f25e5da3dc', 120, 1, 'user', '[]', 0, '2019-06-06 05:09:42', '2019-06-06 05:09:42', '2020-06-06 10:39:42'),
('248f3616270a7e171817d51fca0f24e4db3b0f48a9cbaaabb383f005bc7dad04d111792711e50c5c', 47, 1, 'user', '[]', 1, '2019-06-04 07:04:03', '2019-06-04 07:04:03', '2020-06-04 12:34:03'),
('249f0b7fc42d17eb26c779d3143382b01ba4e36af1b226911921ce1fb8ba3ea35d1c9d3f581c6e70', 120, 1, 'user', '[]', 0, '2019-06-10 04:43:30', '2019-06-10 04:43:30', '2020-06-10 10:13:30'),
('24bbcf7b8790ce5cf38f0a48099b3c064c57bd07e77d66615354a6a065be87b45fd3240e5ca29568', 42, 1, 'user', '[]', 0, '2019-05-29 03:59:31', '2019-05-29 03:59:31', '2020-05-29 09:29:31'),
('24df8680430ea0e4359c26ed8c74ba92eee1d82ceb0269d89d2ec92c6a789fd39aa04ae5d4153729', 42, 1, 'user', '[]', 0, '2019-05-03 03:59:39', '2019-05-03 03:59:39', '2020-05-03 09:29:39'),
('24f56c35cf30b661ff789cb643c1b41ff531898ebaf7ef5ce6e657ef1c9fdf2c2712d170e24e03f8', 42, 1, 'user', '[]', 0, '2019-06-10 01:38:27', '2019-06-10 01:38:27', '2020-06-10 07:08:27'),
('2531ded143c26a2e4e793c3377e45041fe8dce63a6086eb59e7feba07f862b9039227424eb2dd7f7', 42, 1, 'user', '[]', 0, '2019-05-29 02:11:43', '2019-05-29 02:11:43', '2020-05-29 07:41:43'),
('2535adb591d967d7d2034532446242087dc6519858c0d445a3742fd35c0334afcca17cd98c7b1ae1', 101, 1, 'user', '[]', 0, '2019-05-24 06:09:34', '2019-05-24 06:09:34', '2020-05-24 11:39:34'),
('2548d4fe9f148d8c4c6558b2b761c1f07afe9e7df9e8e1b3ebcf80b1bc939d9a29084b254c99da70', 44, 1, 'user', '[]', 0, '2019-05-07 01:24:45', '2019-05-07 01:24:45', '2020-05-07 06:54:45'),
('2556437b6fad7587c58a597b56d9cdbee7348af0e2dbd6d22e0e661b3ead1b75fc395915b6004319', 97, 1, 'user', '[]', 1, '2019-05-24 06:35:09', '2019-05-24 06:35:09', '2020-05-24 12:05:09'),
('259fe28ab23cc5a2eab326201fd6ffa8fbda70550213ab9ada5c5bf1e2bfc2678de09f01ffe09e80', 42, 1, 'user', '[]', 0, '2019-05-29 04:17:41', '2019-05-29 04:17:41', '2020-05-29 09:47:41'),
('25b039990725773f54f2aaa56d504c09ac06fc94774eaf4c58db1209dce5ab47de5a497e61692d50', 98, 1, 'user', '[]', 1, '2019-05-20 03:38:40', '2019-05-20 03:38:40', '2020-05-20 09:08:40'),
('25e75bf651da52763ab6c0795861944e739745fe7f5d342fb8d6f28ff4118e1eb485a4651de7689a', 39, 1, 'user', '[]', 0, '2019-06-06 07:00:07', '2019-06-06 07:00:07', '2020-06-06 12:30:07'),
('2636a896a4c5d74b6f7a62917cae7510b8c6dc1bdb2cd6e2a602230bb9c055ccc339ad21a5575b2e', 120, 1, 'user', '[]', 1, '2019-06-05 05:34:33', '2019-06-05 05:34:33', '2020-06-05 11:04:33'),
('264ec38104f493516fff79546ac27191aeb1573e9e7eb94ca18edd43385c8562ccee303a2106bef2', 24, 1, 'user', '[]', 0, '2019-04-24 07:58:24', '2019-04-24 07:58:24', '2020-04-24 13:28:24'),
('266c415f91dfb04c8ef1509dbf2b34b4c5a5a63e78a292b21d93019594073a0e05feefce942f8893', 2, 1, 'user', '[]', 1, '2019-01-24 06:07:52', '2019-01-24 06:07:52', '2020-01-24 11:37:52'),
('26b3d3a549bd0bd0d775d0299d69ff1bb87f212f10fdaea554e7a2cbe2b08cef30b474c16116c678', 101, 1, 'user', '[]', 0, '2019-05-23 06:12:28', '2019-05-23 06:12:28', '2020-05-23 11:42:28'),
('26b4f53d4862d59b21b9256246517d20b0d79b72e2da8626f400cd1ed47df6f7fe386887ef2f3e3c', 42, 1, 'user', '[]', 0, '2019-06-04 05:30:38', '2019-06-04 05:30:38', '2020-06-04 11:00:38'),
('26c477ce20e12aa5f46f4ec425664dc5268c6e7778b9c258a5799603dcf153a291d7749376eb3d87', 101, 1, 'user', '[]', 0, '2019-05-23 06:07:18', '2019-05-23 06:07:18', '2020-05-23 11:37:18'),
('26c8149608b727bf48650439b6422ddc23f62c882949435c5247a4ca93f67d2d6d3aa14e50a1ef18', 42, 1, 'user', '[]', 0, '2019-06-11 04:19:27', '2019-06-11 04:19:27', '2020-06-11 09:49:27'),
('272a230b71b6eaef5fed5d4b77af4c6a2ccbd08d906218363a123902d9b344456a222b80e078d580', 42, 1, 'user', '[]', 0, '2019-05-03 06:35:58', '2019-05-03 06:35:58', '2020-05-03 12:05:58'),
('27d8774dffcc9c12f874cec59e3009c866ca9059fbbf52432bfef6f16bef89dc8b42a58b3ce46e14', 114, 1, 'user', '[]', 0, '2019-05-30 07:00:44', '2019-05-30 07:00:44', '2020-05-30 12:30:44'),
('27ed0fa4d853c0b41de571f710688800293f6d1c35fb726ed9d4e300d735989f028d7fc58ddbb51b', 87, 1, 'user', '[]', 0, '2019-05-13 01:34:06', '2019-05-13 01:34:06', '2020-05-13 07:04:06'),
('28b1c6cb60714175afebdbd612d86d37a1bcc2d5a2395e5ac1c5850eaab452401e6da88265d3dad7', 42, 1, 'user', '[]', 0, '2019-05-29 00:50:18', '2019-05-29 00:50:18', '2020-05-29 06:20:18'),
('28eb0b31124c4b173b470cb4151343539bd8674dcf08efcd4756171ce5a16a5a38626aec96dcdee3', 42, 1, 'user', '[]', 0, '2019-05-23 05:11:42', '2019-05-23 05:11:42', '2020-05-23 10:41:42'),
('28fa1464ed8a4c76d5439dfddfb720691abff2a4745a7330523901fe4f384838312eaafb8abb15cb', 42, 1, 'user', '[]', 0, '2019-05-28 04:34:50', '2019-05-28 04:34:50', '2020-05-28 10:04:50'),
('2924cd3d9bf745061844dd2225da778ce0b94873905abdcbd33b4a79937ba88b3359f9862a602f20', 97, 1, 'user', '[]', 1, '2019-05-20 00:55:05', '2019-05-20 00:55:05', '2020-05-20 06:25:05'),
('295d91db41af6d3f0fb368110b3998486984786d078ad2c71edcdd637bc2a47b771689204d872ecf', 42, 1, 'user', '[]', 1, '2019-06-05 05:26:11', '2019-06-05 05:26:11', '2020-06-05 10:56:11'),
('29909436933f28ac85c1523828be1cde4f955dd5ba234e52b4019ef3b9ae68d43241b80a7185f84a', 42, 1, 'user', '[]', 0, '2019-05-03 01:56:20', '2019-05-03 01:56:20', '2020-05-03 07:26:20'),
('29bc43f597a7dcee890c6dd20df2a484ea5f974d972d5909f1efe5a4fe7d8b2ece123c6590c14655', 42, 1, 'user', '[]', 0, '2019-05-23 05:09:34', '2019-05-23 05:09:34', '2020-05-23 10:39:34'),
('29c0c6ddf72797820ea7d583022ed8e64632b6563e0d7da5c6d050a17bdb1eb1cdaafedde142710c', 15, 1, 'user', '[]', 1, '2019-05-21 01:01:29', '2019-05-21 01:01:29', '2020-05-21 06:31:29'),
('2a66883dea988f0dbf66577e2af33049b00f34e4190d494ea57912e89e846f196a4f6ea329b2a61e', 119, 1, 'user', '[]', 0, '2019-06-05 03:39:19', '2019-06-05 03:39:19', '2020-06-05 09:09:19'),
('2b42f517c8291f03b5e644122042898f9ff9edc3501bfa41b4c5c580fc33a070902ca9ae828bf613', 42, 1, 'user', '[]', 0, '2019-06-06 04:46:35', '2019-06-06 04:46:35', '2020-06-06 10:16:35'),
('2bedeb4d888d77c876d2fed83a9ccb93c7d012c0235397b108d10ed0b9f903192bb192b2351a99be', 42, 1, 'user', '[]', 0, '2019-05-29 03:45:28', '2019-05-29 03:45:28', '2020-05-29 09:15:28'),
('2c31e28a43f7011f6f97f70ac65f4ad3a1b5903300a8415d6a9ef375d5777fe6146ecbd25df096d7', 57, 1, 'user', '[]', 0, '2019-05-10 07:12:58', '2019-05-10 07:12:58', '2020-05-10 12:42:58'),
('2c3eed16089cfe1feddb2e873f60b88abae3936669ef7a381055e4ae595a8ae242cc7df33f37a55d', 96, 1, 'user', '[]', 0, '2019-05-16 01:23:39', '2019-05-16 01:23:39', '2020-05-16 06:53:39'),
('2c4f71245ebdff998545621d3e2d5efeb2932d65673f417d6bce96a4036bebbfca6b5bff4ea33090', 42, 1, 'user', '[]', 0, '2019-05-08 05:22:13', '2019-05-08 05:22:13', '2020-05-08 10:52:13'),
('2c6381c8f2e4d2e9d86f039868e0b235051817cc90925cd0911c2b00f260eeea36111d31aa152c0a', 120, 1, 'user', '[]', 0, '2019-06-05 06:43:04', '2019-06-05 06:43:04', '2020-06-05 12:13:04'),
('2d068025ccfb33dd4cee3aa5879b63023841b9388c6622214a55d0c6bfb5366170568c081b5a6101', 39, 1, 'user', '[]', 0, '2019-06-05 11:10:13', '2019-06-05 11:10:13', '2020-06-05 16:40:13'),
('2d09e04071d671e202420e64c099140316ee09685a8ee95a0266c8b9ffa761821357133ee38d426b', 120, 1, 'user', '[]', 1, '2019-06-05 05:20:45', '2019-06-05 05:20:45', '2020-06-05 10:50:45'),
('2d61c2cb36b4579ad2d59275ce11026c3728fbe70b43daab1978b2de66f01006925600d79356e7eb', 122, 1, 'user', '[]', 0, '2019-06-05 08:44:53', '2019-06-05 08:44:53', '2020-06-05 14:14:53'),
('2d7338f3ecf3ddee00f5a6f08fa2397e9d625538878f53558b4de1f6cb5037337adbfa36ab268320', 42, 1, 'user', '[]', 0, '2019-06-04 23:28:13', '2019-06-04 23:28:13', '2020-06-05 04:58:13'),
('2de0f5938013caa47ead590e640e9ad49e1a1f98e04026b3b08fb46d4442c0df2386effbdc1acba3', 111, 1, 'user', '[]', 0, '2019-05-24 04:08:59', '2019-05-24 04:08:59', '2020-05-24 09:38:59'),
('2ea446209b17db2f8d653764590770f11e8211b63c666cf1b298adbd3e4cb0f26b2b4abeb31dcafd', 42, 1, 'user', '[]', 0, '2019-06-05 01:53:36', '2019-06-05 01:53:36', '2020-06-05 07:23:36'),
('2f50463f901d1ad4c8dc4810cb6b00f0c234dc94da546de550bc3f586beab7d458635c673a80b38d', 26, 1, 'user', '[]', 0, '2019-04-25 04:41:43', '2019-04-25 04:41:43', '2020-04-25 10:11:43'),
('2f701b1d076ccc67e4367895ab436f402eecc03f2d8e55e5d25775aa7fcd9189e2e8f4b141daa0bc', 42, 1, 'user', '[]', 0, '2019-05-29 23:53:10', '2019-05-29 23:53:10', '2020-05-30 05:23:10'),
('2fb930baf125a10f5175eba80c0c8808d9bcca9d56cd08ba5625badb715a4bebefc85d37671c0b93', 92, 1, 'user', '[]', 1, '2019-05-24 04:03:13', '2019-05-24 04:03:13', '2020-05-24 09:33:13'),
('30384d8f5e29e9a87d46f7211744ab2cdf2734cc718203c84d183da413dbc99e6da8156ad29cbc9f', 84, 1, 'user', '[]', 1, '2019-05-16 06:00:36', '2019-05-16 06:00:36', '2020-05-16 11:30:36'),
('303d54607b260c54d42b682b13d1fffd38d2aa4ec4d19e8c589696f2759a27fe9a505f10cb9d9cb7', 42, 1, 'user', '[]', 0, '2019-05-30 00:18:45', '2019-05-30 00:18:45', '2020-05-30 05:48:45'),
('304c8d9eb42af2fbabe1acbac3a0431d30435f9da5ea930eeb9e0bf3825a86b01b227653b9058046', 42, 1, 'user', '[]', 0, '2019-06-10 05:06:03', '2019-06-10 05:06:03', '2020-06-10 10:36:03'),
('30eaf7a759cadcc43cc0ae853cedb5a5ccf5427a5095bfdb1658aa558c98d3a2c46698debcda529a', 84, 1, 'user', '[]', 1, '2019-05-17 00:20:37', '2019-05-17 00:20:37', '2020-05-17 05:50:37'),
('3106766e446cedd35b3cafced4709eec1e4c55134550490c9de23cb3be4f757549b7c93b4db850e5', 42, 1, 'user', '[]', 1, '2019-06-05 04:52:02', '2019-06-05 04:52:02', '2020-06-05 10:22:02'),
('31383c898be507edf9549ae39624b70e66d9bdf07be6e91164d5f672376168d9c611d2f8c84eb1d5', 42, 1, 'user', '[]', 0, '2019-05-23 04:53:50', '2019-05-23 04:53:50', '2020-05-23 10:23:50'),
('3165e3e396b4867aa2db912639f42c8822bf7b6fb4d2e356d89eb804efcc5a3f56627fffffe4d0d3', 122, 1, 'user', '[]', 1, '2019-06-05 08:45:51', '2019-06-05 08:45:51', '2020-06-05 14:15:51'),
('31b1d3a4d04c0273a88dff04b073e3b6845f1124ab8992b47639494abdcf64678bb14cf6aefc220c', 42, 1, 'user', '[]', 0, '2019-06-04 22:44:16', '2019-06-04 22:44:16', '2020-06-05 04:14:16'),
('3249dd79e22eab12f50173f914c373a7aab55be01129f1ab5b509ec799d1b9948e900becfa9f7ab8', 42, 1, 'user', '[]', 0, '2019-05-29 23:33:25', '2019-05-29 23:33:25', '2020-05-30 05:03:25'),
('32dbe3c9dd75b6ee2e16f5d7f1e3b5ecaad7c19ddf2b05c109be25bba8aa0b2a202bf55a0b5f0775', 120, 1, 'user', '[]', 0, '2019-06-05 06:25:19', '2019-06-05 06:25:19', '2020-06-05 11:55:19'),
('32e8df31ff6a166eeaad2e7a69c76e2945ddca9da972344b4bb7d19823f763392b7e9223f4316927', 71, 1, 'user', '[]', 1, '2019-05-12 23:01:56', '2019-05-12 23:01:56', '2020-05-13 04:31:56'),
('32f1d1def32293fc47825983c1b972869743fdc68d2da4309af52cf72b28d059e87234a4e259ec61', 8, 1, 'user', '[]', 0, '2019-01-24 06:39:36', '2019-01-24 06:39:36', '2020-01-24 12:09:36'),
('334bd61271826c293462676db5d697b5a32d5f38c7c7e0701f55019e66b404202395a3d234dcbaec', 42, 1, 'user', '[]', 0, '2019-06-11 02:02:47', '2019-06-11 02:02:47', '2020-06-11 07:32:47'),
('339e6bb8ffdce7d87c19ec3babccfe0b4a703062ed7242474dbe52b7b4298b6b00bfa2941cde0087', 42, 1, 'user', '[]', 0, '2019-06-07 00:59:45', '2019-06-07 00:59:45', '2020-06-07 06:29:45'),
('33b187011398933859cf6b49da3d0173035b21ffbf7c814dfdea1d685a9184e60dfd7e134365b3ff', 42, 1, 'user', '[]', 0, '2019-06-04 03:36:01', '2019-06-04 03:36:01', '2020-06-04 09:06:01'),
('33c4248fa7e076b06122c4b3d357e1f63b0709189e9486b3a00b2862c827e6a97cc3274770575b42', 57, 1, 'user', '[]', 0, '2019-05-10 07:14:36', '2019-05-10 07:14:36', '2020-05-10 12:44:36'),
('33d914d975b60769ec2e46e4f76f6aeb985b4706390b16da4c50eb9c67a6432bc52deeea4a1afe56', 112, 1, 'user', '[]', 1, '2019-05-24 05:51:15', '2019-05-24 05:51:15', '2020-05-24 11:21:15'),
('33f72c0bfbd3a9c8e0f780d13f5a7f57f488ccfc986293e46fdb400a89c8cfd4557e21e9d90c1977', 5, 1, 'user', '[]', 0, '2019-01-25 05:42:03', '2019-01-25 05:42:03', '2020-01-25 11:12:03'),
('33fca877a807d187d06ba48fb3bed592e316c695328ccf662875d6bcf0b9782c66ba9166501c5858', 24, 1, 'user', '[]', 0, '2019-04-24 08:09:44', '2019-04-24 08:09:44', '2020-04-24 13:39:44'),
('34334fb4cec4dc1793e01cea39fc9d620a0188addf25b00d9a0708e456bcec0a92f7add01cbcbcb0', 42, 1, 'user', '[]', 0, '2019-06-06 04:26:54', '2019-06-06 04:26:54', '2020-06-06 09:56:54'),
('348a56e664ea0b68d81a1123aaaefc2218eb7d947f6dcbec8bef88bd2c456e4f2623e075bf951a35', 128, 1, 'user', '[]', 1, '2019-06-10 01:47:37', '2019-06-10 01:47:37', '2020-06-10 07:17:37'),
('34953198e6ab2379ac6455fa75875bd4371536223dfdb3a517c9534189f0ae47e7ef9d3161cd868f', 102, 1, 'user', '[]', 0, '2019-05-20 01:21:42', '2019-05-20 01:21:42', '2020-05-20 06:51:42'),
('349ed541c66e0c7c68e5d88c5a155478b6365b812050d9b983b1bd3b5371f87f852ddb59bc0f9d55', 84, 1, 'user', '[]', 0, '2019-05-16 02:31:34', '2019-05-16 02:31:34', '2020-05-16 08:01:34'),
('34e27329acc9da1e05450e4133501342e9261e99022b02d4841906c93a33c6739731629d287d64cc', 81, 1, 'user', '[]', 0, '2019-05-10 08:33:53', '2019-05-10 08:33:53', '2020-05-10 14:03:53'),
('350a97db0d2a27ee5cc1b22beb62ce4d00a506f3750ee90d1567e0c6b37c72374202a25d176d1ef5', 48, 1, 'user', '[]', 0, '2019-05-07 02:21:01', '2019-05-07 02:21:01', '2020-05-07 07:51:01'),
('35c9eb1288ec9d84981ccdc3e04b1eb0ffece14da790008c670347e11cf9ac453735895a4e9b8544', 3, 1, 'user', '[]', 0, '2019-04-19 04:48:58', '2019-04-19 04:48:58', '2020-04-19 10:18:58'),
('35eb0904acd20e16ace364fdfed8780f3891fa7b29365c3b3d11991ccf5bc0f1cf0a412fada5a167', 118, 1, 'user', '[]', 0, '2019-06-05 02:29:56', '2019-06-05 02:29:56', '2020-06-05 07:59:56'),
('3618c5be1fccb8e77dcd235980e44222f32c0c1451c018542b06e9719ff0e66562862f736b85f5cd', 24, 1, 'user', '[]', 0, '2019-04-24 06:22:09', '2019-04-24 06:22:09', '2020-04-24 11:52:09'),
('36224dbcf4d7dacaa3fe838b77c014fe9bb620efa89698cb51ee028c0d27f4042515fab78e8f279d', 39, 1, 'user', '[]', 0, '2019-06-03 04:12:04', '2019-06-03 04:12:04', '2020-06-03 09:42:04'),
('362498c239def5fb51df111a3154a8912cf24c0ca656be6ac4ef2bd88d725e5b90a2330c5abb4cc8', 42, 1, 'user', '[]', 0, '2019-06-07 00:52:42', '2019-06-07 00:52:42', '2020-06-07 06:22:42'),
('364167c8e5bbc993f5672b041614e91444549d6593759bbb847e82689df63e2d42b501d8783501b3', 15, 1, 'user', '[]', 0, '2019-03-20 05:18:15', '2019-03-20 05:18:15', '2020-03-20 10:48:15'),
('36c0608368d6091e415ba89608e98d0e299f7a47f8c8a6def60505d12acadaada8a09dacac9c37e3', 42, 1, 'user', '[]', 0, '2019-06-06 03:54:57', '2019-06-06 03:54:57', '2020-06-06 09:24:57'),
('36e77bf84c8149968c80810aeace701aa4df427e14199de8324cedece31a89dad364bc831060df55', 126, 1, 'user', '[]', 0, '2019-06-06 23:35:05', '2019-06-06 23:35:05', '2020-06-07 05:05:05'),
('3709f47e72f2929db7e26831dc0bca4fd2cf5916f34442ed606cf4148ccb618c90ac02dc480c29f4', 42, 1, 'user', '[]', 0, '2019-05-03 06:13:36', '2019-05-03 06:13:36', '2020-05-03 11:43:36'),
('373ff20c009f0d35f6fa49038664c837eb5b556122a6135ef2ae1c50985a04ff166a6dee7e2e0389', 24, 1, 'user', '[]', 0, '2019-05-01 05:39:50', '2019-05-01 05:39:50', '2020-05-01 11:09:50'),
('3740c0ba941bc40e22ba5ab723922de8b76162d571fc659e75b858448a591e6aec17902de86dd9d2', 123, 1, 'user', '[]', 0, '2019-06-05 09:24:23', '2019-06-05 09:24:23', '2020-06-05 14:54:23'),
('384fbd178b75beea67b47896a0e0f75d53edc72d4a7037ac524bfc8f6c89b6f0a4a1cb2a3b21275e', 2, 1, 'user', '[]', 1, '2019-01-24 06:10:24', '2019-01-24 06:10:24', '2020-01-24 11:40:24'),
('38cbbd4dcf9394900430e31b7675f4deb28482ae16ac3a6fb907c7f3f0d4b369e04961c5ed13becf', 42, 1, 'user', '[]', 0, '2019-06-10 23:54:20', '2019-06-10 23:54:20', '2020-06-11 05:24:20'),
('38d01f7188d93b97d3ac2af0efb6d05a0817affca8b29f2fef18010abbc9487ccd1f9210f6168620', 6, 1, 'user', '[]', 1, '2019-01-24 04:25:40', '2019-01-24 04:25:40', '2020-01-24 09:55:40'),
('39042d541d74b7514e425c81db41208ff8b26697c26d80b6ee9f3478e8d16086aaa473716cd1b770', 107, 1, 'user', '[]', 1, '2019-05-23 05:33:56', '2019-05-23 05:33:56', '2020-05-23 11:03:56'),
('390f947e085a3307c6099f29e95a55000864f31475b1e2f7931cc5fbea909de5cdf12a2111af6b8a', 106, 1, 'user', '[]', 0, '2019-05-20 01:32:29', '2019-05-20 01:32:29', '2020-05-20 07:02:29'),
('3915c91fb10e6b062d470ec0f166932a69a0ff4113078e781ddd27110870038cdcb88a12b92bdf6f', 42, 1, 'user', '[]', 0, '2019-05-02 05:45:47', '2019-05-02 05:45:47', '2020-05-02 11:15:47'),
('3962678288b2597fc5e535c1a9afc40f2b3593d768b3ddb02951f93bd7945ddbbfc469b1f945723a', 84, 1, 'user', '[]', 0, '2019-05-15 06:58:06', '2019-05-15 06:58:06', '2020-05-15 12:28:06'),
('3984673c95115e889c014230599f8944b6379f1d17c40daa67f341de599761e39d05fdf46e0454eb', 42, 1, 'user', '[]', 0, '2019-05-24 06:06:40', '2019-05-24 06:06:40', '2020-05-24 11:36:40'),
('3a012547d6df193e763d73f73c3bbb0f5096eb276ac44655dfd74d2b34280b87e47e35b5af195cef', 42, 1, 'user', '[]', 0, '2019-06-04 05:25:20', '2019-06-04 05:25:20', '2020-06-04 10:55:20'),
('3a6326eab5f7dde0b5405f317c5b81b2ee32849f8d3b4f60b9d1fdc3508146bc1ca35149c57d6ead', 123, 1, 'user', '[]', 0, '2019-06-05 09:22:35', '2019-06-05 09:22:35', '2020-06-05 14:52:35'),
('3abae4ee54df76341b60ea0a53b9b75de06cb454bc16b50688d179da061ec4d5f3d0aea223fb5f3b', 42, 1, 'user', '[]', 0, '2019-06-04 23:08:12', '2019-06-04 23:08:12', '2020-06-05 04:38:12'),
('3ac370ef7d717cb3173ecc4001c81abaefd71162717af591e382a83b53d3560aea6b7845a3415923', 84, 1, 'user', '[]', 0, '2019-05-14 05:30:16', '2019-05-14 05:30:16', '2020-05-14 11:00:16'),
('3b287bd797997dbffbd569ab9209da56ec22ea2481b58ecfddfba396f1915982667b62049f01ebd3', 42, 1, 'user', '[]', 0, '2019-06-04 06:31:04', '2019-06-04 06:31:04', '2020-06-04 12:01:04'),
('3b6cf9c5ebcb2be15754b0325c0820fa6cc2d4cb7c246264a52fab06bb40dc8dee64274d44792fd4', 87, 1, 'user', '[]', 0, '2019-05-13 01:32:25', '2019-05-13 01:32:25', '2020-05-13 07:02:25'),
('3be318744ba803a9c647229ff886b3f17f106447a5b9098409a0b541730b4dbd0f67345eb3a16179', 42, 1, 'user', '[]', 0, '2019-06-04 05:21:33', '2019-06-04 05:21:33', '2020-06-04 10:51:33'),
('3c5561f4262a9202dae566e05b204e12d3f3066fc89c099674b83efc22492348043d5ce83bc4244f', 15, 1, 'user', '[]', 0, '2019-03-29 06:19:00', '2019-03-29 06:19:00', '2020-03-29 11:49:00'),
('3c93dce8538f87eb591b8f63f1f79b1614d0c568b6458f8df663481b4b7992e1f726993936acc5c6', 42, 1, 'user', '[]', 0, '2019-06-06 05:42:36', '2019-06-06 05:42:36', '2020-06-06 11:12:36'),
('3cee5948bbdbbae793cd0b65598deceebe804f207d8549000d41ce6a1a615a81bbb743345ec635ae', 119, 1, 'user', '[]', 0, '2019-06-05 03:35:01', '2019-06-05 03:35:01', '2020-06-05 09:05:01'),
('3d176a0f96b2e407d147e497a592ec738448e06fa6c566c2544f5b861ffd40a22b342e15b3923a55', 42, 1, 'user', '[]', 0, '2019-05-28 04:25:54', '2019-05-28 04:25:54', '2020-05-28 09:55:54'),
('3d373ccaacd215169cb3192ce5558da4319eece50dc43ea206339bc325298ee44d9f95dbf6da699b', 11, 1, 'user', '[]', 1, '2019-01-24 07:17:11', '2019-01-24 07:17:11', '2020-01-24 12:47:11'),
('3d587bbc0da17cd69a27e6edae2d4b684f1d9e3bf0cca9e2984881370d473d2402b3385a414f73f3', 5, 1, 'user', '[]', 0, '2019-01-22 04:56:34', '2019-01-22 04:56:34', '2020-01-22 10:26:34'),
('3dd868c278c5282ddabcde0f94fc413c4050a9a0715b5e653d54392a5e0207e6e47af4aa77cf18d3', 42, 1, 'user', '[]', 0, '2019-05-03 03:32:42', '2019-05-03 03:32:42', '2020-05-03 09:02:42'),
('3e1e363088a0c9f9190141aebf40c2156a5285f73611b54ef21122d782d11dcf77964168377f5e3c', 92, 1, 'user', '[]', 0, '2019-06-04 08:35:58', '2019-06-04 08:35:58', '2020-06-04 14:05:58');
INSERT INTO `oauth_access_tokens` (`id`, `user_id`, `client_id`, `name`, `scopes`, `revoked`, `created_at`, `updated_at`, `expires_at`) VALUES
('3e3153941f3c45c36d7bb507412ab7f143567ccec72c31193ccfe728176e515982b5a00529aff0dd', 120, 1, 'user', '[]', 1, '2019-06-05 07:48:47', '2019-06-05 07:48:47', '2020-06-05 13:18:47'),
('3e6869bf6b4fef7a96cfc43590b4dec154467e6de8ec9a0d4d07e2d3ee2678b57c7c9cbe43eb1f82', 120, 1, 'user', '[]', 0, '2019-06-05 07:20:18', '2019-06-05 07:20:18', '2020-06-05 12:50:18'),
('3eda435b5214eeadd5119768be4b77834afaec2b0b1f3364da11757aa51f7b1059130b213423e662', 84, 1, 'user', '[]', 0, '2019-05-30 06:46:06', '2019-05-30 06:46:06', '2020-05-30 12:16:06'),
('3f2c257ac052f75d123d6c7b0bc2cedc7ed544fbe71f73821f6ff28b0e96176fb728cc3501cb3f34', 106, 1, 'user', '[]', 0, '2019-05-20 01:32:15', '2019-05-20 01:32:15', '2020-05-20 07:02:15'),
('3f4dc6996d74b9863b7f967734169dab55a72588dc20f06e37389c9c844bd30e893146bee1687a75', 44, 1, 'user', '[]', 0, '2019-05-02 23:17:21', '2019-05-02 23:17:21', '2020-05-03 04:47:21'),
('3f51980424d7bbfacf9403351b3dfb061fde0c3968d948bbea77788a9f05faff9e7479f3607190aa', 108, 1, 'user', '[]', 0, '2019-05-23 05:09:57', '2019-05-23 05:09:57', '2020-05-23 10:39:57'),
('3f5a608ef5836e6d0f550d6bb37ddace3bdad35939027491d8d1abcaf3b7775e11fb2972e5b43eaa', 42, 1, 'user', '[]', 0, '2019-05-20 23:52:12', '2019-05-20 23:52:12', '2020-05-21 05:22:12'),
('3f866dc82099638bb9515a7070049388dc871afea8c38f2294df0bf29ecc91d2240209acc8ae7cc8', 42, 1, 'user', '[]', 0, '2019-06-04 22:59:48', '2019-06-04 22:59:48', '2020-06-05 04:29:48'),
('404f595da0603459c39bba6727be00e6ad80a30d519e4179861353a1588cf39b41e3e4081b99ef62', 13, 1, 'user', '[]', 0, '2019-03-29 06:21:02', '2019-03-29 06:21:02', '2020-03-29 11:51:02'),
('40c06fb57c953c40a5bf022fc5d8ee80a91a01009e3d67d0ad4fd8d56253ec353e83827e03c09507', 42, 1, 'user', '[]', 0, '2019-05-22 07:30:42', '2019-05-22 07:30:42', '2020-05-22 13:00:42'),
('40c98ea14223d6aac2a95a1c71fe1f321ef8da62f2282249b3a90b0cf25b30095f9c9ce4896f304c', 24, 1, 'user', '[]', 0, '2019-04-26 08:15:03', '2019-04-26 08:15:03', '2020-04-26 13:45:03'),
('41d4f74a876657f6236ad43eb568dbee83ef3f8e64687113b49c857cae4503e155760b533b5eacb6', 124, 1, 'user', '[]', 0, '2019-06-06 00:23:38', '2019-06-06 00:23:38', '2020-06-06 05:53:38'),
('41d9d148baded79ea887452e42e0da634de613d873fdea8d9cb866066ce59bfeec32cdba4ebbd353', 39, 1, 'user', '[]', 0, '2019-05-21 09:12:29', '2019-05-21 09:12:29', '2020-05-21 14:42:29'),
('41e11cf01e3765177f22b270fb8945beb5da4d2fa4c62131e3eda730caa96b2a9bb0c74bf21fef0d', 42, 1, 'user', '[]', 0, '2019-05-03 01:39:10', '2019-05-03 01:39:10', '2020-05-03 07:09:10'),
('42351ddd23a878d254c8434f8ccf3e1ca9e98f686493a101e9f888d018fba6d0144826aeaa7482e4', 57, 1, 'user', '[]', 0, '2019-05-10 07:10:00', '2019-05-10 07:10:00', '2020-05-10 12:40:00'),
('424f0b472a5d871b7663e349ec9da677381513cb71cd24d3c9ff026a23dbfe1703f7b839d8339bf3', 94, 1, 'user', '[]', 0, '2019-05-15 01:23:18', '2019-05-15 01:23:18', '2020-05-15 06:53:18'),
('42548244a318f4383f3b45301d8249ac10cac214d5c9c81c839fc7fbf3265b62dd04345d5d324b09', 55, 1, 'user', '[]', 0, '2019-05-09 05:23:05', '2019-05-09 05:23:05', '2020-05-09 10:53:05'),
('429ba1f9a432b098fa6755558225af087b9125b72dbb24ff27d44bb18037481d0e0f99f68fb784cb', 42, 1, 'user', '[]', 1, '2019-05-29 07:26:40', '2019-05-29 07:26:40', '2020-05-29 12:56:40'),
('4300cd6d1253d8a16770397286cdd379573f7a4dfa2342bab93affdca49c9ac996f5351b547bbf83', 114, 1, 'user', '[]', 1, '2019-05-30 07:01:39', '2019-05-30 07:01:39', '2020-05-30 12:31:39'),
('436b1e68528adcdc826567fac75c20284d4a3a065c1266a23458bfc6c0a1fecd2dfcf3b91f96a2a8', 42, 1, 'user', '[]', 0, '2019-06-05 07:51:17', '2019-06-05 07:51:17', '2020-06-05 13:21:17'),
('43b085303bacb2f82ca55dcb66bf95cfd59aa74cf6f0b22d2d1605feb4ea640aa03204b1f0427d16', 92, 1, 'user', '[]', 1, '2019-06-10 04:32:15', '2019-06-10 04:32:15', '2020-06-10 10:02:15'),
('43e1fd65ec3f4c6ca5a42d8520794a19a8f5ddf7fae15e760df836165c4f4ca0bb0b499979e86c14', 42, 1, 'user', '[]', 0, '2019-06-06 04:37:46', '2019-06-06 04:37:46', '2020-06-06 10:07:46'),
('44148ef88d81f86825a9f314816f0ca6ae8d6351d0bb050fe80bbc7947c8e2800d6b217bcb5365f7', 47, 1, 'user', '[]', 0, '2019-06-03 02:01:27', '2019-06-03 02:01:27', '2020-06-03 07:31:27'),
('443618e61e7c96387510660c26055d8e0e28be3e64f03457883a4cfe3467df73b6772ae9e8c9ab5a', 42, 1, 'user', '[]', 0, '2019-05-29 02:17:16', '2019-05-29 02:17:16', '2020-05-29 07:47:16'),
('4451d3aa084ac91325d27cf7072de150e86db3d9ddb7dcaa4e73a082a118aa346f054ff2bc197931', 105, 1, 'user', '[]', 0, '2019-05-20 02:31:39', '2019-05-20 02:31:39', '2020-05-20 08:01:39'),
('45274250509bd1309ecdfb936f253b1aea2c3c2873a902fa4bb5baa7f4667937891b425a6ef64b02', 117, 1, 'user', '[]', 1, '2019-06-05 01:28:50', '2019-06-05 01:28:50', '2020-06-05 06:58:50'),
('4631d40ac84ccaf6ac6cac611869f70d3f6a80968d5f275ff86057e9b58f63d9060982dbb82f3ffd', 107, 1, 'user', '[]', 0, '2019-05-20 07:00:02', '2019-05-20 07:00:02', '2020-05-20 12:30:02'),
('4647ec4a93c3a9ef46eb2b7bb376c1b9a30d81c9fcc40a66e2c9a743fbc6cc10b62af2eaf26493ef', 133, 1, 'user', '[]', 0, '2019-06-11 01:47:45', '2019-06-11 01:47:45', '2020-06-11 07:17:45'),
('464aad9c857ec62d6a34d8f0d2df15fef36912ebb7b6e61763052340f75e121737c87ed7751f5ec2', 3, 1, 'user', '[]', 0, '2019-05-23 06:05:19', '2019-05-23 06:05:19', '2020-05-23 11:35:19'),
('4681788473543aedc8bc170555414cbcb2f5d3e2f909658f85b6c9162577b15ed7b9195b22991607', 42, 1, 'user', '[]', 1, '2019-05-17 03:34:38', '2019-05-17 03:34:38', '2020-05-17 09:04:38'),
('469dc952dd4398992d19b0889e1d881e8eee8d0ac38e8221c9e41d58f820bc97540f71cff2c292b3', 42, 1, 'user', '[]', 0, '2019-06-04 06:42:45', '2019-06-04 06:42:45', '2020-06-04 12:12:45'),
('46a51264c76d5f2f755c1cde59a6b06561f6426ac1135bffbdb279a2beb5a7294b84abc07b1e82b3', 55, 1, 'user', '[]', 0, '2019-05-15 01:43:51', '2019-05-15 01:43:51', '2020-05-15 07:13:51'),
('46fc80b11efb42d9c11e4593167d9bb375c504dd26ee2be14ab2362f95996cfe6349232f0e70de52', 102, 1, 'user', '[]', 0, '2019-05-20 01:13:21', '2019-05-20 01:13:21', '2020-05-20 06:43:21'),
('47653767b4d7ce148827b4cd09ec8d9a4c4f5cfb9e32a50a0d0eb918a412497c9a9ede18454e8848', 24, 1, 'user', '[]', 0, '2019-04-24 06:09:26', '2019-04-24 06:09:26', '2020-04-24 11:39:26'),
('47e6b35f57fec623bbd0b40f7281a52978ed4b26b175f973f6b8fe73f56916414558c6dcb2d2f137', 58, 1, 'user', '[]', 0, '2019-06-04 08:18:24', '2019-06-04 08:18:24', '2020-06-04 13:48:24'),
('481805b2b068cf83f56cff3a6081e21d27779fe470898d250062da7a69a302665ae911d2a58b65dc', 42, 1, 'user', '[]', 0, '2019-05-30 00:00:45', '2019-05-30 00:00:45', '2020-05-30 05:30:45'),
('482453144d5f3d16e9cda999639baad417aedaf2698d91dd25ca8d08069f00cc33272adcd8f9beac', 116, 1, 'user', '[]', 0, '2019-06-05 00:22:50', '2019-06-05 00:22:50', '2020-06-05 05:52:50'),
('48651b1de2625963aaf1abe346cabb5645159dcf174750de0af6596e654b826f6aadc929c7d24295', 42, 1, 'user', '[]', 0, '2019-05-29 02:33:07', '2019-05-29 02:33:07', '2020-05-29 08:03:07'),
('486896fa8e65c82152ec631edece4c8435fef76a7cb97010a895b69d945341b8b5f7575c97dcf9ab', 107, 1, 'user', '[]', 1, '2019-05-23 05:36:14', '2019-05-23 05:36:14', '2020-05-23 11:06:14'),
('48d89804ea90c5968c3ac7299f0ff4f16577ad9df07ad5962e6619329909b34f94dc3aa7bc14b8c3', 105, 1, 'user', '[]', 0, '2019-05-20 02:02:11', '2019-05-20 02:02:11', '2020-05-20 07:32:11'),
('48e1a8fbe2ea5c846cc3c37630bfb9ce883f0d9a4e833d037da102f99ddc453f158e06c4ad8ace42', 42, 1, 'user', '[]', 0, '2019-05-08 05:53:20', '2019-05-08 05:53:20', '2020-05-08 11:23:20'),
('48ec69d27f670d00f839fe89a8e24f264b33ea15075bb5dd5795d3e98352ca8835a7ab7346f04959', 98, 1, 'user', '[]', 1, '2019-05-16 03:57:52', '2019-05-16 03:57:52', '2020-05-16 09:27:52'),
('490efb188d3060c9254bc8a3d9df4f5799e850432064aec3fe954c599a8077dcf2a7c61646bac3ac', 42, 1, 'user', '[]', 1, '2019-06-03 01:33:22', '2019-06-03 01:33:22', '2020-06-03 07:03:22'),
('4939008bc839870b979f6429c8ccb502cbd7821173f62f63dc8ae1dcbe1725d489ba598551db1770', 24, 1, 'user', '[]', 0, '2019-04-24 06:21:00', '2019-04-24 06:21:00', '2020-04-24 11:51:00'),
('4951f88ff8732f9d95578d17265b2d96f0954c1ab0fc2462cb04150fac890b48b1e67d133fb13c11', 42, 1, 'user', '[]', 1, '2019-05-08 06:46:32', '2019-05-08 06:46:32', '2020-05-08 12:16:32'),
('4971a3c72a54ea36df8a05317c978b602c7612ba729e660578d37a01a07fcba64c6de3d1b561be23', 42, 1, 'user', '[]', 0, '2019-06-05 00:51:32', '2019-06-05 00:51:32', '2020-06-05 06:21:32'),
('497719d684cdb8e6a7ebc1638ece6480688780f06efc61dc9abbd70b31f04863111c8171796afe8e', 42, 1, 'user', '[]', 0, '2019-05-29 23:28:09', '2019-05-29 23:28:09', '2020-05-30 04:58:09'),
('498646e1a854fece9398927d3b87a193095f4041de659fa64ae36bbfcea1ba6da93982e09fd5b8dd', 83, 1, 'user', '[]', 1, '2019-05-10 08:37:23', '2019-05-10 08:37:23', '2020-05-10 14:07:23'),
('49a42cb1f47d521630755f5df5796364b2b7a4343011d7e0b8bbed6f675f364de8195520fc5e289c', 115, 1, 'user', '[]', 0, '2019-06-03 01:38:28', '2019-06-03 01:38:28', '2020-06-03 07:08:28'),
('49e9cc747b91109cb98df3bda15a34d4abdce9dbbe348444fc7a60e2aebd9b5c7497486f5e2f7e88', 42, 1, 'user', '[]', 0, '2019-06-11 00:49:12', '2019-06-11 00:49:12', '2020-06-11 06:19:12'),
('49ee72b5e31c046600d490bfccfce991953882aadcf13795fb147eed756e9f6d24fe73d7689f540e', 15, 1, 'user', '[]', 0, '2019-04-09 04:58:14', '2019-04-09 04:58:14', '2020-04-09 10:28:14'),
('4a1359e69c0e80d88ca0a42cf052568c22179c9a59f5acb2ae6131ce5fa9698f91caee6729f1c4b9', 54, 1, 'user', '[]', 0, '2019-05-08 07:31:08', '2019-05-08 07:31:08', '2020-05-08 13:01:08'),
('4a468062fe83f153227a44a821e7bc5cf448298bbed3a94fff5c47e284a8aed658d4a7a302fae5e0', 3, 1, 'user', '[]', 0, '2019-04-30 00:18:55', '2019-04-30 00:18:55', '2020-04-30 05:48:55'),
('4a77dc4f1b4185c0ffd1d2dc41815986c768fc855570161a72a7946e6cbdd84aec20bf689bb8d9bb', 42, 1, 'user', '[]', 0, '2019-05-30 00:21:37', '2019-05-30 00:21:37', '2020-05-30 05:51:37'),
('4b39543d7bf76a4b2d91b4951d516ee60e3db8938e899456741a80238c0d1e291158ebc7cd83dfc0', 3, 1, 'user', '[]', 0, '2019-04-30 00:56:52', '2019-04-30 00:56:52', '2020-04-30 06:26:52'),
('4b6924c608a772997c0b99cb576ef082fe349149430193aac811d29f3afd21ec4631abf3d5b3b495', 42, 1, 'user', '[]', 0, '2019-05-03 04:14:18', '2019-05-03 04:14:18', '2020-05-03 09:44:18'),
('4b6a56a19f54c4939f03520f151b16aba8769d363bfe725295cd50217b9eebfdd716b35c67393c32', 42, 1, 'user', '[]', 0, '2019-06-04 23:02:34', '2019-06-04 23:02:34', '2020-06-05 04:32:34'),
('4c5ae2a941bd7371764cdfff76fc71a3d28e1b4413f961d65cdbbae8b5af00ce67c0c0ca9bbb753d', 84, 1, 'user', '[]', 0, '2019-05-16 22:58:00', '2019-05-16 22:58:00', '2020-05-17 04:28:00'),
('4c8e315846142082bb982a4d4075f80038c5d605ade95858c634682eca88288f32d88be27e67d1ad', 42, 1, 'user', '[]', 0, '2019-06-11 00:46:29', '2019-06-11 00:46:29', '2020-06-11 06:16:29'),
('4cd74804f976c394beae67f6dddd6a0b4380a313bd82515e5ef5911572ae58b1ce56b2e81792b572', 24, 1, 'user', '[]', 0, '2019-04-24 08:13:45', '2019-04-24 08:13:45', '2020-04-24 13:43:45'),
('4cd856cf3dd6909f5afe14c7d756700ed584eeb769768b66377824e3d53d7c38f6560fbb868581cc', 24, 1, 'user', '[]', 1, '2019-05-01 23:18:20', '2019-05-01 23:18:20', '2020-05-02 04:48:20'),
('4cd8cc8d8065a432a04d866ff2a23b6efc7239f211c0c051887a6d8edb1126392be22a5567dc23fc', 42, 1, 'user', '[]', 0, '2019-05-08 05:23:53', '2019-05-08 05:23:53', '2020-05-08 10:53:53'),
('4cde3e4d6beae67cb6908240c2736a7026ccc489687f3c838faf5d89e2f17ef85d509d6aaf2c813b', 42, 1, 'user', '[]', 0, '2019-05-23 05:09:15', '2019-05-23 05:09:15', '2020-05-23 10:39:15'),
('4d1b2ee96e9a36f1cf24ebdbdb5f9cb0faa75fbd57fb3ba659368c3a741d5f8744470dff6f91cd19', 42, 1, 'user', '[]', 0, '2019-06-05 03:50:13', '2019-06-05 03:50:13', '2020-06-05 09:20:13'),
('4d68f6d5353c86c4b5ebd426fb28964c0bbf8669d9a58ca2248334b662e9cebc5c0a37c273ae72e5', 55, 1, 'user', '[]', 0, '2019-05-09 05:26:22', '2019-05-09 05:26:22', '2020-05-09 10:56:22'),
('4d926d32ef2b4f5d2b4273c5b14e24a2f525136cbfedb740d3c7192d2e27ebc87a92f7ed3493cc50', 24, 1, 'user', '[]', 0, '2019-04-30 08:00:06', '2019-04-30 08:00:06', '2020-04-30 13:30:06'),
('4d961d267ef9dc7cc753a581fd099103bc65c85762e2b1d6ec8853b3cc4df9e72a76a8e200d95c40', 57, 1, 'user', '[]', 0, '2019-05-10 07:40:18', '2019-05-10 07:40:18', '2020-05-10 13:10:18'),
('4d96f1857b554247cab8cdf5be13c3902686196649b08c6955fa8b3c36939d4bf19fe5f93a35f2a7', 111, 1, 'user', '[]', 0, '2019-05-24 04:06:27', '2019-05-24 04:06:27', '2020-05-24 09:36:27'),
('4dda8c142f60e2e07dce7740ccd0ad5aae987b5b9145e2ee94b3e2d1688bd1fb51f9dfbf909b26e3', 42, 1, 'user', '[]', 0, '2019-05-21 02:04:33', '2019-05-21 02:04:33', '2020-05-21 07:34:33'),
('4de9226851f56958abaf8c6e3eb745cfc445dbfbc962cc1d504b82e3013b1cc71206dd89fdd709ad', 42, 1, 'user', '[]', 0, '2019-06-04 02:24:51', '2019-06-04 02:24:51', '2020-06-04 07:54:51'),
('4e09e89c4f62cabcf72638101ebb8b729b9bdbb1cc78cc1a965f5e731c92d7fc38e09e9778f4cba6', 96, 1, 'user', '[]', 1, '2019-05-16 05:49:21', '2019-05-16 05:49:21', '2020-05-16 11:19:21'),
('4e33f7efd64eaad2ed07b8514845dcdb76687f1f48b99e249c631c7017f7edeb37ea5b45625e9c83', 55, 1, 'user', '[]', 0, '2019-05-09 05:48:16', '2019-05-09 05:48:16', '2020-05-09 11:18:16'),
('4e385065b050098787e5ddd070890e4b4698142766b58dcf64f9e5f909da01ceec9b09f8b5745395', 24, 1, 'user', '[]', 0, '2019-05-01 06:47:41', '2019-05-01 06:47:41', '2020-05-01 12:17:41'),
('4e46255a81d807c222c9e01fce364f7c954a8b087a950249ab02cf1f12e05a15905c616670be9745', 42, 1, 'user', '[]', 0, '2019-05-28 00:51:12', '2019-05-28 00:51:12', '2020-05-28 06:21:12'),
('4e4a3015521b97dd95d19e0835f07a4a967978066cc6a08a4fa60e5a265b75c485fc872ee0d4b89f', 44, 1, 'user', '[]', 1, '2019-05-09 04:47:03', '2019-05-09 04:47:03', '2020-05-09 10:17:03'),
('4e60a22a5a27f2fee59d548455c8c9d2334a6e19778fa91fadd83f284acbc5e7a01de6aae525432c', 71, 1, 'user', '[]', 1, '2019-05-16 01:19:54', '2019-05-16 01:19:54', '2020-05-16 06:49:54'),
('4f5e549da37f2c6702ce7eed66c946324425c146b2fe5241a9ae6aaea7935767b07820f508561307', 42, 1, 'user', '[]', 0, '2019-06-07 00:12:29', '2019-06-07 00:12:29', '2020-06-07 05:42:29'),
('4f5f7cd4eec5d274e6d5763c640c933e368bff1b15d6ca8b4f7d49f20ac4a9edd76758371b5e2328', 116, 1, 'user', '[]', 0, '2019-06-05 07:59:38', '2019-06-05 07:59:38', '2020-06-05 13:29:38'),
('4f8c327e3989b0f7898212235419a12b3037fc56046da01e34948584c60491e7d41fbd7630a3878b', 120, 1, 'user', '[]', 0, '2019-06-05 06:11:43', '2019-06-05 06:11:43', '2020-06-05 11:41:43'),
('4f8fa7394d01e7e6168c16a2d7b3a2e1784a83fda9855d5c1716cd66dbed60f6bb4359a669655b0b', 55, 1, 'user', '[]', 0, '2019-05-16 06:40:32', '2019-05-16 06:40:32', '2020-05-16 12:10:32'),
('4fe7124e089714194f48162fd4c97a9d5588708a8bf56dbb76822a1d56cecb3aecbc2be89f6d256d', 84, 1, 'user', '[]', 1, '2019-05-17 05:04:24', '2019-05-17 05:04:24', '2020-05-17 10:34:24'),
('5034c4a84d1c6397ad06c8753fabcd4ee2da98464254ad183616fea23bc539d90ffee4fba2d3849a', 99, 1, 'user', '[]', 0, '2019-05-21 02:17:03', '2019-05-21 02:17:03', '2020-05-21 07:47:03'),
('50b754190e7b61a668be019f0904c0f278c3a857f18ab06e2d1612a27e921546574de0a9474cc1b0', 42, 1, 'user', '[]', 1, '2019-06-04 23:16:10', '2019-06-04 23:16:10', '2020-06-05 04:46:10'),
('50ef67a39fb8a402074fbdbbca31fc8553e5e628956106bf9a1ae8d446203e956c4bdbf9eb66f72c', 47, 1, 'user', '[]', 0, '2019-05-06 07:50:31', '2019-05-06 07:50:31', '2020-05-06 13:20:31'),
('50f1235b70e4d8c0fcc360f8476475bac86dfff77a598b7411ddf3829479e223a73be2da39dce8f6', 99, 1, 'user', '[]', 1, '2019-05-16 07:04:29', '2019-05-16 07:04:29', '2020-05-16 12:34:29'),
('50ffbc22d750d23097c836ee4859001cf09a77ee2e605e8ba49c2be668225c471fb08920b64163ae', 5, 1, 'user', '[]', 0, '2019-01-22 05:51:17', '2019-01-22 05:51:17', '2020-01-22 11:21:17'),
('5112a03472787a5c40d9c4a4c029670710f075ba58c33389b8995e1c6a799a54a6ab495486ed6c79', 42, 1, 'user', '[]', 0, '2019-05-27 08:23:16', '2019-05-27 08:23:16', '2020-05-27 13:53:16'),
('5150674f4e4efa7406f79e22cc922b6dc7167b84623c84200c6d368d48fe4715a329990a5fb6186c', 42, 1, 'user', '[]', 1, '2019-05-09 05:17:02', '2019-05-09 05:17:02', '2020-05-09 10:47:02'),
('5179e3926c536148127ef71683864ec2bfabb3aff95735c6776219f8c399822e1d4bf066cbc32af1', 42, 1, 'user', '[]', 0, '2019-06-05 00:21:04', '2019-06-05 00:21:04', '2020-06-05 05:51:04'),
('520049e3f59200d84013171748ae85ad736d0b28908a933847608ad62fc91403a523465d1fc496fa', 105, 1, 'user', '[]', 0, '2019-05-20 02:13:14', '2019-05-20 02:13:14', '2020-05-20 07:43:14'),
('52434f243f65e3d8d2fd663651cdf1dc2d2ed8b9a154386a5366326bfba815fab50f8fe2bc4cb93c', 14, 1, 'user', '[]', 0, '2019-03-13 05:13:16', '2019-03-13 05:13:16', '2020-03-13 10:43:16'),
('526d57061a722612e379f5e74fe4cca5911d2930361206e638f574d20dd0b7927bc8b2dbc5cd5abb', 42, 1, 'user', '[]', 0, '2019-06-10 07:34:42', '2019-06-10 07:34:42', '2020-06-10 13:04:42'),
('52a8e9b92f8e5b491342c6ccf7ff8922276a174feded7e4efe48a0afca8fe0798116117001a50fd4', 42, 1, 'user', '[]', 0, '2019-05-28 03:53:40', '2019-05-28 03:53:40', '2020-05-28 09:23:40'),
('52b6f3e8a529e422aca75aa36fb2fd01e14f0b9e6dd4cb73ae6023abb4e6ef28127d830a0216d772', 43, 1, 'user', '[]', 0, '2019-05-02 05:55:20', '2019-05-02 05:55:20', '2020-05-02 11:25:20'),
('52bdc858374a1087538fd41b998eeb9e5cf6293e136e3ee26ca0c671ca7c698730e52e3b0f2fb240', 42, 1, 'user', '[]', 0, '2019-05-28 23:38:53', '2019-05-28 23:38:53', '2020-05-29 05:08:53'),
('52eddc2e99aadcf9fe57adfc848e1b441efb8fff5b21783651fca142e7c69dca49cea4100a713940', 108, 1, 'user', '[]', 0, '2019-05-20 23:02:55', '2019-05-20 23:02:55', '2020-05-21 04:32:55'),
('5305d3167a693905a5bcd61887949dd0b1fd2d7d3b67464f5f456b7c42d48e43166a9349a0476f9a', 24, 1, 'user', '[]', 0, '2019-05-01 23:09:01', '2019-05-01 23:09:01', '2020-05-02 04:39:01'),
('531862f2298dc4baa102b0d6b5f6839891afa08e41977183ba516a6a7abc20b8a913f110fb2c9fca', 3, 1, 'user', '[]', 0, '2019-04-25 01:31:26', '2019-04-25 01:31:26', '2020-04-25 07:01:26'),
('53528246069c54161c8dd9ec98ef79b782171229030ef8a8e3526a42426a15f1b557139af3d2cf93', 127, 1, 'user', '[]', 0, '2019-06-10 01:43:14', '2019-06-10 01:43:14', '2020-06-10 07:13:14'),
('53a7a06423c8f9043ea96aeb3147e0c6f992d3c4312264910ed66e5c91738d4799e92c368f3d6713', 42, 1, 'user', '[]', 0, '2019-05-03 05:37:46', '2019-05-03 05:37:46', '2020-05-03 11:07:46'),
('53b02654ef94042c2feca90a65b29d73c4ea5417c5bd6bc7c0cc4196d7ce1435e29fb80f80d43294', 42, 1, 'user', '[]', 0, '2019-06-11 01:01:57', '2019-06-11 01:01:57', '2020-06-11 06:31:57'),
('53ca7769f359080890a160ac114885e397310dc594136771cfa26441caea26f5e79af7255329da5f', 13, 1, 'user', '[]', 1, '2019-01-25 05:43:11', '2019-01-25 05:43:11', '2020-01-25 11:13:11'),
('5404df4d9dbd8f06599ec6c92a916a0162b991badc8a7480067fb9bd171c2576e541b75803d72f19', 42, 1, 'user', '[]', 0, '2019-06-11 05:02:07', '2019-06-11 05:02:07', '2020-06-11 10:32:07'),
('545f2ac430fd44213ae9d0b26b9b72e6a2decbcb34dd400e4baba4dc98be3896300c89a5c7dbac27', 42, 1, 'user', '[]', 0, '2019-06-05 23:30:28', '2019-06-05 23:30:28', '2020-06-06 05:00:28'),
('54c0c2732721f0c582b896d446f9a8c1ea819a7982876ceee660da8023163db8dcd35bca3cda72c0', 42, 1, 'user', '[]', 0, '2019-06-07 02:05:27', '2019-06-07 02:05:27', '2020-06-07 07:35:27'),
('55026eeed092fa2c421456020991b1fac355264cc473601024736649962e4aeb91121b795aeb5846', 42, 1, 'user', '[]', 0, '2019-06-07 00:09:03', '2019-06-07 00:09:03', '2020-06-07 05:39:03'),
('5536fc5a47755c3e03edcd0357e3446340fe615ea9a6a80e8a8762c6617c14707e37f99048bd33cc', 55, 1, 'user', '[]', 0, '2019-05-15 02:14:04', '2019-05-15 02:14:04', '2020-05-15 07:44:04'),
('55ee3236eb7879e8a0631e7b39d1b48ce357cde2b63452e9f6f68177cd68ef685871d8c3584278dc', 3, 1, 'user', '[]', 1, '2019-01-22 06:39:00', '2019-01-22 06:39:00', '2020-01-22 12:09:00'),
('56298b91f47f9a7cb539d7390565eb4d86a9e81881055336b2f63d697df2d41ae8bbe2c68f83c622', 25, 1, 'user', '[]', 0, '2019-05-01 00:44:02', '2019-05-01 00:44:02', '2020-05-01 06:14:02'),
('5632eebac3d3e693d2f10de4a2015c8c64c28980909db35bb13f8e205245083cc42b24b4d3f3f871', 24, 1, 'user', '[]', 0, '2019-04-26 08:13:52', '2019-04-26 08:13:52', '2020-04-26 13:43:52'),
('563e564819d1d0f6a1a9e96f0dc27584012df4e39788669c64b0f8048314e3b8c06720c167160285', 2, 1, 'user', '[]', 1, '2019-01-23 07:25:42', '2019-01-23 07:25:42', '2020-01-23 12:55:42'),
('56988ef045b18a749667c56358079ef9bf75f7f49d0cd95121826f61a4b82c089159f16b215c7e5f', 42, 1, 'user', '[]', 0, '2019-06-06 06:11:54', '2019-06-06 06:11:54', '2020-06-06 11:41:54'),
('56bd5473219b0e6df0ea440a8f65c3f9cfe03162348623efcdf9e2c4e09c2f3c4184f2cfa8722f81', 24, 1, 'user', '[]', 0, '2019-04-30 08:56:44', '2019-04-30 08:56:44', '2020-04-30 14:26:44'),
('56cefe6a6f810e40fcba69517abe648bb6dba0b772b411f153599bb8c3df0d4907d3c61db4fde5b9', 42, 1, 'user', '[]', 0, '2019-06-10 04:41:01', '2019-06-10 04:41:01', '2020-06-10 10:11:01'),
('570399321709fc214c82394c13763447ae97536aaa349c92d3b2e6fa369584a41d76724f9f6e0284', 42, 1, 'user', '[]', 0, '2019-05-28 04:11:56', '2019-05-28 04:11:56', '2020-05-28 09:41:56'),
('570a53a2c7c782888619eb07642e4dc1f70d3ecffd1b21da7b5cc0f784b84cce3b4bd4b1cb20b4ae', 24, 1, 'user', '[]', 0, '2019-05-01 07:36:43', '2019-05-01 07:36:43', '2020-05-01 13:06:43'),
('570b6fded96a16e2741a6dcb2ee311f46507af4e4101a7344a239ce00e37006963fb9d1cc0c58acc', 57, 1, 'user', '[]', 0, '2019-05-10 07:41:56', '2019-05-10 07:41:56', '2020-05-10 13:11:56'),
('570ef7dbf3e2f13779805ca781d8ad786b5fa5957250db02527154622b48f51d4bd6e1af4c081ba6', 120, 1, 'user', '[]', 0, '2019-06-05 05:57:30', '2019-06-05 05:57:30', '2020-06-05 11:27:30'),
('5733e58e12b7f4ff8257a44c83c35af4ead6cdd739e4865a4bef6a094915553223a5fe26b5007864', 42, 1, 'user', '[]', 0, '2019-06-04 09:05:49', '2019-06-04 09:05:49', '2020-06-04 14:35:49'),
('580032e838407e4242aba3c8a6f470eca9ac4b3e9799f4dd96f8abe5d8d9c8e8f4822b5be12cc63e', 71, 1, 'user', '[]', 0, '2019-05-12 23:16:07', '2019-05-12 23:16:07', '2020-05-13 04:46:07'),
('5815771e275a04832300352e3d3b315fedc228b5a15faabad58e927d1d865dcdf119a24186843b22', 24, 1, 'user', '[]', 0, '2019-05-01 07:10:47', '2019-05-01 07:10:47', '2020-05-01 12:40:47'),
('5816485a028dce313a874e14bfdedd7ada54852cfcf4979d05d56debbd021276f9cb82890fe54898', 42, 1, 'user', '[]', 0, '2019-05-28 23:59:27', '2019-05-28 23:59:27', '2020-05-29 05:29:27'),
('582fd18d52a255de7b8ff275aa0af6ca21f9144f8b8dd7be93605ed8a6a95ab93d4789c64d91d9be', 42, 1, 'user', '[]', 0, '2019-05-29 03:37:16', '2019-05-29 03:37:16', '2020-05-29 09:07:16'),
('585e9057609da3ebc8f071f737e4921660688e304a090a4336137765cbd90770a786b740bbfea088', 108, 1, 'user', '[]', 0, '2019-05-23 05:13:08', '2019-05-23 05:13:08', '2020-05-23 10:43:08'),
('58619ea8be97cc34b3f79ad1147b98d9dc0489cf018a9c4667e778fdd9e46a392209e74dd946fd50', 55, 1, 'user', '[]', 0, '2019-05-15 01:32:58', '2019-05-15 01:32:58', '2020-05-15 07:02:58'),
('5872500d89a05fd6575c3ea2c415c4f2df59472cd859828e99da23ee11fb375efee0715389b70f1a', 84, 1, 'user', '[]', 1, '2019-05-16 00:56:20', '2019-05-16 00:56:20', '2020-05-16 06:26:20'),
('588eb87516d6d4f5ae6890dd5119b89e438cc7d8011b23d75665df819241c6e17a9ada43063af1dc', 97, 1, 'user', '[]', 0, '2019-05-16 01:34:09', '2019-05-16 01:34:09', '2020-05-16 07:04:09'),
('58c257a83bab348f76c4fddbda7c7a750d43d0df0e9674431aa7baf09ddc2d757b3eb293e4e403ef', 101, 1, 'user', '[]', 0, '2019-05-23 06:17:47', '2019-05-23 06:17:47', '2020-05-23 11:47:47'),
('58ca0c6b423233f45541e9650db00df64876b3b35acda1182cd2e3e88df9a941c87d4a33645519cd', 57, 1, 'user', '[]', 0, '2019-05-10 07:37:59', '2019-05-10 07:37:59', '2020-05-10 13:07:59'),
('58e2e6d0f2837fe8d0aa856e66ac8a4fd7aabe6f1d5a98c6c3069c3e5a6fa96e0870d28092794ba6', 47, 1, 'user', '[]', 0, '2019-05-09 05:53:38', '2019-05-09 05:53:38', '2020-05-09 11:23:38'),
('5928897c3e69f57648096372f65b65b360cb256936fc7f44f33c645eef812650fb8648b1c50ff2ab', 103, 1, 'user', '[]', 0, '2019-05-20 01:26:53', '2019-05-20 01:26:53', '2020-05-20 06:56:53'),
('5979f3fc85e1c477c9c488933e8998f913f17e05b2056f114b72eac1de69dfef4e2d85e4d0366848', 120, 1, 'user', '[]', 0, '2019-06-05 07:08:49', '2019-06-05 07:08:49', '2020-06-05 12:38:49'),
('59af5dff976f3ef72540b7bd8f74b856324df4c9d5ee794f82f1c4142675489c96570a2c63ab999c', 42, 1, 'user', '[]', 0, '2019-05-29 23:50:42', '2019-05-29 23:50:42', '2020-05-30 05:20:42'),
('59ce3996ae944e4c607bbba894e6351da1ae3f1c3f729af3b7b4e96c979e3f496d2557f84096a361', 12, 1, 'user', '[]', 0, '2019-01-24 07:23:01', '2019-01-24 07:23:01', '2020-01-24 12:53:01'),
('59cec1dfc8a0464b84a103126f2b81d7ea08258bb72b660510bb404b54cf534f44051aef018b70e3', 24, 1, 'user', '[]', 0, '2019-04-26 06:58:17', '2019-04-26 06:58:17', '2020-04-26 12:28:17'),
('5a0657a0ed47ffcb266aff2582f897f3ef338db9dd5e57bae06030762b77a8249bf56bcc1cc450cf', 42, 1, 'user', '[]', 0, '2019-06-11 00:45:48', '2019-06-11 00:45:48', '2020-06-11 06:15:48'),
('5b2014b340060f61dd4749d326c94abafdbb277d9864d0936d03bcbee3958f8b0ea939c5598bd0b9', 42, 1, 'user', '[]', 0, '2019-06-07 01:02:18', '2019-06-07 01:02:18', '2020-06-07 06:32:18'),
('5b221abe31ea31bd00f62b0927288d184fb513eff5b7bf3d513e902eadc751199ca1f34e34f4bcc8', 42, 1, 'user', '[]', 0, '2019-05-03 06:16:31', '2019-05-03 06:16:31', '2020-05-03 11:46:31'),
('5b323d189e2490d3f5d4574c2cb0fe4c7a135fd8f478f94764e56dc9b9dd03cafe6e5e3ecea82a28', 24, 1, 'user', '[]', 0, '2019-05-01 06:41:09', '2019-05-01 06:41:09', '2020-05-01 12:11:09'),
('5b3f9e9e501a0a5138534ff24696a6f5bc74dbc3a4e73fcc87521c7791f1809ff73f0ecfc88e1e16', 24, 1, 'user', '[]', 0, '2019-05-01 07:25:34', '2019-05-01 07:25:34', '2020-05-01 12:55:34'),
('5b4d86cbb6120c56240ffb061b9be69af82e2417acb4f42ec0c533bd6c1afcc6ea4e8f7764b89099', 42, 1, 'user', '[]', 0, '2019-05-29 04:08:58', '2019-05-29 04:08:58', '2020-05-29 09:38:58'),
('5b7f6eccfa00274d48788cb7d89f8c0ec83ccf6016d072d8e8235d715ddcee907dc2f1fe2c25acc0', 120, 1, 'user', '[]', 0, '2019-06-10 05:21:31', '2019-06-10 05:21:31', '2020-06-10 10:51:31'),
('5b9224c5134562dfe20eaee199abbb8b2548f96f4248f38df118ee1b5daa16aa59c59e102b00eb94', 42, 1, 'user', '[]', 0, '2019-06-10 03:32:34', '2019-06-10 03:32:34', '2020-06-10 09:02:34'),
('5bc44cb2106e6b80a768c00ecd33e1eeb1529518545a55f51c9fc3e239a33cea79c9ff6602b384a0', 42, 1, 'user', '[]', 0, '2019-06-04 23:04:55', '2019-06-04 23:04:55', '2020-06-05 04:34:55'),
('5bf263f4e917bd8876fe86d9a85f4b929064ce8781ff4ff74cfb8b52a02bcef8da949a4fa91c471a', 48, 1, 'user', '[]', 0, '2019-05-07 02:27:27', '2019-05-07 02:27:27', '2020-05-07 07:57:27'),
('5c1793347f177fcc2b4cd9b298bfeacdcca618656911e4e7fde66ccbb14fcc7b08d5a490789dd5ae', 13, 1, 'user', '[]', 1, '2019-03-20 05:25:23', '2019-03-20 05:25:23', '2020-03-20 10:55:23'),
('5c363a802760f9a2e29ac0b0df766eed997bef786c0fa2d6ded730d837fc0278e8e74736791aa9d7', 42, 1, 'user', '[]', 0, '2019-05-27 23:11:39', '2019-05-27 23:11:39', '2020-05-28 04:41:39'),
('5c866e98400ecae5acfdc4909e5b611a4b4dcff1e599a3642f40c1f72ad9e5e73e4ff1b4c9f6ed5d', 42, 1, 'user', '[]', 0, '2019-06-07 01:09:55', '2019-06-07 01:09:55', '2020-06-07 06:39:55'),
('5cb40a57d6af0fe6b63dbc06231e844364ad49a01d5eff20c7e17df7c26324d04e2ad92f1f5c6c1e', 71, 1, 'user', '[]', 1, '2019-05-12 23:17:06', '2019-05-12 23:17:06', '2020-05-13 04:47:06'),
('5cf2aaf62d0ca293038d419d59d1975af3e031c12aa0eb722367ba7a22cde1dae5b44ba1364baa1a', 58, 1, 'user', '[]', 0, '2019-06-03 01:35:47', '2019-06-03 01:35:47', '2020-06-03 07:05:47'),
('5d09773bf9910794346a588195767dd0a759da248f1242d155c5e80ee619ae099a5c08a829fc73ce', 92, 1, 'user', '[]', 0, '2019-06-06 02:13:37', '2019-06-06 02:13:37', '2020-06-06 07:43:37'),
('5d3e2aea59a6d4c32b6ab565012addf6ad2ca94ed87d8dfea298e09e592fd1b0ca6ac802ff82de66', 24, 1, 'user', '[]', 0, '2019-04-26 08:01:58', '2019-04-26 08:01:58', '2020-04-26 13:31:58'),
('5d64e76de5a623cbfcb511ceca79da12a144af0b0fdfa681cb51ca7cbd34fb63de8dc33e34857f6e', 42, 1, 'user', '[]', 0, '2019-06-06 03:57:20', '2019-06-06 03:57:20', '2020-06-06 09:27:20'),
('5dd2de4ebef5019ab59bc6eb5e24515db51d4ac44861fdb64464b65fe2338b11183484b739667c41', 13, 1, 'user', '[]', 0, '2019-01-25 05:57:19', '2019-01-25 05:57:19', '2020-01-25 11:27:19'),
('5df7d596c7985b21e11731cfadbd9d5ec85e3ae445699a13a329fd3536856cd7c3e268613484f413', 42, 1, 'user', '[]', 0, '2019-06-10 05:53:55', '2019-06-10 05:53:55', '2020-06-10 11:23:55'),
('5e4797697cc99278798439179926bffb57c605460c473212aee1354b012081c65c68d11a5b338153', 42, 1, 'user', '[]', 0, '2019-05-29 23:22:28', '2019-05-29 23:22:28', '2020-05-30 04:52:28'),
('5e83feb925939689fb44de174ff49d5e065a56cbd7bf290e59364582e158fed202406c798d4a2444', 3, 1, 'user', '[]', 0, '2019-01-23 00:03:31', '2019-01-23 00:03:31', '2020-01-23 05:33:31'),
('5eb7ead320a205261d8d1684ff9d1537cef386318efa82bf2762c1bc3395d5cda60d4d29f6df2568', 24, 1, 'user', '[]', 0, '2019-05-08 06:58:01', '2019-05-08 06:58:01', '2020-05-08 12:28:01'),
('5ebd596337b35310a9186358c3109f84f3ac8615501904f3d9bc61106766e4a87b631b7925188b97', 24, 1, 'user', '[]', 0, '2019-04-26 08:14:08', '2019-04-26 08:14:08', '2020-04-26 13:44:08'),
('5eef37a925196d3b1e1b987fee977692fd61088e6c4f15d0b5da7c7642700358484d5fdc9e490c3e', 42, 1, 'user', '[]', 0, '2019-05-03 06:29:16', '2019-05-03 06:29:16', '2020-05-03 11:59:16'),
('5f6da9ba697f01173c2e9d4e2d8a70d5d1eb9bc44bf607033dc33bc20a0fa15d00dae0d6b0a8d7db', 99, 1, 'user', '[]', 0, '2019-05-21 02:14:28', '2019-05-21 02:14:28', '2020-05-21 07:44:28'),
('5f92edc9dd3bcaa19c1bc55d0c9da9b10eceee024c1502c7e0e76ccd0ef2118668ecf50d1ae69ce2', 98, 1, 'user', '[]', 0, '2019-05-16 03:54:11', '2019-05-16 03:54:11', '2020-05-16 09:24:11'),
('60620fb5f4355d2b562bbfcede3d239e2a98fd76c5a1b7acce984e87d42d977f20149b65e5dc222d', 42, 1, 'user', '[]', 0, '2019-05-03 00:41:49', '2019-05-03 00:41:49', '2020-05-03 06:11:49'),
('60ab6396149f7457fc31d91ad0ac4c501340605bf5ae428de8f934aa08e7446dced684227b0e7116', 120, 1, 'user', '[]', 0, '2019-06-06 04:53:27', '2019-06-06 04:53:27', '2020-06-06 10:23:27'),
('60c91e4d9bad8a50c8924cb8f9982feb78f6beddfe98160a403da58b18d3961e33631cd11e1fb05a', 24, 1, 'user', '[]', 1, '2019-04-26 08:16:57', '2019-04-26 08:16:57', '2020-04-26 13:46:57'),
('60d93a3f384f81bdefc7830c8bc9ce95cf56531597dec5e371a6466e535c02aac00b2dfe19a9a912', 55, 1, 'user', '[]', 0, '2019-05-15 02:20:08', '2019-05-15 02:20:08', '2020-05-15 07:50:08'),
('6110d6f0de774af9d3a7a6257a17d5b7919af918305b7b36900f8f4775dbb3be44dc9a045751b1e3', 42, 1, 'user', '[]', 0, '2019-05-29 06:24:12', '2019-05-29 06:24:12', '2020-05-29 11:54:12'),
('613504dfdc51d84efb60f48fa9eedb9bae76b002ba346d332573a292dd56385ae1615388fa0f8217', 103, 1, 'user', '[]', 0, '2019-05-20 01:27:41', '2019-05-20 01:27:41', '2020-05-20 06:57:41'),
('613c262c4b0a38fbee8f115f77d5262d5cc1e700077ab926bf20bbaf9e2313eaf576949deed4afe5', 42, 1, 'user', '[]', 0, '2019-06-04 03:57:12', '2019-06-04 03:57:12', '2020-06-04 09:27:12'),
('61a9e00ba9969c491dd0870c7942d79179e785e91ba9dcb842d7398dfb7ce926fa49b8a049344ec4', 44, 1, 'user', '[]', 1, '2019-05-16 07:35:15', '2019-05-16 07:35:15', '2020-05-16 13:05:15'),
('61ccb6bb5cd2ece6270fcd07a61eac571875a2d4d508e5fc7cd356a7779b4424cdd6b709db8e555c', 42, 1, 'user', '[]', 0, '2019-06-04 23:14:14', '2019-06-04 23:14:14', '2020-06-05 04:44:14'),
('626f16822bff9faa01338e0b224b8faccfc2856758da54424a1dd51908e6af25d3aebcc67605b08f', 42, 1, 'user', '[]', 1, '2019-06-05 06:41:02', '2019-06-05 06:41:02', '2020-06-05 12:11:02'),
('6291f16b88436778a9a1a133ed40a944acc05d147f3001817ef9d0896fb8318c58c80b8389687ce5', 42, 1, 'user', '[]', 0, '2019-05-29 07:48:58', '2019-05-29 07:48:58', '2020-05-29 13:18:58'),
('62964304c15b7164c1c4dbc87cc2eaa1c1d7b6b5fd6de03d803f0c7604b741f7cad6a479f6d76dc4', 42, 1, 'user', '[]', 0, '2019-06-11 04:24:27', '2019-06-11 04:24:27', '2020-06-11 09:54:27'),
('62fb1dc7af0c9ee9ff404d4f0ff6644cd525dcb97db352ad64f341b61e67ad0ded5a7310d25afc0e', 84, 1, 'user', '[]', 0, '2019-05-16 01:50:02', '2019-05-16 01:50:02', '2020-05-16 07:20:02'),
('62fee37f3e37a77f52b5de4a13758b7b60955a752d04eb1c58516e4a19e35e48fc9f002386a00b8f', 96, 1, 'user', '[]', 0, '2019-05-16 01:24:44', '2019-05-16 01:24:44', '2020-05-16 06:54:44'),
('6301ee04f2118181d4a3c7116cc22c9e4072ed5143ab8f87a71f6528b2b94a6430340a63606f9683', 102, 1, 'user', '[]', 0, '2019-05-20 01:09:20', '2019-05-20 01:09:20', '2020-05-20 06:39:20'),
('6314cbfba636f7ae1f96e611c27b644b8061042cf68a06fbd5f4c589b9df2d3488908babc9bf4ace', 83, 1, 'user', '[]', 0, '2019-05-10 08:38:02', '2019-05-10 08:38:02', '2020-05-10 14:08:02'),
('63410dde648aee92692d60e0dd271d6e3ad077ed33c17403198f52661b510e43944adc796d495fdb', 47, 1, 'user', '[]', 0, '2019-06-03 01:47:55', '2019-06-03 01:47:55', '2020-06-03 07:17:55'),
('6382c94f60d2a7824cfba44b715555955f4f1ff7f222eb179359d8ac39e88085a7309d624ca6c1d8', 121, 1, 'user', '[]', 0, '2019-06-05 06:28:20', '2019-06-05 06:28:20', '2020-06-05 11:58:20'),
('63916189fdc5df82cbaac21f5802e30dac5ed66e6c2a4c75ec79b4613a870cf740160b44de00cd69', 107, 1, 'user', '[]', 1, '2019-05-20 07:09:53', '2019-05-20 07:09:53', '2020-05-20 12:39:53'),
('6397f67ad4605ef7f506b47b48e0e9805a10ee33f870ce63470dc0c3756b82e15b433aaab705dc62', 84, 1, 'user', '[]', 0, '2019-05-16 02:31:43', '2019-05-16 02:31:43', '2020-05-16 08:01:43'),
('63bccedeb1a8c4493ba9966b4f607803b7b95be63ba6d6702e717afb28af1616aa871a95c8ccd42b', 123, 1, 'user', '[]', 0, '2019-06-07 16:58:35', '2019-06-07 16:58:35', '2020-06-07 22:28:35'),
('63c06c398cdc78af7c47f456ade1c9145a538a71011679eee62cb775e086d54883a58d47a1434598', 42, 1, 'user', '[]', 0, '2019-05-24 05:12:33', '2019-05-24 05:12:33', '2020-05-24 10:42:33'),
('63ce30445b7e85b17aefbfc8e3ec2f3871a252209c3ba228e06e6e72e7bdd4c02f6cad7e2c818cbd', 44, 1, 'user', '[]', 1, '2019-05-09 02:28:11', '2019-05-09 02:28:11', '2020-05-09 07:58:11'),
('651a0302714de50476cffd550b87b96176503c710473e13c2d86ef860eaa50c0b8fdd18d3b76b43f', 42, 1, 'user', '[]', 1, '2019-06-05 05:35:03', '2019-06-05 05:35:03', '2020-06-05 11:05:03'),
('659a7b4d003f676d068b2d5f5c882cb92dfa429fe671490a5af418bba4bbfc6361bc3c40785e1240', 42, 1, 'user', '[]', 0, '2019-05-24 06:56:04', '2019-05-24 06:56:04', '2020-05-24 12:26:04'),
('659ac3d94ca94fd5a3737eed26e3c03aa32675cf9e4b51c8d9e839f6e4da240c55dedc20bdcc355e', 3, 1, 'user', '[]', 0, '2019-01-23 05:13:11', '2019-01-23 05:13:11', '2020-01-23 10:43:11'),
('65efc3ab3228ae1a764aaa12d4ab1a466d3393598e3b57c3a4420c4dea2d9265641ff6d8159df00d', 42, 1, 'user', '[]', 0, '2019-06-06 02:20:25', '2019-06-06 02:20:25', '2020-06-06 07:50:25'),
('6603e6349cdc07673eba3b3c51667246d82f47c3eaf4bcfeb01cf83fd3c372f1748154b6d7a6e13a', 42, 1, 'user', '[]', 0, '2019-05-23 05:05:51', '2019-05-23 05:05:51', '2020-05-23 10:35:51'),
('66547e4b6f66465464463e67445618e3a8f1f34a235fcce64f42e77677570666388359f5fd6c6715', 39, 1, 'user', '[]', 0, '2019-05-21 08:39:15', '2019-05-21 08:39:15', '2020-05-21 14:09:15'),
('6659116009b9ce30f5e999a979c4273d03b040ba9d8a912616a67da0cb735167966a1da0137af7e8', 42, 1, 'user', '[]', 0, '2019-05-29 02:29:44', '2019-05-29 02:29:44', '2020-05-29 07:59:44'),
('667d492047691a830c7d5e8bdb8a0a4139fe05df2ec96db47a5a991c0e8db6c0cdee39cc0a91585e', 6, 1, 'user', '[]', 0, '2019-01-27 23:37:01', '2019-01-27 23:37:01', '2020-01-28 05:07:01'),
('66c42c9a0d69b6e2a54f830a0ad1ffdd2a5d87cedb8cbbb91c45249f722c6618b62fba8a49e9420c', 6, 1, 'user', '[]', 0, '2019-01-23 06:51:23', '2019-01-23 06:51:23', '2020-01-23 12:21:23'),
('66fdc260852219cd31167426512a2a6162e292c0ede614468854a327d07c9d0bc0ee5fe76185722c', 101, 1, 'user', '[]', 0, '2019-05-23 06:11:20', '2019-05-23 06:11:20', '2020-05-23 11:41:20'),
('6739f2d1e0af2f7718676b41550399ccda625fd80a9e68c016d87fc671ced7e8e548042da58b241d', 110, 1, 'user', '[]', 0, '2019-05-21 11:44:57', '2019-05-21 11:44:57', '2020-05-21 17:14:57'),
('6753cff064d4cd0094d32a0d4705e490a7aefe2618cbcd96e226ca278d4c20d2f0aaa35287c5b380', 47, 1, 'user', '[]', 1, '2019-05-10 04:26:50', '2019-05-10 04:26:50', '2020-05-10 09:56:50'),
('675daa39b100a513f322cc1842558fa99194d6c27387d4f4b7e73726cdeef7968a36f92fad6e7b6d', 47, 1, 'user', '[]', 0, '2019-05-10 06:30:01', '2019-05-10 06:30:01', '2020-05-10 12:00:01'),
('6797a1dc0f2ff1fbceb0b6a2d3b11296a9b9b3c9ad364e4a0669d540c04888ab19e9cce2a3d4d6fb', 42, 1, 'user', '[]', 0, '2019-05-29 01:54:52', '2019-05-29 01:54:52', '2020-05-29 07:24:52'),
('679da8f80d08a43f8e3197db42ff744a44f86eb6779b8242166d7d781c58eb5906f652f96797938c', 42, 1, 'user', '[]', 0, '2019-06-05 06:32:52', '2019-06-05 06:32:52', '2020-06-05 12:02:52'),
('67cefb5abec5c7084f0365335ddb91ff7a28358e5f8113aab64667bdb0f452a749e9657df65d886e', 42, 1, 'user', '[]', 0, '2019-05-29 07:44:32', '2019-05-29 07:44:32', '2020-05-29 13:14:32'),
('6828bcb380ae985c266a277e286e524c8f919dbb9ca0cd15fd8b55818f1ee5ec7fced4000617b9dc', 42, 1, 'user', '[]', 0, '2019-05-28 04:00:10', '2019-05-28 04:00:10', '2020-05-28 09:30:10'),
('682b3bd8bfa19f7f580f050f513784f77fefbe53b729730c9824016eeac15352723989841bf8e2ff', 84, 1, 'user', '[]', 1, '2019-05-30 06:34:19', '2019-05-30 06:34:19', '2020-05-30 12:04:19'),
('6845eca7e213aa8cf8e353192cfb60f34f8fa808bec88a50fa0adaad56b944eeb0993fed299d3410', 92, 1, 'user', '[]', 1, '2019-05-21 07:37:13', '2019-05-21 07:37:13', '2020-05-21 13:07:13'),
('6898e436154603f0753cf2dcea9a1ca1b206b474d902bcfe21ce47136ae19a69e62464d3befcc0a9', 92, 1, 'user', '[]', 0, '2019-06-04 08:40:25', '2019-06-04 08:40:25', '2020-06-04 14:10:25'),
('68a9d92d96446fe014a53622df666e3fa75e8a5dae997f5c29964efb7a225048eb12b824080f9531', 42, 1, 'user', '[]', 0, '2019-06-05 00:22:09', '2019-06-05 00:22:09', '2020-06-05 05:52:09'),
('68e461f6bde1deab612ef64baca8fe58ebf2823a291e0eb298e8829b908a32709e85d797a54b6d36', 97, 1, 'user', '[]', 0, '2019-05-16 01:35:01', '2019-05-16 01:35:01', '2020-05-16 07:05:01'),
('68f47b5bdc7891ddef4a3f67163afe95e565c7e7874b12c2d4a89647449f4fd3f3b8b2140993b932', 42, 1, 'user', '[]', 0, '2019-05-24 06:50:00', '2019-05-24 06:50:00', '2020-05-24 12:20:00'),
('6966acf8de15923ffaea538f16ef1f7bf818bf9feab89f816ca50eb612c3d1333dedadc0cc98e211', 55, 1, 'user', '[]', 0, '2019-05-15 01:54:04', '2019-05-15 01:54:04', '2020-05-15 07:24:04'),
('69c0eb329a72af0d34ebf8192b1c9b1fefaa107d5f98339e3f037d31b5779260c015124885427dd7', 44, 1, 'user', '[]', 1, '2019-05-09 03:44:24', '2019-05-09 03:44:24', '2020-05-09 09:14:24'),
('69d49dbd0b1d9709df945e94a1a68106dfd114c2943bef64c4451fabaf231097d5311dd094926cdd', 91, 1, 'user', '[]', 1, '2019-05-13 05:11:19', '2019-05-13 05:11:19', '2020-05-13 10:41:19'),
('6a5877105be25d336f8304c4d589fa4a2b9d40cef311b7ec62a467f57b36c59432c770bc2bb9225e', 42, 1, 'user', '[]', 0, '2019-06-06 05:58:29', '2019-06-06 05:58:29', '2020-06-06 11:28:29'),
('6ad9349d9a72050950fb60f1da5c2d27317553e185acf459b46cda2915300fadf14bce739b656a61', 98, 1, 'user', '[]', 1, '2019-05-16 03:55:04', '2019-05-16 03:55:04', '2020-05-16 09:25:04'),
('6ae28c1a0b0b36554320539ef88ed457d63ef2e17ab3d5d51d496ad05bffae7292fffd9b648aeb71', 131, 1, 'user', '[]', 1, '2019-06-11 00:06:05', '2019-06-11 00:06:05', '2020-06-11 05:36:05'),
('6b5122384f2f4c9a6dbfad381de7e6d6fd195ac290e905a1b162b136cdd8646ff38c3d15fcae5c4c', 58, 1, 'user', '[]', 1, '2019-05-10 06:09:53', '2019-05-10 06:09:53', '2020-05-10 11:39:53'),
('6b5abffda8bb56454b62319763280ca35c129a7b8d29cb11768bfffa06f8fad8bc20bab529d0c1a6', 42, 1, 'user', '[]', 0, '2019-05-21 01:49:53', '2019-05-21 01:49:53', '2020-05-21 07:19:53'),
('6baccf2288caacda8b99ef410bc4e0e0898b5a1d100c75dac5adf0f5db178d4005d77713d2919583', 109, 1, 'user', '[]', 0, '2019-05-21 06:02:35', '2019-05-21 06:02:35', '2020-05-21 11:32:35'),
('6bb858a590a8625299129bfb6fdacf6fb460d7ceebf6f50ea4311d05f023f41ba2c2672adc06c6be', 120, 1, 'user', '[]', 0, '2019-06-10 05:56:29', '2019-06-10 05:56:29', '2020-06-10 11:26:29'),
('6c153910111ebd70df5a2eda522216a188fbff68c97fafb7baf5271bd2176d1f13510dfa14904cfc', 42, 1, 'user', '[]', 0, '2019-06-04 06:59:46', '2019-06-04 06:59:46', '2020-06-04 12:29:46'),
('6c2bc79dfbaa241b91aefc086ea2a03c9ef00dbf8284ff81180609e92566a8543fde896b030ac6e6', 42, 1, 'user', '[]', 0, '2019-05-23 05:09:13', '2019-05-23 05:09:13', '2020-05-23 10:39:13'),
('6c74675d556d2c745a97eed0a1a5d54561c72f6e4f1a1d8c1cf1b202370fae48022ff44da23e8a7f', 24, 1, 'user', '[]', 0, '2019-04-26 00:45:47', '2019-04-26 00:45:47', '2020-04-26 06:15:47'),
('6ca2c1c2e54d6116d0bd6533757c51da2ee8e8a2119548f956348ecc53407cf3219443f343acc148', 93, 1, 'user', '[]', 0, '2019-05-14 05:08:22', '2019-05-14 05:08:22', '2020-05-14 10:38:22'),
('6cfa0863e31a0f8cf1f37afdc2b2fe07190379ec8717043a730082692e74cbb302bcfa241b896139', 99, 1, 'user', '[]', 1, '2019-05-17 01:37:04', '2019-05-17 01:37:04', '2020-05-17 07:07:04'),
('6d7a4cf7b702a26b9bfc50f43ac74efa7666fb8d64910dce904c89b182aad8df9e8208ee67dc7120', 42, 1, 'user', '[]', 0, '2019-06-06 01:49:37', '2019-06-06 01:49:37', '2020-06-06 07:19:37'),
('6e2cacb3566c884280971a3a0c427bfdbaf5f9338c3c2afa47a18e0cc280781e294dc2a50dcd8020', 24, 1, 'user', '[]', 0, '2019-04-30 08:51:58', '2019-04-30 08:51:58', '2020-04-30 14:21:58'),
('6e2f75e6437337a00a93269d5680a812ef2e7ad3eb4a8e9e62acd69b76c79380c2fe991a6971b42f', 39, 1, 'user', '[]', 0, '2019-05-23 17:42:03', '2019-05-23 17:42:03', '2020-05-23 23:12:03'),
('6e75160f78ebaecc251b0d99cf8a34fe8e942efa0d40654eb86cd340dcb44eddbbbaa521dc269524', 42, 1, 'user', '[]', 0, '2019-06-06 07:49:48', '2019-06-06 07:49:48', '2020-06-06 13:19:48'),
('6e850b1f957a3ce29a78ebb533382122b8df7aa572c197194ce58b23d685ad2aadbe4a3d146526f0', 54, 1, 'user', '[]', 0, '2019-05-08 07:22:40', '2019-05-08 07:22:40', '2020-05-08 12:52:40'),
('6ea49f1056d0bcf1c64465d7cda5ffd94f90c4721a421cb144058955cc739b33aa7c1b29e2db12df', 3, 1, 'user', '[]', 0, '2019-05-23 05:16:01', '2019-05-23 05:16:01', '2020-05-23 10:46:01'),
('6ed40101567ec68067edb5cf7398046158af7c0c1718fc12cd045732bb3fedcc110be4bcc7c3c83f', 42, 1, 'user', '[]', 0, '2019-06-04 23:44:33', '2019-06-04 23:44:33', '2020-06-05 05:14:33'),
('6eebed886fccdd82ddbf736f5e46e1a9532834039169a9e6364f3b36f074da7a070c7910a3c73b83', 84, 1, 'user', '[]', 1, '2019-05-16 03:48:23', '2019-05-16 03:48:23', '2020-05-16 09:18:23'),
('6eec7d712448aeefbc716a918203d0e4529f8788066f16f6308b92d2d94421ae68c05e54b04b15bf', 25, 1, 'user', '[]', 0, '2019-05-01 00:44:02', '2019-05-01 00:44:02', '2020-05-01 06:14:02'),
('6f034c23c16af611c05aef1c8029f1936bb17e0e51788efeff5413620e5b5b6ba17c059f6f62c476', 123, 1, 'user', '[]', 0, '2019-06-06 17:36:31', '2019-06-06 17:36:31', '2020-06-06 23:06:31'),
('6f0f08d9b7829f88a5551ce7404f996b44d1ce08fea2942b280c17b375161fbd232090f63bd1e659', 42, 1, 'user', '[]', 0, '2019-06-07 01:32:41', '2019-06-07 01:32:41', '2020-06-07 07:02:41'),
('6f6a3ec8469e24cab29a3901acdf5be9c0577aaf06d20a8db0698776a22736630ebebb34fa2dc82b', 42, 1, 'user', '[]', 0, '2019-05-29 04:01:51', '2019-05-29 04:01:51', '2020-05-29 09:31:51'),
('6fa5d95d1f056ba9884946cb0ca013aede50a693f018059c1a8ea61f334d85557dce9a74c445ede9', 105, 1, 'user', '[]', 0, '2019-05-20 05:57:45', '2019-05-20 05:57:45', '2020-05-20 11:27:45'),
('6fd9093f15840fb7f151c373e1844ac22b2a6f257921e223432da2c06df97be7aac33dbc21c2f076', 104, 1, 'user', '[]', 1, '2019-05-30 06:30:20', '2019-05-30 06:30:20', '2020-05-30 12:00:20'),
('7065f12cceee0c9951ca12c0b53f61b3ac9093b694ae97f297d3ddecce09bf48df882e804bb0fd28', 97, 1, 'user', '[]', 0, '2019-05-16 01:59:36', '2019-05-16 01:59:36', '2020-05-16 07:29:36'),
('70a3f4d716de1fa2feab1239e4b9b952f269715bb0ba0ecba22c1f2aad7a55b16f0556aac584d51b', 125, 1, 'user', '[]', 1, '2019-06-06 07:20:33', '2019-06-06 07:20:33', '2020-06-06 12:50:33'),
('70b4b6c5ccc6316b3dc1381bbe9fa61b4b1c8718c68f80b31f077f296e055979872b38f9e6378b9f', 25, 1, 'user', '[]', 0, '2019-04-25 04:54:37', '2019-04-25 04:54:37', '2020-04-25 10:24:37'),
('70ef04dc282231fb1cfbd81d1dc39c82332f6c9c6246429fc95010ff0823c47c0f06f38f1ec13504', 42, 1, 'user', '[]', 0, '2019-05-03 06:09:05', '2019-05-03 06:09:05', '2020-05-03 11:39:05'),
('71e840a3627c12d12820e07f84fa6ddb4cfc9860049e2c915ca5ca9f2540ae358f152712231ba3e8', 57, 1, 'user', '[]', 0, '2019-05-10 07:11:55', '2019-05-10 07:11:55', '2020-05-10 12:41:55'),
('71e9767dcf5c15774bfc6020735ba5b8784da997a761021da0bc00eba03dc64c430e2b0cf54cea6e', 3, 1, 'user', '[]', 0, '2019-04-22 04:46:28', '2019-04-22 04:46:28', '2020-04-22 10:16:28'),
('72d1d3e857c18df70b0a8246c36c59e7f8ab06806e9e94e21f12d1cb498cea5b0f085608177467ec', 120, 1, 'user', '[]', 1, '2019-06-05 05:25:44', '2019-06-05 05:25:44', '2020-06-05 10:55:44'),
('737090c958e1d35272c9d63ed5d511cc665b90f3a4c4a2f50b20629e2f5355354592db626a9c2b6a', 58, 1, 'user', '[]', 0, '2019-05-10 06:07:00', '2019-05-10 06:07:00', '2020-05-10 11:37:00'),
('739c0dd8cb864b57774af4f59cdf32e7e214d4a8cc5ef4c89dfa4946ee17bba8ab2d211d5f9ea2a5', 84, 1, 'user', '[]', 1, '2019-06-04 03:41:52', '2019-06-04 03:41:52', '2020-06-04 09:11:52'),
('73a51d51e5835a08ff0c6813337cc34fffecf61dbf9dbbc3c663950d5b6a915959b19cb70a0f747f', 42, 1, 'user', '[]', 0, '2019-06-04 04:14:58', '2019-06-04 04:14:58', '2020-06-04 09:44:58'),
('73ae8e007c6ecc0007c0c26f2c85480612f97621e91b3c98cbc530ea85d7120fb755771faa2b3aab', 3, 1, 'user', '[]', 1, '2019-01-24 04:24:48', '2019-01-24 04:24:48', '2020-01-24 09:54:48'),
('74033dbbbe9f2290b6efb390ec12ded22de42fd7fc3a8de7fb1927fbd7787cc1f2e0648f712d143d', 42, 1, 'user', '[]', 0, '2019-06-11 04:31:50', '2019-06-11 04:31:50', '2020-06-11 10:01:50'),
('74669178952fb95464130b342486b02a66efcda5be5c626b992267c32272b0ab90d93a74698a289c', 42, 1, 'user', '[]', 0, '2019-05-28 04:12:52', '2019-05-28 04:12:52', '2020-05-28 09:42:52'),
('74b10a2a8353bfb086460b85d4e56a57f967901a525b0b5645b12c2203106f2ede3a4e3e769d39b9', 5, 1, 'user', '[]', 0, '2019-01-22 05:14:42', '2019-01-22 05:14:42', '2020-01-22 10:44:42'),
('752c6f14a3a32e692049e0680cc74460709784aff43ead7f83b6b35348eac21760e8e22de42892d7', 44, 1, 'user', '[]', 0, '2019-05-07 00:52:33', '2019-05-07 00:52:33', '2020-05-07 06:22:33'),
('75f8610fea9a141f57ab9a18116ad078d6abbee1c9b50b3cbda4199d62abcb6afa54f35801d2d537', 101, 1, 'user', '[]', 0, '2019-06-06 23:58:38', '2019-06-06 23:58:38', '2020-06-07 05:28:38'),
('75f92712e680f5f8909cc1b30f8b5ead278c7f121bad71244bfee51dd49f02f340126e3c72fbee39', 42, 1, 'user', '[]', 0, '2019-06-10 02:21:06', '2019-06-10 02:21:06', '2020-06-10 07:51:06'),
('75fcc0b1bfaf5c8a032053d4652cad3a801a9390b7883af79fcba83ec0159fa2224a28a5467b36fa', 42, 1, 'user', '[]', 0, '2019-05-03 04:02:09', '2019-05-03 04:02:09', '2020-05-03 09:32:09'),
('7612a3fa1f4dab25ca1549ffc92d138f58a70ee0c8832132800e8c1343bd86a56048b08328996eb4', 5, 1, 'user', '[]', 0, '2019-01-25 00:57:01', '2019-01-25 00:57:01', '2020-01-25 06:27:01'),
('76a517335cf2bf4046153debf83571560a6f1e712480315db1fad46218ab4031b1e7b6a98ce42f73', 58, 1, 'user', '[]', 0, '2019-06-04 08:30:57', '2019-06-04 08:30:57', '2020-06-04 14:00:57'),
('773f32fe773841c973a2237072946abebd9e35e73b69f259aeac390ad5e3ed6ee1eda25c0343bd6d', 39, 1, 'user', '[]', 0, '2019-06-07 04:11:24', '2019-06-07 04:11:24', '2020-06-07 09:41:24'),
('776f900c4c570cc2b26d143477a02889f61e02821372f6bf42e7c38c7a548045830918219ad3867a', 42, 1, 'user', '[]', 0, '2019-05-29 00:01:51', '2019-05-29 00:01:51', '2020-05-29 05:31:51'),
('77982ba0cf3f01da690be60e95583ca1bac6e0b92c24d39305cac46ba3daabb95d7bb1dae0f625b9', 120, 1, 'user', '[]', 0, '2019-06-05 05:39:55', '2019-06-05 05:39:55', '2020-06-05 11:09:55'),
('779d6e495fbef9160bc6a700677386fdf03bd9152cec958caa624c40e0002a777659dce85822203c', 42, 1, 'user', '[]', 0, '2019-06-10 23:05:41', '2019-06-10 23:05:41', '2020-06-11 04:35:41'),
('779f013e8c25c0a8480eb604e5a0c705c553c92c59a6bc689bc99d8866ccb2a4858afb252c972df2', 55, 1, 'user', '[]', 0, '2019-05-16 07:59:38', '2019-05-16 07:59:38', '2020-05-16 13:29:38'),
('7893b0332f9c32f3554bd446356615f08e2629de4439b09c5201b40430fb46f58696a7d2eacb66f6', 25, 1, 'user', '[]', 0, '2019-04-25 01:54:02', '2019-04-25 01:54:02', '2020-04-25 07:24:02'),
('78eb27e33a2f7efb5307296993165bc2de6d2ac97b7ceaf0738ae23e328935f9c0f912858228d084', 3, 1, 'user', '[]', 0, '2019-05-07 00:24:47', '2019-05-07 00:24:47', '2020-05-07 05:54:47'),
('793b4ca423142b2d3b0cbeb49f661ca173cea3cfdcd084a5303f6e7113f42965c16513de3b398eac', 104, 1, 'user', '[]', 1, '2019-05-20 23:19:19', '2019-05-20 23:19:19', '2020-05-21 04:49:19'),
('79e1b92c2f07b1f38a4ad13d531dc2065e7fc7e322dd3bc6ef53c3b9b67951ca715d59df671ff6c7', 102, 1, 'user', '[]', 0, '2019-05-20 01:08:33', '2019-05-20 01:08:33', '2020-05-20 06:38:33'),
('7a8231bfca91f00f9a4309da7dad3fd0a476c7c31f9fba015c2ccd25b5a209b23d58a66f92747d90', 42, 1, 'user', '[]', 0, '2019-06-10 01:41:57', '2019-06-10 01:41:57', '2020-06-10 07:11:57'),
('7ab36d7aad79f93bb0e7d46723bc986e83beb3ad1e5e45848d138671a1a5685708d5f3732d307f96', 42, 1, 'user', '[]', 0, '2019-05-29 23:32:19', '2019-05-29 23:32:19', '2020-05-30 05:02:19'),
('7b5d6f9eecb689211d4832ee13fa7958078b91f1b77b9359d9bdcb4c29621a333873a0dbfee25df6', 105, 1, 'user', '[]', 0, '2019-05-20 05:50:55', '2019-05-20 05:50:55', '2020-05-20 11:20:55'),
('7bca45e6215d3c832ecccfd0d2037ffd181af77bc0d9f586128e15131909a837b2eea9092e59d1ae', 42, 1, 'user', '[]', 0, '2019-05-29 23:35:19', '2019-05-29 23:35:19', '2020-05-30 05:05:19'),
('7c33a5afdfb4b4be871787c0f60be3f5be3058fd250f0099066168a569e5f837b1fbcd3208aa3a10', 84, 1, 'user', '[]', 1, '2019-05-24 03:41:51', '2019-05-24 03:41:51', '2020-05-24 09:11:51'),
('7cb8bf559cd31a03c80337a2bc0ea05fde87a91521199a2e93254163e91c494936a9fc04d8404f6c', 42, 1, 'user', '[]', 1, '2019-06-04 08:35:21', '2019-06-04 08:35:21', '2020-06-04 14:05:21'),
('7d28ee3c1d580d833a130c89b3b52aaabc18eb94d547633944ac7641a71eab31d717b1c9db7f520a', 24, 1, 'user', '[]', 0, '2019-04-30 09:06:52', '2019-04-30 09:06:52', '2020-04-30 14:36:52'),
('7d2eda6a6d389e640765f8c186655938f0b5ae9f5a61c9cf71e632f8242139f6008955d246e9c1f7', 84, 1, 'user', '[]', 0, '2019-05-16 03:40:56', '2019-05-16 03:40:56', '2020-05-16 09:10:56'),
('7d604f3f67805b3c72d3c688fbde67419bc44c395fe729cae84645f31fb07f60e0b408645f919792', 42, 1, 'user', '[]', 0, '2019-06-11 00:58:23', '2019-06-11 00:58:23', '2020-06-11 06:28:23'),
('7dc209fe55036a2570869b63acb1e6c11b3b78c25947596bc8c602ea1d3a7904c5c853ff2be889d1', 47, 1, 'user', '[]', 0, '2019-05-10 05:05:55', '2019-05-10 05:05:55', '2020-05-10 10:35:55'),
('7e4dd890592f282f976f50d7832e0b968b030e37a1a24662e6b5bb672a0e6359adbaacb64c10c465', 42, 1, 'user', '[]', 0, '2019-05-24 05:39:42', '2019-05-24 05:39:42', '2020-05-24 11:09:42'),
('7e7dae08c782b3d9bf1341b603533dcd29f950ac803f633d6ca347180a5f53c2c68b163964831bd0', 3, 1, 'user', '[]', 1, '2019-01-24 04:34:45', '2019-01-24 04:34:45', '2020-01-24 10:04:45'),
('7ea4cc0ee7d51b316c82aff6e09d85aa55dd47b10efef15f5ef8d699852abcbf1fd13afe175633ee', 42, 1, 'user', '[]', 0, '2019-06-10 01:30:25', '2019-06-10 01:30:25', '2020-06-10 07:00:25'),
('7f96a349aa5a271b67f35f61d17952e42ed7d0ee13ee46911f44d64512a9e79b84acc751d62e3dc0', 84, 1, 'user', '[]', 0, '2019-05-16 02:22:20', '2019-05-16 02:22:20', '2020-05-16 07:52:20'),
('7fae2fbaecb506f87c5892193ec08edbe53de3bf01b54ee578877a4bb733e97ce97f27100eb4d6e7', 42, 1, 'user', '[]', 0, '2019-05-29 06:13:14', '2019-05-29 06:13:14', '2020-05-29 11:43:14');
INSERT INTO `oauth_access_tokens` (`id`, `user_id`, `client_id`, `name`, `scopes`, `revoked`, `created_at`, `updated_at`, `expires_at`) VALUES
('800ee41481e528516a919048ee9dd6f469cfb8fc880a1b2cf82dc4d72c0b5d63a9cd64dc40c37506', 42, 1, 'user', '[]', 0, '2019-05-22 07:24:58', '2019-05-22 07:24:58', '2020-05-22 12:54:58'),
('800f8bc37bcc878e223ede3fde1b7a2e46411482d731566901358f3e81c84fa53ec82909a067b140', 42, 1, 'user', '[]', 0, '2019-06-10 01:52:24', '2019-06-10 01:52:24', '2020-06-10 07:22:24'),
('803686b15a33c3654e4b11237445d64c7e7824fa04168a06c11541756196199f29983dcec428fa7d', 42, 1, 'user', '[]', 0, '2019-06-06 06:59:11', '2019-06-06 06:59:11', '2020-06-06 12:29:11'),
('804ee0852476b0e5f56fd717f8adc1819fe0361cc65a0095a3e4a39abc1507a04ed43d84ca4948bd', 94, 1, 'user', '[]', 0, '2019-05-15 01:27:46', '2019-05-15 01:27:46', '2020-05-15 06:57:46'),
('806423139de9cf95f42fdd04dc9cb21188e15a21af1b242b4d95bd9d07813d1329b80570ffa1843a', 42, 1, 'user', '[]', 0, '2019-05-03 05:20:39', '2019-05-03 05:20:39', '2020-05-03 10:50:39'),
('809736230250fb2feedd5bbb2f160f547a67ee80b75e2ec76aafadfac37f0fa9828194b9319acde1', 115, 1, 'user', '[]', 0, '2019-06-03 01:32:35', '2019-06-03 01:32:35', '2020-06-03 07:02:35'),
('80be03f49ed02ca20c496e150c7a1bd196d9df11de554f3f81d33cb1b7f6ec4d999e07e72e221ce2', 5, 1, 'user', '[]', 0, '2019-01-22 04:55:29', '2019-01-22 04:55:29', '2020-01-22 10:25:29'),
('80f0a726736737aef710e8ebf6205d438a57326f4035d6bf430eaf4b6b76b488589f16e7c895bc6a', 5, 1, 'user', '[]', 0, '2019-01-22 04:43:34', '2019-01-22 04:43:34', '2020-01-22 10:13:34'),
('81014a3769586803a094eb8cdce5861bd626a1bddb7ca9bae098c416c498aabf62f0662dfe39d781', 55, 1, 'user', '[]', 0, '2019-05-15 05:13:56', '2019-05-15 05:13:56', '2020-05-15 10:43:56'),
('8104ba02e1021afdc1b147e0a9b3ba93fccf655b275f6224812bf71a6a996fe12fa947492b821d79', 120, 1, 'user', '[]', 0, '2019-06-10 05:18:13', '2019-06-10 05:18:13', '2020-06-10 10:48:13'),
('811690229bfd09429e7d3fe9d58fae3d915f3769b6ae86c4957f7dd77732aa87b6a8ef10cc63d77e', 84, 1, 'user', '[]', 1, '2019-06-07 00:58:58', '2019-06-07 00:58:58', '2020-06-07 06:28:58'),
('8136ecea836e2f55ae6ac5aa5d108b3e400165a4d624b5901478cbfd15dfb67978f48f9006d0db29', 42, 1, 'user', '[]', 0, '2019-05-24 05:52:12', '2019-05-24 05:52:12', '2020-05-24 11:22:12'),
('813785ac3ba7e673c5b0fcdb3e76f7fb8e0132f25261fc74296b95190ce30e7a6455022dd3b484f3', 47, 1, 'user', '[]', 0, '2019-06-03 02:01:36', '2019-06-03 02:01:36', '2020-06-03 07:31:36'),
('816f519ffe7ed3bd819fc1d3e41cc7bd6070073d506598f7cd1b50aa9e3a3be088d9b42b55a7b02b', 47, 1, 'user', '[]', 0, '2019-06-03 04:18:17', '2019-06-03 04:18:17', '2020-06-03 09:48:17'),
('81e6965465e63741400be2736cf0a7fde4038d3c339e7d5aa9c83777fa11022fc03bdd6ab48bfbdf', 42, 1, 'user', '[]', 0, '2019-06-09 23:03:06', '2019-06-09 23:03:06', '2020-06-10 04:33:06'),
('81ff80117a532861c8dc999161db7309351a41997bb4001631b71750be22ce165c77b67dd7d2c7e2', 42, 1, 'user', '[]', 0, '2019-06-07 00:47:43', '2019-06-07 00:47:43', '2020-06-07 06:17:43'),
('821cbb0025fd9ca03ac3129e3cfbd15788b0169fe74a156ab0932967ebb041ebc2c1869169010267', 113, 1, 'user', '[]', 0, '2019-05-28 02:00:13', '2019-05-28 02:00:13', '2020-05-28 07:30:13'),
('824b79f30cf1a8e921dfc4da87f7fe2fcfd4bac4633257f0c6155f204225a37737e3d838975e0615', 116, 1, 'user', '[]', 0, '2019-06-05 00:26:38', '2019-06-05 00:26:38', '2020-06-05 05:56:38'),
('82544ef25f5a7240925e1d6f58ac176ebafe15c74fb2063f78d35e9c8082ae38b2660b9d490f5b3e', 42, 1, 'user', '[]', 0, '2019-05-29 23:23:54', '2019-05-29 23:23:54', '2020-05-30 04:53:54'),
('826c9f25afdb5f2590bb90e10795cfcabbcf0ff8d4e40900551ab248464c185e63674ab9797302df', 24, 1, 'user', '[]', 0, '2019-05-01 07:34:11', '2019-05-01 07:34:11', '2020-05-01 13:04:11'),
('82ab0a93efc366140416f8ce28637322d88c7fb494037861610dcd7fddbb28563dec016659e926b2', 42, 1, 'user', '[]', 0, '2019-05-08 05:27:46', '2019-05-08 05:27:46', '2020-05-08 10:57:46'),
('82b268ebaa5adbe0c9fc8290bfd78f6e393ad19a88561ed5c3c8c11bd3b35831642cb1637f0f1149', 42, 1, 'user', '[]', 0, '2019-06-04 05:09:18', '2019-06-04 05:09:18', '2020-06-04 10:39:18'),
('82cf736bc99b3037e42eb01201a05ad3f63209f845d59abc38cee4f4ac6ac00fd9c57b40e01bf875', 42, 1, 'user', '[]', 0, '2019-06-06 05:37:10', '2019-06-06 05:37:10', '2020-06-06 11:07:10'),
('831948cffd6ad18cafa5639699169cb07506a90cb5606376890685d32259ceda20af69d4a51c958d', 42, 1, 'user', '[]', 0, '2019-05-09 03:41:03', '2019-05-09 03:41:03', '2020-05-09 09:11:03'),
('83822356de3cdc02f4dd979a6ffe63cee99a99040fe8a77dfcac7089be3ecb544c7c01ecc4f37074', 42, 1, 'user', '[]', 0, '2019-05-21 01:58:00', '2019-05-21 01:58:00', '2020-05-21 07:28:00'),
('842249d58259d32ea0dbabd8dbbe4005d77cf2129c0f20c56f454c2b60beea7f53e21fb525ecfb51', 42, 1, 'user', '[]', 0, '2019-05-28 04:17:44', '2019-05-28 04:17:44', '2020-05-28 09:47:44'),
('842339d5488d9306648c8bc55936ea80b16ca5b5b63901ee4b23698085bc4982cf3b03d7193df079', 42, 1, 'user', '[]', 0, '2019-05-29 03:43:37', '2019-05-29 03:43:37', '2020-05-29 09:13:37'),
('850a7433044cce6e0a052c768b1be22b3d19fdb5c268ef7d5018e678e061cbd7089e2d5ddcf8f5b2', 42, 1, 'user', '[]', 0, '2019-06-05 00:45:00', '2019-06-05 00:45:00', '2020-06-05 06:15:00'),
('8513c86e0121db5f422d2e378afb36e0ff131109d1ed8b5fd765973ce93f8f0c41041646ad763aee', 5, 1, 'user', '[]', 0, '2019-01-22 05:53:27', '2019-01-22 05:53:27', '2020-01-22 11:23:27'),
('8599a66e0149002d44ed80e5a7e09f384c8ff2adf18580bcd6ffd7fb40dd1204f6489bb1c75456dc', 2, 1, 'user', '[]', 0, '2019-01-22 02:08:23', '2019-01-22 02:08:23', '2020-01-22 07:38:23'),
('859adbb9dbfcb858e3666f67af80c8e39e36bde080663dcd112fed72fcb2df31c697d3adcd44d685', 58, 1, 'user', '[]', 0, '2019-05-14 04:24:00', '2019-05-14 04:24:00', '2020-05-14 09:54:00'),
('859b354e64f6714cf5f6ce1c4820c55fba72989a47c05e15b7777d021fa9fc6c738c1b7a2249c1a4', 44, 1, 'user', '[]', 1, '2019-05-16 03:53:02', '2019-05-16 03:53:02', '2020-05-16 09:23:02'),
('85c3ce4c5424b9eea1779c1a3f9df72499a44c90418918c4b52b9e0718251656e1b8e00a3b2d5763', 42, 1, 'user', '[]', 0, '2019-05-29 02:03:19', '2019-05-29 02:03:19', '2020-05-29 07:33:19'),
('85f1a630741c68dd972789b80aa42b3ff43e4ea54855704f4c942070d8485b440b7ed64233796b5f', 42, 1, 'user', '[]', 0, '2019-05-23 04:58:18', '2019-05-23 04:58:18', '2020-05-23 10:28:18'),
('861db646ed21b4685cc13a7522517ec37d2ec544e51c5e0cee24a3da34d0a4666ddfbcd90fc6e37f', 25, 1, 'user', '[]', 0, '2019-05-01 22:46:35', '2019-05-01 22:46:35', '2020-05-02 04:16:35'),
('8620c2e76f8589d52c1a51496d317a2e3d9379f712abf537166bc2dd9e64835a37ce64ce6f3030bb', 42, 1, 'user', '[]', 0, '2019-05-28 00:23:42', '2019-05-28 00:23:42', '2020-05-28 05:53:42'),
('86ec3b4d9160be962d01df49de9706210e70f001ca9054c24187b45ebdd7d7ae5c90cc4c8b148c74', 94, 1, 'user', '[]', 0, '2019-05-15 04:27:25', '2019-05-15 04:27:25', '2020-05-15 09:57:25'),
('875ac4e8060303b56e3abe985b8535e1be3ffb39759384522a796a37acc78d996bf2db57beee9ae0', 42, 1, 'user', '[]', 0, '2019-06-07 01:27:23', '2019-06-07 01:27:23', '2020-06-07 06:57:23'),
('87b12493a53e73b54ecf4b956b3ab2d38aa8a74537849dd467588809e1052f62c60695f4adb4f351', 102, 1, 'user', '[]', 0, '2019-05-20 01:12:39', '2019-05-20 01:12:39', '2020-05-20 06:42:39'),
('884da3eb1d06ed1bb41b97b195336ffb0f231dc3cce4ed56dd315b5e9c265e937740bc15bcea260b', 116, 1, 'user', '[]', 0, '2019-06-05 00:23:05', '2019-06-05 00:23:05', '2020-06-05 05:53:05'),
('8864e31dab545479779e466a91b7ac8ee1c4b9b42b7f99eb81c0a532ff116a56aa8e54b04d82efff', 24, 1, 'user', '[]', 0, '2019-04-24 08:06:43', '2019-04-24 08:06:43', '2020-04-24 13:36:43'),
('88660443eaac189456bd57e2f41e27956d1e1b812e01559e66ddb205a3ba8b44712363a17d1fb077', 84, 1, 'user', '[]', 1, '2019-06-03 22:50:29', '2019-06-03 22:50:29', '2020-06-04 04:20:29'),
('88ca5f4cba74a5afb641759917c902d8782a1ab926ff5286e829c7e9ff41cf8be6be80ac51bca886', 42, 1, 'user', '[]', 0, '2019-05-09 03:44:38', '2019-05-09 03:44:38', '2020-05-09 09:14:38'),
('8978b1cf89f1ac81920a869d86d48b03c4ce114400d76058ed15e9f5873ab661ca06c22575ba1e13', 115, 1, 'user', '[]', 0, '2019-06-03 01:37:39', '2019-06-03 01:37:39', '2020-06-03 07:07:39'),
('8a2a05c7ad8a91b9ae11a1ec9a6779734696ece44e531dbe4213ea9803a3816acb402f8e8bdfd2e6', 87, 1, 'user', '[]', 0, '2019-05-13 02:17:44', '2019-05-13 02:17:44', '2020-05-13 07:47:44'),
('8a41200bdea55432a70d0d3b800706b75138550b6fd9346adf93f06c020a84d144c263b75eef126f', 42, 1, 'user', '[]', 0, '2019-05-28 01:00:30', '2019-05-28 01:00:30', '2020-05-28 06:30:30'),
('8acd8be779be344b66ce4ad7b9f45f3e21558edb796b2824b13b1ce8587fa4af75271275db1ffe0a', 129, 1, 'user', '[]', 0, '2019-06-10 04:39:14', '2019-06-10 04:39:14', '2020-06-10 10:09:14'),
('8aefe69e0db1d5b45ee7000dd19ba432eda4008a3c2d269b83f561cabf60bbd36d2426467bbf947d', 25, 1, 'user', '[]', 0, '2019-04-29 23:05:13', '2019-04-29 23:05:13', '2020-04-30 04:35:13'),
('8b2e384140d6c6fef0d2726f990ee845394933c621af951ac3dcd2f8f072ceb377adaf579a2adbe9', 42, 1, 'user', '[]', 0, '2019-05-27 08:09:13', '2019-05-27 08:09:13', '2020-05-27 13:39:13'),
('8b3016ca48124bfeab2d75d9f8401b3383b0ee313b3184a008d99d4975bbc5ab23ccb9cda5008490', 42, 1, 'user', '[]', 0, '2019-06-06 05:44:47', '2019-06-06 05:44:47', '2020-06-06 11:14:47'),
('8b33eb4373c24e13c298be8d1cc06b8fc72e04f8dc829437a5e4bbb9ed294ef7efe38f84353179ff', 42, 1, 'user', '[]', 0, '2019-06-04 23:03:26', '2019-06-04 23:03:26', '2020-06-05 04:33:26'),
('8b39cf9124dafde64683bf9814fdde6c09b946aea2b805738aa3473b2ef28f19254f440a2c208642', 3, 1, 'user', '[]', 0, '2019-05-23 05:56:52', '2019-05-23 05:56:52', '2020-05-23 11:26:52'),
('8b4d2341fe130951246563cba3ce65a714dec2fff64ea4d835d8c1665075a5c6e2f07a5df22f2490', 42, 1, 'user', '[]', 0, '2019-05-21 02:06:38', '2019-05-21 02:06:38', '2020-05-21 07:36:38'),
('8b746ecf282a31f8042fe93652c72626e6a8c1f895054fbd3db5d8ed0ba564b386d30328f4f548cc', 84, 1, 'user', '[]', 0, '2019-05-16 01:59:36', '2019-05-16 01:59:36', '2020-05-16 07:29:36'),
('8b87be4f5cf102a22944d248a53db8fda68a75b468cb5256892dcaa6213273b8ea199a6ffbf73bba', 120, 1, 'user', '[]', 0, '2019-06-10 05:39:20', '2019-06-10 05:39:20', '2020-06-10 11:09:20'),
('8baf059c1e8b67165ffc12d6127b24f82d9c0063f943e29ca104de7f0b0078d2c6b7f003840db7b7', 24, 1, 'user', '[]', 0, '2019-05-01 04:57:42', '2019-05-01 04:57:42', '2020-05-01 10:27:42'),
('8bb81a7b90cbe323ad8d9ffa8b6206e8b5a5d2a1bb3be2d7d4a8f1e0681099d6ada8cc46b0068898', 42, 1, 'user', '[]', 0, '2019-05-29 23:43:28', '2019-05-29 23:43:28', '2020-05-30 05:13:28'),
('8bc2e103dba911e614765b7cb2cb6b4b8958d64ce38a891500e7f3d4ef4824b6802afcf20efe4305', 24, 1, 'user', '[]', 1, '2019-05-01 05:22:48', '2019-05-01 05:22:48', '2020-05-01 10:52:48'),
('8bd55200c7266fbec8610c36e75f347941230a0a70138610d2324d8905143c3c3b0c15be89d179a4', 124, 1, 'user', '[]', 0, '2019-06-06 00:20:04', '2019-06-06 00:20:04', '2020-06-06 05:50:04'),
('8c1a22d2db26e002fd1a68021e01b8a6cccf44892cbdbae4e1b3899b756b9a6fedf55df45778cfa0', 42, 1, 'user', '[]', 0, '2019-05-02 05:58:16', '2019-05-02 05:58:16', '2020-05-02 11:28:16'),
('8c839a2c7f53ec6d09cd2bfa6140ce96da825ad48cb2c28fd846b56f1504ae5f7a37689e0b4992cd', 42, 1, 'user', '[]', 0, '2019-05-08 05:48:20', '2019-05-08 05:48:20', '2020-05-08 11:18:20'),
('8ca7f166d835ab13f0014218bf8f360f027b04e8867b0d8e645627c3fcbc678860b846b00e2479b0', 42, 1, 'user', '[]', 0, '2019-06-04 04:51:53', '2019-06-04 04:51:53', '2020-06-04 10:21:53'),
('8ccdab7559b29f4c53ac2c197298b5d5c41151afdaf8d5e56035f32398efdadeaa93a01d27cd145e', 120, 1, 'user', '[]', 0, '2019-06-05 04:53:46', '2019-06-05 04:53:46', '2020-06-05 10:23:46'),
('8ce88fb6852c62a3a58668f4bc6057a3bb1b7cb3b1d7d9dcd8c6049b806e08a98b24adde3de9edc4', 108, 1, 'user', '[]', 0, '2019-05-30 22:55:53', '2019-05-30 22:55:53', '2020-05-31 04:25:53'),
('8d3a34fde7f4a8a943b4f074d82f7c8d6cdc45e112dbded6611e682ff5f4e888b4e46161cde5415e', 3, 1, 'user', '[]', 0, '2019-05-07 00:26:05', '2019-05-07 00:26:05', '2020-05-07 05:56:05'),
('8d98e226d135a71346faa3a336714c835fe6228e16fb8f1d8b0815e7a9315225ee9e6e2ea0eee643', 42, 1, 'user', '[]', 0, '2019-06-10 06:47:36', '2019-06-10 06:47:36', '2020-06-10 12:17:36'),
('8da91ce0310a62fdc6b12c8a20dc669b0a51d1f4f4c3c8e9bd0aef7b16cf1aadc53b3f64f666e1f2', 57, 1, 'user', '[]', 0, '2019-05-10 07:49:15', '2019-05-10 07:49:15', '2020-05-10 13:19:15'),
('8df14b8bc2d424a4ad02129548df7d5fc3c59136a80fa9582b259b1985babeb372b23974d88cc256', 58, 1, 'user', '[]', 1, '2019-05-10 06:07:14', '2019-05-10 06:07:14', '2020-05-10 11:37:14'),
('8e58e5b0188ea4024de16ca87167991d417be32455f285f5e213d2eb6518391a68b1ea6e28618665', 84, 1, 'user', '[]', 0, '2019-05-16 03:40:45', '2019-05-16 03:40:45', '2020-05-16 09:10:45'),
('8e776f2cffc50427a13f5a815ec744be896f21c32ef1fc46a04359526c01c401744b15d62051ad98', 117, 1, 'user', '[]', 0, '2019-06-04 08:16:03', '2019-06-04 08:16:03', '2020-06-04 13:46:03'),
('8eab17aa5df22c95458e7900f52e44db11e4c352de9a8090dfc51d76af1c8db3f0e47a165eebb3a2', 47, 1, 'user', '[]', 0, '2019-05-30 23:22:11', '2019-05-30 23:22:11', '2020-05-31 04:52:11'),
('8f1037b2ddbf89905cded0fb5ce652776bf940867c04280ebc92deb8b6e51e162c62d2a05f256456', 3, 1, 'user', '[]', 0, '2019-01-21 07:43:52', '2019-01-21 07:43:52', '2020-01-21 13:13:52'),
('8f1d50c0281be5a34b6542766c88ae0da3e9d710af2be28e9864f5bd8527784843cc6054f08d467a', 42, 1, 'user', '[]', 0, '2019-05-28 03:41:52', '2019-05-28 03:41:52', '2020-05-28 09:11:52'),
('8f62e49ba39789b3b8394df0874882b66b192c4cd7b15272a26f8c13b26cd71514d152fe9e22c4d8', 42, 1, 'user', '[]', 0, '2019-05-08 04:29:57', '2019-05-08 04:29:57', '2020-05-08 09:59:57'),
('8f9341bc066ccbbeafdd01baef81989eda4a284c5b0d0a88a11798489e3a1ee0838b20918f6a5952', 26, 1, 'user', '[]', 0, '2019-04-25 04:29:42', '2019-04-25 04:29:42', '2020-04-25 09:59:42'),
('9000755165129b156f2114afec5a47632b44e09efe37ed00ae607b45f4041a89aa2144eb8238ba17', 90, 1, 'user', '[]', 0, '2019-05-13 04:35:31', '2019-05-13 04:35:31', '2020-05-13 10:05:31'),
('9077a8fd4749334843c0ae36e06ecf4db6ee126c7f95ff68dd1c84661fe2b067f0c97bcd56679028', 39, 1, 'user', '[]', 0, '2019-05-31 18:30:27', '2019-05-31 18:30:27', '2020-06-01 00:00:27'),
('9148f56803b4ee7bf929ac1f07b57c199fb788ee4f7ae627885e88a9df182856a8349be6e05db817', 47, 1, 'user', '[]', 0, '2019-05-09 06:07:36', '2019-05-09 06:07:36', '2020-05-09 11:37:36'),
('9167894f5c88f83ede9911031ea76aa9e7594bf96ebafb93d166cc3c1aa26259e61b5ecf687e2e9b', 42, 1, 'user', '[]', 0, '2019-06-10 05:59:21', '2019-06-10 05:59:21', '2020-06-10 11:29:21'),
('9184a23065716e0e88082b56e15307cc2a8fcc278c62831af955193713ad772e82b2d0dd07cea592', 26, 1, 'user', '[]', 1, '2019-04-25 07:31:13', '2019-04-25 07:31:13', '2020-04-25 13:01:13'),
('9193fc9eb6dd0d3bfc3d573dd04dd84e53a098bd7992ef6aaef886c0df4df538ef8eae9296b74291', 105, 1, 'user', '[]', 0, '2019-06-04 07:07:12', '2019-06-04 07:07:12', '2020-06-04 12:37:12'),
('91b39f27a23b54274001809fa5b8f8a5743aa3169709ae538f3acd949b3f0fe9f0ebb945bcc1a3f6', 105, 1, 'user', '[]', 0, '2019-06-05 01:29:59', '2019-06-05 01:29:59', '2020-06-05 06:59:59'),
('91d59e1db6ee0a4666eca899e222bc80e7e3a7c298179030e0cfc9b09da29d35df35dde3ef9f5711', 104, 1, 'user', '[]', 0, '2019-05-20 01:30:38', '2019-05-20 01:30:38', '2020-05-20 07:00:38'),
('91dfea6959ecea3bfd4d2eda63367e8b3997ca89e9275ed30e8e78b38489c1e09e89b9af6f637532', 42, 1, 'user', '[]', 0, '2019-06-06 07:00:37', '2019-06-06 07:00:37', '2020-06-06 12:30:37'),
('9271ba2ff70f165df4188dc881013966ff77fa17b9bc9190be4bd83e3240d8334b4bfb8684c0ffd4', 24, 1, 'user', '[]', 1, '2019-05-01 05:12:57', '2019-05-01 05:12:57', '2020-05-01 10:42:57'),
('92c3bde9a6ddc15d5c12badd3f4c6eaf383860205bca8c01585f91bab3bb9edf3052069a3b4cf20c', 42, 1, 'user', '[]', 0, '2019-05-09 03:47:49', '2019-05-09 03:47:49', '2020-05-09 09:17:49'),
('92f3f502fcf05d6d86b345d32f5943eaa9913c70def206623b02c8e0dbdb8419665ccb9e24663f16', 42, 1, 'user', '[]', 0, '2019-06-06 06:23:49', '2019-06-06 06:23:49', '2020-06-06 11:53:49'),
('93054c3cd771467df796c6502ec63d9a14216de80b398a95fdfc90ccb3f6f7390d20a34f98364b0b', 42, 1, 'user', '[]', 0, '2019-05-29 02:08:11', '2019-05-29 02:08:11', '2020-05-29 07:38:11'),
('935285af0ba0410681a415f726ffa590f5447429292f9c6650464fd1e1415fc83e438ff9d7f5c4b8', 57, 1, 'user', '[]', 0, '2019-05-10 07:38:26', '2019-05-10 07:38:26', '2020-05-10 13:08:26'),
('936c7e0fc6c0cb5205d2d918dea0303f9827e0fe58ff24c895d4199e25d72a87dca6829eb8e03210', 102, 1, 'user', '[]', 1, '2019-05-20 01:22:40', '2019-05-20 01:22:40', '2020-05-20 06:52:40'),
('937e3959dd3e684c9f562e830294191baade34786613e7a8bd15c759f5e9a6fa637b8830a9d2bdf1', 42, 1, 'user', '[]', 1, '2019-05-28 01:18:54', '2019-05-28 01:18:54', '2020-05-28 06:48:54'),
('93980306cbe3eedfe6168e2aa989c6d22253363e5db42e04924058d6c5e37161b63655a086a379dd', 42, 1, 'user', '[]', 0, '2019-05-29 06:29:23', '2019-05-29 06:29:23', '2020-05-29 11:59:23'),
('93bf8841ce6e82fa0ad267117aa8ebd41dedd4867606317a0ee9c5e74f205824e5be2e2a5fe435db', 42, 1, 'user', '[]', 0, '2019-06-05 03:53:13', '2019-06-05 03:53:13', '2020-06-05 09:23:13'),
('93d3a937f5e147c605e42388e3c4f25b45a635e391b8082ac40dbb9143abed2aac2ed0c777580b2b', 57, 1, 'user', '[]', 0, '2019-05-10 07:43:51', '2019-05-10 07:43:51', '2020-05-10 13:13:51'),
('93f3047d19c5ed42eb3dcf84034ab48049f976382157f6605108062d177fe8b4a22dd61dc07ed5a7', 42, 1, 'user', '[]', 0, '2019-05-29 01:18:05', '2019-05-29 01:18:05', '2020-05-29 06:48:05'),
('9450cc1e831732b64e9cb015632a43f3cabbd73fbc33ed544a94c539fd4713096983ce87bb671ba3', 42, 1, 'user', '[]', 0, '2019-05-30 00:07:48', '2019-05-30 00:07:48', '2020-05-30 05:37:48'),
('9450fe975f1929e13225c3f2997ec4973254d0fdf23c04cfe99ddbdabeadb63b426ebee8878f9b40', 42, 1, 'user', '[]', 0, '2019-06-10 07:53:52', '2019-06-10 07:53:52', '2020-06-10 13:23:52'),
('9473f94c871593ba422c30b29f672763783dcc62ed5c9aa3ef0ca52c3c46d7caeccc4f3b3f3db65d', 57, 1, 'user', '[]', 0, '2019-05-10 07:07:42', '2019-05-10 07:07:42', '2020-05-10 12:37:42'),
('94fdbf7b8e978a114d21f224a6e04eb37b020f2a59da7e27cef067f36426bb9db2b9067746827e3c', 42, 1, 'user', '[]', 0, '2019-06-04 05:16:11', '2019-06-04 05:16:11', '2020-06-04 10:46:11'),
('94fdc8a1fb23d8bcbee43fb4d9a4d505683d02ae3c78fc1be4952127d4a6931186a2bdd096724958', 42, 1, 'user', '[]', 0, '2019-05-28 03:36:46', '2019-05-28 03:36:46', '2020-05-28 09:06:46'),
('95576bf4f8c60ee244c063ff7de412c4cea8551315e6cbc0092c7a33a373e198d34367e1d70aa6a8', 42, 1, 'user', '[]', 0, '2019-05-29 02:04:10', '2019-05-29 02:04:10', '2020-05-29 07:34:10'),
('95ce23a8414bdd3f83026240ea2868e284fe6e69675dfacb9b4bf36e678e734f067f9996593ad9a3', 86, 1, 'user', '[]', 0, '2019-05-13 01:14:51', '2019-05-13 01:14:51', '2020-05-13 06:44:51'),
('95d3925a9f7c98563d5aaf1f05c10c60d0cc240a2b33ee21069361134c14823fc4a77877a75e61f1', 58, 1, 'user', '[]', 0, '2019-05-31 08:29:57', '2019-05-31 08:29:57', '2020-05-31 13:59:57'),
('95eebe8f642fa28fe017a2a35e62b98a076c4a1bffbeb1174198cbf9b47bebbe8f4c511736ce740e', 24, 1, 'user', '[]', 0, '2019-05-01 05:58:36', '2019-05-01 05:58:36', '2020-05-01 11:28:36'),
('95f3adeb5026c3bb1d05d618e5d797c9ce6b3b0a5cf5542faacb1e09e2305f932995af5af8637012', 24, 1, 'user', '[]', 1, '2019-04-26 04:58:28', '2019-04-26 04:58:28', '2020-04-26 10:28:28'),
('95f73c1da296271117235f178da38f5a72b4e092722b6c5256dc010c2c1ed25e8cecab5ac1e4609b', 85, 1, 'user', '[]', 0, '2019-05-13 01:11:43', '2019-05-13 01:11:43', '2020-05-13 06:41:43'),
('962fdfd61f86719bbda1c5903f90cd54ed5184886a4937bd06b3164cdd62ea646d6278f86a10ba08', 42, 1, 'user', '[]', 0, '2019-06-10 07:43:57', '2019-06-10 07:43:57', '2020-06-10 13:13:57'),
('9636fa37e51577643725914c06cd28a8073a6b8b6731e47ebfb4ddebe7ee5d4d48ffd4e77911093b', 42, 1, 'user', '[]', 0, '2019-05-29 01:57:02', '2019-05-29 01:57:02', '2020-05-29 07:27:02'),
('964f028849a217907752780b36b019fbe9b22cdb16c0ae52f37ed8415a13027bf9651fdb9d332671', 42, 1, 'user', '[]', 0, '2019-06-11 02:29:36', '2019-06-11 02:29:36', '2020-06-11 07:59:36'),
('9660f5abd10ef81a88620532d03306a07ee1ac7d711971c884b363427e98ed882dc780d737e195a6', 55, 1, 'user', '[]', 0, '2019-05-09 05:21:32', '2019-05-09 05:21:32', '2020-05-09 10:51:32'),
('96cdca4d7eaa3a76569f83f19ff815a370ce886f2c6e43e840292e0ce1bd8568fa5c3e06f6cfaf2d', 3, 1, 'user', '[]', 0, '2019-05-23 05:31:51', '2019-05-23 05:31:51', '2020-05-23 11:01:51'),
('97181ee9f1308af1ae26cb6f432a6f9f22fdcf614ee4cb3e6dc1015d9b7987f90504f1fca813b201', 133, 1, 'user', '[]', 0, '2019-06-11 01:46:34', '2019-06-11 01:46:34', '2020-06-11 07:16:34'),
('9764646426f30c94800f9cf4407a5b735b86d5a8346049422cc80581bf52359522003fde5395d851', 42, 1, 'user', '[]', 0, '2019-06-10 08:10:54', '2019-06-10 08:10:54', '2020-06-10 13:40:54'),
('97764f99b1fc3c9d65bcbcf5c318369f9552d617506aae085b7e37f7ba5047cb117d732b77f758d7', 105, 1, 'user', '[]', 0, '2019-05-20 05:56:10', '2019-05-20 05:56:10', '2020-05-20 11:26:10'),
('978c17722d5a107d60a7ea8cee324cc43621ef6e01ee7a49f8f595774ffb19125a61676c1905e6e3', 42, 1, 'user', '[]', 0, '2019-05-08 05:19:55', '2019-05-08 05:19:55', '2020-05-08 10:49:55'),
('978cb3f833bb1f97afe61baae0094b990a00d141f2f798c3346bbdf338e199ba3789dfbb471c6ab1', 44, 1, 'user', '[]', 0, '2019-05-07 01:00:03', '2019-05-07 01:00:03', '2020-05-07 06:30:03'),
('9791f95bcce91da8881ad56b674709781fb08e1e29ad05fc99262a5f2ba455dcdb18b432863a48d9', 42, 1, 'user', '[]', 0, '2019-06-04 05:19:48', '2019-06-04 05:19:48', '2020-06-04 10:49:48'),
('97b0be6712e259b5662839f7172780ea7c682b2cdd20a3ee14dbd44b59b915ed67f70012f7305835', 57, 1, 'user', '[]', 0, '2019-05-10 07:18:57', '2019-05-10 07:18:57', '2020-05-10 12:48:57'),
('97cab8f87fffc43540bba2d8cf047f1af30e0b30e13d01922237e15134fff12d265f9fb890faf00e', 42, 1, 'user', '[]', 0, '2019-06-10 02:30:39', '2019-06-10 02:30:39', '2020-06-10 08:00:39'),
('97e66f38cf2a4d538d5ae8d65b240e481badcb7a1a28b352a79d812757d50116e65d8c2ae8eabf87', 42, 1, 'user', '[]', 0, '2019-06-04 23:36:50', '2019-06-04 23:36:50', '2020-06-05 05:06:50'),
('97ef7e8c968fed7364b11b00d2e23bb9eb7557848308bf8d9f84f6e6d5646b8b0965b480880007af', 110, 1, 'user', '[]', 0, '2019-05-21 11:36:03', '2019-05-21 11:36:03', '2020-05-21 17:06:03'),
('98a3577bb41e9749f3b30478b521ae0175e14c0fe05374d29fd3cae082e532d15e167fb1cc106903', 42, 1, 'user', '[]', 1, '2019-06-05 06:24:18', '2019-06-05 06:24:18', '2020-06-05 11:54:18'),
('98b62f8c6b6f96be2dbd2fc2f7d9b2f8a1801d53937249a61e504dddeb91ba6c433e4a0dcb3fe69e', 124, 1, 'user', '[]', 0, '2019-06-06 00:23:11', '2019-06-06 00:23:11', '2020-06-06 05:53:11'),
('98bfd399526d17c88d167f105f57dd5c3001a1554c9580b50189efe1a76b4dab704a1c11bdd59a0e', 3, 1, 'user', '[]', 1, '2019-01-24 05:02:04', '2019-01-24 05:02:04', '2020-01-24 10:32:04'),
('99651a52c32302d8bf7ba0d3b3f707f3d268173c5aae9c04c407e14600a6b6132ed5668bec8984ac', 42, 1, 'user', '[]', 0, '2019-05-23 04:34:09', '2019-05-23 04:34:09', '2020-05-23 10:04:09'),
('99b2d385e80c9feb42af7116a0c5c3820c1f23355f828ea120b28a11b32a72a179571139e225204f', 24, 1, 'user', '[]', 0, '2019-04-26 08:35:54', '2019-04-26 08:35:54', '2020-04-26 14:05:54'),
('9a03078e135ebd6601151540b2279bc66f92f7d18660dbd4279313332358b5c07a101059e413f09e', 26, 1, 'user', '[]', 1, '2019-04-25 04:46:26', '2019-04-25 04:46:26', '2020-04-25 10:16:26'),
('9a131de85aaf4c7ce506ab5f35f2e158d331361ff2b641e145bd9371886c484fc10a3960b2e65ae7', 42, 1, 'user', '[]', 0, '2019-06-11 00:30:55', '2019-06-11 00:30:55', '2020-06-11 06:00:55'),
('9a53afafe49410716de44aaf25cd95c75e88599a1bdd1f87ed8bcb3fb98dbed662970e9d664c6eb0', 24, 1, 'user', '[]', 0, '2019-04-25 02:22:04', '2019-04-25 02:22:04', '2020-04-25 07:52:04'),
('9a70579725ebb3994dd770d8b1cad23115a93bd1d32758b8b649f25034e41a9cea95a570049be4a2', 71, 1, 'user', '[]', 0, '2019-05-12 23:12:07', '2019-05-12 23:12:07', '2020-05-13 04:42:07'),
('9a812156714a0ce3ba5ba1cc03db4a4359b5caf4f4f4811350748022a85476d101003955793b44eb', 6, 1, 'user', '[]', 0, '2019-01-25 08:02:21', '2019-01-25 08:02:21', '2020-01-25 13:32:21'),
('9ab0c2d0bc1d44225c6ca5afdd5fad87edcac0c267464334a36249a3a88ef7d23e8c9cc198eb9bf8', 42, 1, 'user', '[]', 0, '2019-05-28 04:35:35', '2019-05-28 04:35:35', '2020-05-28 10:05:35'),
('9ab1221021a7c22578ed5c049051568c9a6fae727cf8b9b8cd80be7149f658f132a371b449dc5f9a', 42, 1, 'user', '[]', 0, '2019-05-03 01:51:31', '2019-05-03 01:51:31', '2020-05-03 07:21:31'),
('9ae0122dd45ea9977b1abb0eb32b8ff70342aa26baf6b7ca6a267347e24e75d81f0c9e2fdd2b2a19', 54, 1, 'user', '[]', 0, '2019-05-08 07:33:36', '2019-05-08 07:33:36', '2020-05-08 13:03:36'),
('9ae3b14772904e19ef18ee93709158c5efacd6f82fb7d3df5374538219908dd7ba5d2e0db8cfa821', 42, 1, 'user', '[]', 0, '2019-05-03 07:06:15', '2019-05-03 07:06:15', '2020-05-03 12:36:15'),
('9ae4753f413de0cb09d163f6d33737b865c52d78f96906be6e37491fe26df04318099d0a65d99b3b', 42, 1, 'user', '[]', 0, '2019-05-21 02:03:36', '2019-05-21 02:03:36', '2020-05-21 07:33:36'),
('9b19935662afe05fbff1d079d1a06540f71ad13e1c21031e6bc3edfb401f669d941efccbbec3d7b8', 42, 1, 'user', '[]', 0, '2019-06-10 07:52:36', '2019-06-10 07:52:36', '2020-06-10 13:22:36'),
('9b200ff5d637b98d032eb63274d86d9c26f7179442fe972a89c118b9a14cc204aa47cc8fdac9a6e9', 39, 1, 'user', '[]', 0, '2019-06-04 04:34:02', '2019-06-04 04:34:02', '2020-06-04 10:04:02'),
('9c3483fe7cd149708232159bd0834199c3323d420ba507cb59295e3a83b53fd810cc4a497d44e66e', 108, 1, 'user', '[]', 0, '2019-06-04 07:46:48', '2019-06-04 07:46:48', '2020-06-04 13:16:48'),
('9c51289b56818f4484081490ab61323497ca216e51e2017b36b95bf57378ebc9c60fe50b99417ecd', 55, 1, 'user', '[]', 0, '2019-05-16 04:57:16', '2019-05-16 04:57:16', '2020-05-16 10:27:16'),
('9c7869fd7bb51367419400496fc3804b180e11f1fc087128b78fa5803f1312a4488af1b15ba1a871', 71, 1, 'user', '[]', 1, '2019-05-13 04:58:23', '2019-05-13 04:58:23', '2020-05-13 10:28:23'),
('9ca4f30c18863fbf32d9fa4410fd4abfa09c0f7c8afe5e142a2010ce9ab536be8f7afa942e3e8328', 108, 1, 'user', '[]', 0, '2019-05-30 23:34:30', '2019-05-30 23:34:30', '2020-05-31 05:04:30'),
('9ce4cd474d4fe207cb80e51189bee6a564c9e8b3d166e2f3afdb9b5b41030ae64dd8a5ffd7ffbf98', 114, 1, 'user', '[]', 0, '2019-05-30 06:58:56', '2019-05-30 06:58:56', '2020-05-30 12:28:56'),
('9d08798764506dda2e7f6bef418e2a35a551e9d9dcbdd47a264ce046f8ea1ed77762c6213eca57bf', 24, 1, 'user', '[]', 0, '2019-04-30 08:02:59', '2019-04-30 08:02:59', '2020-04-30 13:32:59'),
('9d7912f4eb7e67bfc21fe79d09215f3690bd63ede48329be0acd0b06c699058036072c154d9ed14b', 84, 1, 'user', '[]', 0, '2019-05-30 06:46:34', '2019-05-30 06:46:34', '2020-05-30 12:16:34'),
('9dbe73dd16d367b1543994018ad98213a51625402c49de21d982985bd44ad9c1417c6b778e999a48', 104, 1, 'user', '[]', 0, '2019-05-20 01:30:27', '2019-05-20 01:30:27', '2020-05-20 07:00:27'),
('9ded445fd61c5041e269fa187d2f39f3a3ba62cc18c08b7cbeabd8b72b19f62d072b6875f9bef2b4', 106, 1, 'user', '[]', 1, '2019-05-20 03:36:21', '2019-05-20 03:36:21', '2020-05-20 09:06:21'),
('9dfaaa36465858923dc5332ca4231935075ce26effcfd93dc6dc1dd733381083189078adb7ebba87', 90, 1, 'user', '[]', 0, '2019-05-13 04:37:37', '2019-05-13 04:37:37', '2020-05-13 10:07:37'),
('9e0a0a70c32b36b33a4d808fcd1096674b1cdc5630f124465fca34f173aba1ed1d8634c99f8eab39', 42, 1, 'user', '[]', 0, '2019-05-02 06:05:09', '2019-05-02 06:05:09', '2020-05-02 11:35:09'),
('9e3bc3c975b787edddf8fec704dab2ce0ccf66d0b56cfe1ebe85e0bafc4e205f1773e76fba9096c6', 24, 1, 'user', '[]', 0, '2019-04-25 00:03:39', '2019-04-25 00:03:39', '2020-04-25 05:33:39'),
('9e3d1b0bc532cc9fc36ce54b0935d7a5a363a3821e9226d03b9617a7f3c7df3aa562afeb79554f9f', 99, 1, 'user', '[]', 1, '2019-05-16 06:21:47', '2019-05-16 06:21:47', '2020-05-16 11:51:47'),
('9e9e869d7b20f1c243cbfc44fbef9b41a209220271db2fdda4d7094f28b69510533ff9c0ff055d66', 5, 1, 'user', '[]', 0, '2019-01-22 05:53:51', '2019-01-22 05:53:51', '2020-01-22 11:23:51'),
('9eba103e95b3b61f8604923c3ee30692e1cea50e26bc830074c2abf19ac83beac901b0dbdb465820', 42, 1, 'user', '[]', 0, '2019-05-03 03:55:00', '2019-05-03 03:55:00', '2020-05-03 09:25:00'),
('9ecda84fc47369c1d2e47d14a71fc68cef110d6659848f7a51333873db42c237d8de2b38ff504cef', 6, 1, 'user', '[]', 0, '2019-01-28 02:23:25', '2019-01-28 02:23:25', '2020-01-28 07:53:25'),
('9f3349217292c3c85d38272fd6174c71228bbf0b121c61819be726aa088cdd4201930808615dd9f4', 42, 1, 'user', '[]', 0, '2019-06-10 08:12:14', '2019-06-10 08:12:14', '2020-06-10 13:42:14'),
('9fae56715383eb23d194bb257437892a50817b2858835498ec4dba8a73558bddcdc6dabcf2b3db8d', 55, 1, 'user', '[]', 1, '2019-05-09 05:49:23', '2019-05-09 05:49:23', '2020-05-09 11:19:23'),
('9fb5184293a4ea2882ec14728d7733767e901879bbf3e47ebc3eee60e83871e1c387c34e0ab8ef1d', 55, 1, 'user', '[]', 1, '2019-05-10 08:41:53', '2019-05-10 08:41:53', '2020-05-10 14:11:53'),
('9fe2ccf0b8f773cb48d63ee205effa4a5fee01eca511fa307ee45ad04de0295795c9305520ec3d71', 24, 1, 'user', '[]', 0, '2019-05-01 04:58:56', '2019-05-01 04:58:56', '2020-05-01 10:28:56'),
('a060eaaad120c349d9089d476cfaa1cde2a25f3c2551ade486739ad5b629b11213c061660c03935a', 57, 1, 'user', '[]', 0, '2019-05-10 07:25:19', '2019-05-10 07:25:19', '2020-05-10 12:55:19'),
('a065b1479ed9fc9ecf5d6e34d7b3ad4378f02cd8b82eac7f140a8a9b8943b03638f194c706cd93e5', 2, 1, 'user', '[]', 0, '2019-01-21 04:58:16', '2019-01-21 04:58:16', '2020-01-21 10:28:16'),
('a0a98362152cf6898ff6c40bb5b98dbb3656adbcbd987ed8ff90e54dbab40decc5364b79b6939552', 3, 1, 'user', '[]', 0, '2019-04-19 05:11:47', '2019-04-19 05:11:47', '2020-04-19 10:41:47'),
('a0ae223286c32f60df584966d8682e37c20e4dc94a528cf56f50ade195bef48d695891d12d168a34', 42, 1, 'user', '[]', 0, '2019-06-09 23:33:19', '2019-06-09 23:33:19', '2020-06-10 05:03:19'),
('a0df208ba1194f7e66febc9305000f238f92f8348463b59b34383191ce387cb9d8f9d493a2c595f8', 98, 1, 'user', '[]', 1, '2019-05-20 07:41:56', '2019-05-20 07:41:56', '2020-05-20 13:11:56'),
('a13ce10516babe0eb825b09e3d3cec537502edc807a75933f2ffe7cae4d2bd850f2b8174c21fea41', 95, 1, 'user', '[]', 0, '2019-05-15 05:07:35', '2019-05-15 05:07:35', '2020-05-15 10:37:35'),
('a1654040976583fd4648440f6829a49ac266a89cf57f30322f0a8354d1562dca3ce11ff41fe377c2', 42, 1, 'user', '[]', 0, '2019-05-28 22:58:08', '2019-05-28 22:58:08', '2020-05-29 04:28:08'),
('a18ba65717d2872203497a5d30bd80d5830612fa8ac955f06bd0f349a169a8d72f7dc7ff3bbd1b4a', 84, 1, 'user', '[]', 0, '2019-05-16 01:59:59', '2019-05-16 01:59:59', '2020-05-16 07:29:59'),
('a1e5a63def047641cc42c1f04ec4bdea4eae7624c1bce78d20bd80b6b30dd288b97283cb81271328', 126, 1, 'user', '[]', 1, '2019-06-06 23:38:37', '2019-06-06 23:38:37', '2020-06-07 05:08:37'),
('a21a058fef5443e25340a66ca91fdfd0a90720f90dfbef9385c7f023b1aa254b4b56033991e67cb9', 42, 1, 'user', '[]', 0, '2019-05-29 02:01:24', '2019-05-29 02:01:24', '2020-05-29 07:31:24'),
('a21ebc9d76a281624a783c3d6b6dcbc753ed3ac74a4a0b43d1fda48dce80e43317dec6c4ea0f4407', 24, 1, 'user', '[]', 0, '2019-04-24 08:17:15', '2019-04-24 08:17:15', '2020-04-24 13:47:15'),
('a2a090246457b619cc9b79c657d5db7fddaadd2c96f1f7de0e6f0181ddc6f28da41dbacb3725b23f', 24, 1, 'user', '[]', 0, '2019-04-24 07:54:49', '2019-04-24 07:54:49', '2020-04-24 13:24:49'),
('a2d94523fb2e6da0dcc6978990bc6635462301e4a191fa26d7a175e393bf5a0d490088e968f3cf03', 42, 1, 'user', '[]', 0, '2019-06-04 07:28:07', '2019-06-04 07:28:07', '2020-06-04 12:58:07'),
('a2f16e18dfd7ec627d9bcf8e6dcee412cf23d772208be6da3e500e05c1283ac2e7256c8439a1654f', 42, 1, 'user', '[]', 0, '2019-06-07 01:44:47', '2019-06-07 01:44:47', '2020-06-07 07:14:47'),
('a2fcc5c9c91429d2f03196260234a4401c8dbaf7aa3269ef44949b6b012a57ed2328fc9af48ee3a4', 55, 1, 'user', '[]', 0, '2019-05-15 04:48:17', '2019-05-15 04:48:17', '2020-05-15 10:18:17'),
('a31d44175c7ed4625f0a31f76269cb727b591104e477c17e01e16d49a93871f5fa34bd60a0a20196', 55, 1, 'user', '[]', 0, '2019-05-15 04:41:47', '2019-05-15 04:41:47', '2020-05-15 10:11:47'),
('a343431d5e5ca082fd6a4070c47e3fa69908fdaf70e330615923fd4cd6abefeef852b1ecb3b3fe5f', 42, 1, 'user', '[]', 0, '2019-05-29 01:16:09', '2019-05-29 01:16:09', '2020-05-29 06:46:09'),
('a37d95f0424b86da72c0bb61938e1a8fd009b236e1bd99db6923fd75148dd6a6e1c39446a24fd734', 107, 1, 'user', '[]', 1, '2019-05-21 01:29:16', '2019-05-21 01:29:16', '2020-05-21 06:59:16'),
('a380b81f6b6f04beafdd210a64bbf07a9c5bdf6c84fae47fec3506be51a8166c954f044ded4e24d2', 24, 1, 'user', '[]', 0, '2019-04-30 08:59:42', '2019-04-30 08:59:42', '2020-04-30 14:29:42'),
('a3a46d2f653d08db6b459ae007c662d88d972c5a6e7e9a8b7ad689eaac024c741372cb01abf00a61', 39, 1, 'user', '[]', 0, '2019-06-04 13:55:32', '2019-06-04 13:55:32', '2020-06-04 19:25:32'),
('a3d9547fa79b0862c0ff9be37fb4bfce6d80ced067bb76b829d44f0ce7ebca87ba6042a4d3bda93c', 42, 1, 'user', '[]', 0, '2019-06-04 23:41:50', '2019-06-04 23:41:50', '2020-06-05 05:11:50'),
('a40871e98f1324844b43aaabf8da60b2ee7935969267f66624ffbc86aa3d5a582a408b2faff0f4dd', 92, 1, 'user', '[]', 0, '2019-06-04 08:11:55', '2019-06-04 08:11:55', '2020-06-04 13:41:55'),
('a44aaa8f9f3a5591adbc363260187615f0bcf2732f052ed48933a26627175b4569ec6d8e4f1da3a3', 13, 1, 'user', '[]', 0, '2019-01-25 05:43:41', '2019-01-25 05:43:41', '2020-01-25 11:13:41'),
('a4c3a31fcae6fdbd5e86c7c60fa819d056072dd66edf3883c494fbc70bf37a18e42a83fc140aa28d', 6, 1, 'user', '[]', 1, '2019-01-25 08:01:54', '2019-01-25 08:01:54', '2020-01-25 13:31:54'),
('a4d5bc3928e3eaddd09995b6a5946407153215d6f5911df1e43890f2ca312d0f14949f4e2a79aaa4', 6, 1, 'user', '[]', 1, '2019-01-28 02:11:36', '2019-01-28 02:11:36', '2020-01-28 07:41:36'),
('a4db2b10c2559c80953754dfd456f6a345d0280462809069affc8b2f1a685d5dd8f39d558f3ed6ba', 42, 1, 'user', '[]', 0, '2019-05-28 01:07:31', '2019-05-28 01:07:31', '2020-05-28 06:37:31'),
('a52062a84c247d8b46feffdea9cf951e6aa303e72a7733fcb44567d1748588bded15dffec64e085c', 42, 1, 'user', '[]', 0, '2019-06-06 02:24:53', '2019-06-06 02:24:53', '2020-06-06 07:54:53'),
('a54cb137df7f1ac1dee37a4484c410982edf5e7dbd11924fc9e4d01697212279d91422ca89eda5ec', 42, 1, 'user', '[]', 0, '2019-06-10 07:42:48', '2019-06-10 07:42:48', '2020-06-10 13:12:48'),
('a5602b32df917c6bf3e10445085083c66cb24f9f53a1765534dcaf38a138d53b4f4bd3529689fcea', 55, 1, 'user', '[]', 0, '2019-05-15 23:50:06', '2019-05-15 23:50:06', '2020-05-16 05:20:06'),
('a579a7e8e78a906541e2fb8a24cb03b28f1a265ce410f84176cb91d758cfaf6f32f4f786a00deb66', 42, 1, 'user', '[]', 0, '2019-05-03 04:45:46', '2019-05-03 04:45:46', '2020-05-03 10:15:46'),
('a58f413b766d598848f0e684be193bc9d92c11df5649f71f7fc495152c138e1a70c99696a05d09ab', 39, 1, 'user', '[]', 0, '2019-05-24 15:53:08', '2019-05-24 15:53:08', '2020-05-24 21:23:08'),
('a5e7e711b74cd86b3057be2e778c7399645e3216cb98f81501a74bc532da89120055deebc90c5152', 5, 1, 'user', '[]', 0, '2019-01-22 05:12:10', '2019-01-22 05:12:10', '2020-01-22 10:42:10'),
('a5ee069ab2e48ab6096f11ab6d4de4f8f5301684c5b4211327dc25b6f71ee4a2851bdaa232a4572d', 55, 1, 'user', '[]', 0, '2019-05-15 05:19:47', '2019-05-15 05:19:47', '2020-05-15 10:49:47'),
('a5f8e76d88428ac2cddaf73abdae08785798edc07327d4bee55d89fa92f5f4e5660f38ee29a73bec', 42, 1, 'user', '[]', 0, '2019-05-23 04:38:51', '2019-05-23 04:38:51', '2020-05-23 10:08:51'),
('a60d3fe42bbcaaf60f597b22883f762ac605d5d16c3e3141b8c44ddeaaadc46a12a16e2d37e8fd59', 24, 1, 'user', '[]', 0, '2019-04-30 09:08:02', '2019-04-30 09:08:02', '2020-04-30 14:38:02'),
('a63a542c2f63589af4f3077076e1c45fb15b37d525a69aa34bf8199f2b90acb585fa6a0824b0eae0', 55, 1, 'user', '[]', 0, '2019-05-15 01:45:48', '2019-05-15 01:45:48', '2020-05-15 07:15:48'),
('a6655681e1c1b0e4da25cba7df6832352b180af4813fb2b27acd7b5f19a63a88a30216c1248f759c', 42, 1, 'user', '[]', 0, '2019-05-27 08:24:41', '2019-05-27 08:24:41', '2020-05-27 13:54:41'),
('a68e3defc32d20f8fff6d3154f6ce1b5e4582eb84b8e1697ed0a6fc2bd09940f8f5767cd2b308857', 42, 1, 'user', '[]', 0, '2019-06-04 09:07:19', '2019-06-04 09:07:19', '2020-06-04 14:37:19'),
('a70ba618c53605a85f0ce5cd614ae714c0af1c1658da4f777127af68d68d5795364514c3ba7bd950', 42, 1, 'user', '[]', 0, '2019-05-28 00:27:27', '2019-05-28 00:27:27', '2020-05-28 05:57:27'),
('a70c77edb33a256aa230299460c5a1677fcce5d006822d3354c36eddbc75a1859f2acef5ab343f54', 54, 1, 'user', '[]', 0, '2019-05-08 06:59:50', '2019-05-08 06:59:50', '2020-05-08 12:29:50'),
('a71d626f352e2880729ce7736e8790dc0a8f7348ad3cdb8159fbc1e1ab00dae146967b2d12dead44', 55, 1, 'user', '[]', 0, '2019-05-15 02:23:29', '2019-05-15 02:23:29', '2020-05-15 07:53:29'),
('a7535cfc803297f2d8afab5a6fa92ede2a2080393166487e954ee7eb6ef42a69bf8c87916fee6eee', 101, 1, 'user', '[]', 1, '2019-05-16 06:50:50', '2019-05-16 06:50:50', '2020-05-16 12:20:50'),
('a76f8d9c54e39107dcd93799ed77fcd718e2f4f6792820b651e5f4f03f072190000d9db9be5a5f8a', 42, 1, 'user', '[]', 0, '2019-05-28 04:36:21', '2019-05-28 04:36:21', '2020-05-28 10:06:21'),
('a8051a1ed00c38149b7e4320d29e4a73221a26adf6705f889fa7329e05370140d56d9830e056ba8a', 55, 1, 'user', '[]', 0, '2019-05-15 23:56:13', '2019-05-15 23:56:13', '2020-05-16 05:26:13'),
('a8e781d5cfbf8b80374fe6b9fd4ca42d3eb4cd83e0685b70bd24a5fa66a7b01e0327aafbdbcd78a5', 42, 1, 'user', '[]', 0, '2019-05-28 03:34:03', '2019-05-28 03:34:03', '2020-05-28 09:04:03'),
('a8f6f8a477e1c89439613830507b193b9415a2b7ac842b3200ec8b27a55ddeb3190c79c0ae3e9e70', 95, 1, 'user', '[]', 0, '2019-05-15 05:06:04', '2019-05-15 05:06:04', '2020-05-15 10:36:04'),
('a9b44d41e15ac8a1a056a3a05d3e182c0fa1a34346090b3a82257cce78a0ce7fada4b06c03dce278', 42, 1, 'user', '[]', 0, '2019-05-03 04:13:05', '2019-05-03 04:13:05', '2020-05-03 09:43:05'),
('a9b9e89d2bd804ca5fd70423e5c0f28dd4150741087e04b1213e9882518c0ca36ab8427f7f7a4212', 24, 1, 'user', '[]', 0, '2019-05-01 07:51:05', '2019-05-01 07:51:05', '2020-05-01 13:21:05'),
('aa4d0008eb466043b2af0ab77695a31297e01888e5b6a05cbb63137f74524808a3d4211c4f7eccfd', 47, 1, 'user', '[]', 0, '2019-06-05 01:38:47', '2019-06-05 01:38:47', '2020-06-05 07:08:47'),
('aafc5524bfc325cb8a3569fe37faa7024249ab7756f70a87954afe91635b709b76d6bfb2ac203b60', 124, 1, 'user', '[]', 0, '2019-06-06 00:18:51', '2019-06-06 00:18:51', '2020-06-06 05:48:51'),
('abba27541dfc54fc83f17d622261b9c4ead9f999765db27440ab8a2f459dd7250d0497fc55033d97', 3, 1, 'user', '[]', 0, '2019-04-19 05:01:36', '2019-04-19 05:01:36', '2020-04-19 10:31:36'),
('abcf261f9af0d6e24c72504fce5a25dc2c39a6c43ea06aee9ef5fd49da7bf085fbb463ebfeef34e7', 42, 1, 'user', '[]', 0, '2019-05-03 04:43:01', '2019-05-03 04:43:01', '2020-05-03 10:13:01'),
('ac20e36664434b0c4fba0f4625ea599347348b6279b2ca24eeee07e52fe24e901fbecf5d1a8c6abf', 42, 1, 'user', '[]', 0, '2019-05-28 04:22:22', '2019-05-28 04:22:22', '2020-05-28 09:52:22'),
('ac585c6481a90557e01a2d4af1cbf9233cb5ea7dc11b138903d871af3d623af103b18b84c14406a3', 101, 1, 'user', '[]', 0, '2019-05-23 06:12:07', '2019-05-23 06:12:07', '2020-05-23 11:42:07'),
('ac6e9fb6bd3d66897c8c83aaff1258a9284d73b3fe2eeb1c2f5d39826f3158741ab9eb5b44388d22', 39, 1, 'user', '[]', 0, '2019-05-31 15:53:22', '2019-05-31 15:53:22', '2020-05-31 21:23:22'),
('ac7215fd456c3f8133ade496ed3c1170cec962a927129116e772479b5f5d5348c72f1f0f982c9cf5', 42, 1, 'user', '[]', 0, '2019-05-28 01:19:39', '2019-05-28 01:19:39', '2020-05-28 06:49:39'),
('ac76cb5ac433dca4a86f82e890e65e33720d2ff93d5e0d3a8b618f599e83b0804c751cec0c4dbd60', 3, 1, 'user', '[]', 0, '2019-01-27 23:35:58', '2019-01-27 23:35:58', '2020-01-28 05:05:58'),
('ac84aae04cabcb0ddbb0dea41fb9c8fa487cf62c60b6427f7a2585caeb0a152175d8fc5a0ac670a3', 97, 1, 'user', '[]', 1, '2019-05-20 23:17:59', '2019-05-20 23:17:59', '2020-05-21 04:47:59'),
('ac9da007ee9aa7cbb50ccb234b5ceffaf4c8125d612747efe7e52d25537db1dcbf80df597e3bc528', 115, 1, 'user', '[]', 0, '2019-06-03 03:32:48', '2019-06-03 03:32:48', '2020-06-03 09:02:48'),
('aca683ffc28a51424c2c221cbda58d30b66856032033da687b5a5a9cbeb06509929fba9338d0f2e0', 99, 1, 'user', '[]', 1, '2019-05-23 05:14:32', '2019-05-23 05:14:32', '2020-05-23 10:44:32'),
('acc9b2a6b4e4266831e1b919d1efa2988679bd3231eff5bd5582a783c3677e7b280c436beb83b439', 3, 1, 'user', '[]', 0, '2019-04-24 07:31:15', '2019-04-24 07:31:15', '2020-04-24 13:01:15'),
('accbb481a7d9aee61ee255aa7ec2a4a31aa56f8cbccb7e9b78547ab0238b31c11da8a41871080c17', 95, 1, 'user', '[]', 0, '2019-05-15 05:06:31', '2019-05-15 05:06:31', '2020-05-15 10:36:31'),
('acede25ffd04a2ffc348dbdb156f115868649d9460412f0ac6361d05c3c9e5985cc216085a6aefc5', 24, 1, 'user', '[]', 0, '2019-05-01 05:23:20', '2019-05-01 05:23:20', '2020-05-01 10:53:20'),
('ad373e41088012970d2218b517ff3f0a87bcf14199efbc0b5afa7871ed374932022bbda2b0024f2b', 24, 1, 'user', '[]', 0, '2019-04-30 08:55:32', '2019-04-30 08:55:32', '2020-04-30 14:25:32'),
('ad3a59112d14ae1a2fbbdfa8bdc9ce3446b763910c0a59ff11f2d5e283409b217a55a4747a9aa037', 89, 1, 'user', '[]', 0, '2019-05-13 02:13:19', '2019-05-13 02:13:19', '2020-05-13 07:43:19'),
('ad582cc71f76d5e0e290260a97fd4e721c77c96bd2211d0a925633403b2b075d0429431bbfd52fd9', 42, 1, 'user', '[]', 0, '2019-06-06 06:40:05', '2019-06-06 06:40:05', '2020-06-06 12:10:05'),
('ad7a527f3da2e558ba6117e4f05caad490469338ce4734ac64e03e238438cf218b356536265dcfe4', 117, 1, 'user', '[]', 1, '2019-06-06 23:10:47', '2019-06-06 23:10:47', '2020-06-07 04:40:47'),
('adb1d48fe1c14290ee7d16fcdcd0292b793bf1f2491c93f24ae3dbe62c7f266a154df58389508a39', 107, 1, 'user', '[]', 0, '2019-05-21 05:18:23', '2019-05-21 05:18:23', '2020-05-21 10:48:23'),
('adc0dfa3784820f54551181d2a704312381ca76c86a042d52c37bb710b5f67e0d778ac334af3b67c', 24, 1, 'user', '[]', 0, '2019-05-01 07:07:06', '2019-05-01 07:07:06', '2020-05-01 12:37:06'),
('adcbdc94d7f482376cf9226d5003786ce5a2d5b14a6b260fcf4f62c25200123f0d2435133a6e6e51', 39, 1, 'user', '[]', 0, '2019-06-05 16:55:00', '2019-06-05 16:55:00', '2020-06-05 22:25:00'),
('ade6d220b3b02f6b8ae86c9dee6b48e759c79f3841188f2b260344b024f80e0a1665c84705090819', 42, 1, 'user', '[]', 0, '2019-06-11 04:22:37', '2019-06-11 04:22:37', '2020-06-11 09:52:37'),
('ae3f0e223f28e5d2747ca210252a3205d069267609de597b213eea11a0579236739db1c5daed8f75', 57, 1, 'user', '[]', 0, '2019-05-10 07:26:19', '2019-05-10 07:26:19', '2020-05-10 12:56:19'),
('ae775b9b85e1997f4ba60d0196742c66de04dc25b4254dcdf4fea66a253fe996927eceb98150ed9b', 42, 1, 'user', '[]', 0, '2019-06-07 01:47:32', '2019-06-07 01:47:32', '2020-06-07 07:17:32'),
('ae9b3083ad8a936d40b4e26a83979a1526e74d05124a496bda92bca94b50a6998a95568650ea09f8', 42, 1, 'user', '[]', 0, '2019-05-28 01:37:23', '2019-05-28 01:37:23', '2020-05-28 07:07:23'),
('af1b04c33e5c3710264c286146f29560c57fca5bc51a29f515f4b27c4b352bd56f28419157fe7b71', 105, 1, 'user', '[]', 0, '2019-05-20 03:38:44', '2019-05-20 03:38:44', '2020-05-20 09:08:44'),
('af6eefdfcc5a7f73ca57faedcccc5d45473274132050a0b1fe61b19e836143543215f58ef7b00b72', 55, 1, 'user', '[]', 0, '2019-05-15 01:58:46', '2019-05-15 01:58:46', '2020-05-15 07:28:46'),
('afbf46f744fc6b43cb48270a750d4df1bb3f5760defef2cfc2f7fdd705a65784aa9e96cc62bc7cd7', 57, 1, 'user', '[]', 0, '2019-05-10 07:38:46', '2019-05-10 07:38:46', '2020-05-10 13:08:46'),
('afc07226dcfe79a03647a0d0ae9640f1a1d2530dc34954f0b4aa8c9a115ce4571a2a09cc58b4e602', 42, 1, 'user', '[]', 0, '2019-05-08 06:12:25', '2019-05-08 06:12:25', '2020-05-08 11:42:25'),
('afde7c1cf4d992b063d7f61b1dd8149227bdb728a979f7e63cac92e0b59c6f7be2bfc83f37ad76ef', 108, 1, 'user', '[]', 0, '2019-05-20 23:15:44', '2019-05-20 23:15:44', '2020-05-21 04:45:44'),
('b04568c9d440efd498f6825f6bf9d1d513d5b4855ba4737db240b703186adcf599d0dba3aff1b3a9', 42, 1, 'user', '[]', 0, '2019-05-28 00:29:07', '2019-05-28 00:29:07', '2020-05-28 05:59:07'),
('b045dee5873c11e52096a930a301f7c9d9dc9c32fef7c4cef06bfe4403bde7c1d749e55584ce1bbf', 3, 1, 'user', '[]', 0, '2019-04-30 00:26:40', '2019-04-30 00:26:40', '2020-04-30 05:56:40'),
('b0883e13cedeac6f248fe8a6cf4652807c009daca9e33c75a89b1b1c58cc24f8d1d82248d179f336', 71, 1, 'user', '[]', 0, '2019-05-10 08:02:30', '2019-05-10 08:02:30', '2020-05-10 13:32:30'),
('b0a8f3084e09b032a2a22a8378707e922f3c5c10cae7ddaf622e1f0933b0ad0442f2ca50beadd8a8', 120, 1, 'user', '[]', 1, '2019-06-06 05:28:20', '2019-06-06 05:28:20', '2020-06-06 10:58:20'),
('b17498610326ce1d58c4f0befe8cb5b4ef83401ddd258c5f5767b2fc8a3f9635dbfaf30244b03a39', 42, 1, 'user', '[]', 0, '2019-05-27 23:29:20', '2019-05-27 23:29:20', '2020-05-28 04:59:20'),
('b1dd0f38d47b62c1d0d406ed936255a5bd8b80cc4be69ee083e5590cd471ae8fa7890ef12acd8081', 47, 1, 'user', '[]', 1, '2019-05-30 23:25:14', '2019-05-30 23:25:14', '2020-05-31 04:55:14'),
('b1f4bc4a185dd12b32ee92d2dd897408ba65e8b9633aa42c8905db83073463c2946696f2a1290d29', 42, 1, 'user', '[]', 0, '2019-06-06 06:00:55', '2019-06-06 06:00:55', '2020-06-06 11:30:55'),
('b1f4c820bea08b7177e1fbf321c411ae07990ed28f080a9d9ac472f97e9a93a722d82796bd45e17e', 44, 1, 'user', '[]', 1, '2019-05-10 06:44:03', '2019-05-10 06:44:03', '2020-05-10 12:14:03'),
('b20b903ddccc7a5566ff56e8aa8c0ad7d249d7685a5d3924a6e1264b3911af6a6edc5c996797e469', 42, 1, 'user', '[]', 0, '2019-05-29 06:20:26', '2019-05-29 06:20:26', '2020-05-29 11:50:26'),
('b225b0144120cbee41e72c6146fb3e082e324d2f58a7da56dd3ffb3a8b0c3c607243f3d3b7e7d115', 43, 1, 'user', '[]', 0, '2019-05-02 06:02:16', '2019-05-02 06:02:16', '2020-05-02 11:32:16'),
('b27ba1dd1be93beb04c705ad75697beaa6d62763c705e32d1fbd3b1d42da3a51994004045a7aa875', 42, 1, 'user', '[]', 1, '2019-05-10 08:13:48', '2019-05-10 08:13:48', '2020-05-10 13:43:48'),
('b2986d6f604000a08bcba99d9465c3884288ea4f851cc099d6f18b52df54bee0d54391c0322102f5', 3, 1, 'user', '[]', 0, '2019-01-24 04:13:37', '2019-01-24 04:13:37', '2020-01-24 09:43:37'),
('b2a140838013f47eb4ed4429b660b72bf8d5d8bd767d61b42333b7515cb5a2226b05ca060f8e8eba', 42, 1, 'user', '[]', 0, '2019-06-04 01:21:36', '2019-06-04 01:21:36', '2020-06-04 06:51:36'),
('b2aef772cce45f8e48b4f98a77f26b32d1c346e092f5048c9721750b9f170269c11eb9c4cd615903', 42, 1, 'user', '[]', 0, '2019-05-21 02:09:03', '2019-05-21 02:09:03', '2020-05-21 07:39:03'),
('b2b828bfc2c34e3cfd4f6d3f0bf90cfe57aae91d194ef709c2f95aeff33cd6f1b292643618795d98', 55, 1, 'user', '[]', 0, '2019-05-16 06:44:16', '2019-05-16 06:44:16', '2020-05-16 12:14:16'),
('b2c47a81350657a1b2ac6c222e42cb64f382d2d3ff7e893bda1138fa15da65e70d61b70b316a247a', 3, 1, 'user', '[]', 1, '2019-04-25 04:45:47', '2019-04-25 04:45:47', '2020-04-25 10:15:47'),
('b336b562bab32aaa22ea78be783a4a97d6692cc175d7ea239512f886d8a72415618e45486ce5e68e', 42, 1, 'user', '[]', 0, '2019-06-10 02:16:16', '2019-06-10 02:16:16', '2020-06-10 07:46:16'),
('b369878236601bf413c31428dd459fcb8306f3498b233880abc04c96d49a5b266a39a54a41ac2167', 42, 1, 'user', '[]', 0, '2019-05-29 23:12:09', '2019-05-29 23:12:09', '2020-05-30 04:42:09'),
('b36ec1b8e2b7bdd4703a3b4cac85ffd474769ed9d405154060783122b4691bf78dd8ee8b782cebe8', 55, 1, 'user', '[]', 0, '2019-05-15 01:40:30', '2019-05-15 01:40:30', '2020-05-15 07:10:30'),
('b39947e98fdad9a120efefd8a31ba4b4b2a993852c6b5ee78845839b0f9b4ed51910f94160db39c2', 42, 1, 'user', '[]', 1, '2019-05-29 06:17:53', '2019-05-29 06:17:53', '2020-05-29 11:47:53'),
('b418e67c32e54f725c3a7e73f320b4cd91a0f93ae83e1cbfc9739427c014ed020e0cc490e078acdf', 42, 1, 'user', '[]', 0, '2019-05-30 03:56:46', '2019-05-30 03:56:46', '2020-05-30 09:26:46'),
('b419d9c430ae47891911346e6f4cd5dc6044d2158527691afe1e334c46ad49bb9deb2f775f068797', 42, 1, 'user', '[]', 0, '2019-05-30 03:54:30', '2019-05-30 03:54:30', '2020-05-30 09:24:30'),
('b436aa5b9e725096ecfafe749f24f030ab2b585c6d97f5ea01b87a5484da8822da0104a7ef9212bb', 120, 1, 'user', '[]', 0, '2019-06-10 06:06:26', '2019-06-10 06:06:26', '2020-06-10 11:36:26'),
('b484899f3bd1531868bddf9222d20236ade25b396a7e92a6359fa3f26a44cc7ce65fd2b06c0f9986', 120, 1, 'user', '[]', 0, '2019-06-05 06:18:57', '2019-06-05 06:18:57', '2020-06-05 11:48:57'),
('b4a97a16b6613ed86ce46475c08961ded39d8423b8c19fbfae6605f0f82263df6fbccf2d43d93759', 47, 1, 'user', '[]', 1, '2019-06-05 01:28:30', '2019-06-05 01:28:30', '2020-06-05 06:58:30'),
('b514dc7da33a892539bc4b5223e4a6e265d8b268973e31b1e4a2e91983c72795e221679804c05eaa', 42, 1, 'user', '[]', 1, '2019-05-27 23:30:38', '2019-05-27 23:30:38', '2020-05-28 05:00:38'),
('b571266f28ef3e5fcbe06077b992bed9ba51055ebc907e5b2b51a87c016609e1b01e6f10eca79a0c', 42, 1, 'user', '[]', 0, '2019-05-03 02:06:59', '2019-05-03 02:06:59', '2020-05-03 07:36:59'),
('b58e9db2d23e8cb2faaf922dfed26891995622be63a5bfdaf4787f2076453ee6bf064671393e0590', 42, 1, 'user', '[]', 0, '2019-05-24 06:10:16', '2019-05-24 06:10:16', '2020-05-24 11:40:16'),
('b5a6f8779c6cf5dcf8e7eaa7bfd7eb6c1b035784d379f0ec296e287a0365ae137cea018d758aae05', 42, 1, 'user', '[]', 1, '2019-05-29 05:22:54', '2019-05-29 05:22:54', '2020-05-29 10:52:54'),
('b5ee8bb4d43ca70b952eee036746c5118827ab5e31a5be6eaf17b39e437f23db639e9c695a199161', 92, 1, 'user', '[]', 1, '2019-06-04 07:54:45', '2019-06-04 07:54:45', '2020-06-04 13:24:45'),
('b5fa430d2d6aa69b162d1f2692c841eeccf0d434ff2ef4eda4b6b11e1297eb9a24ef7e9e8a862758', 54, 1, 'user', '[]', 0, '2019-05-08 07:02:22', '2019-05-08 07:02:22', '2020-05-08 12:32:22'),
('b6387898f87af59234038f87c2ac8e05216491d739010a1c075158fcad201147b892a40874010c8d', 42, 1, 'user', '[]', 0, '2019-05-28 01:24:43', '2019-05-28 01:24:43', '2020-05-28 06:54:43'),
('b667f46377f7094186694a59d97a78f92daf660e0cd2a3434e5d9b015347be9a52ff66404d521444', 42, 1, 'user', '[]', 0, '2019-06-11 04:32:54', '2019-06-11 04:32:54', '2020-06-11 10:02:54'),
('b67b08e6ca400ba8b53ba89832c18b13d485a5279d2539fd7118a106e04d53b7769c71634866553a', 47, 1, 'user', '[]', 0, '2019-06-05 01:41:46', '2019-06-05 01:41:46', '2020-06-05 07:11:46'),
('b6a8c17d5d046e907e88c43de7d57a233f07ab2b645e34867d806f2adb1466a6d44c81883f1debfd', 42, 1, 'user', '[]', 0, '2019-06-07 01:37:39', '2019-06-07 01:37:39', '2020-06-07 07:07:39'),
('b6daae71a70377e9db13ba522731f652c4042118878820d7c85ff290dc22141297fcb85a14505eb6', 42, 1, 'user', '[]', 0, '2019-05-03 01:58:02', '2019-05-03 01:58:02', '2020-05-03 07:28:02'),
('b6ecfa4be3607be71a048c213af90a714ce54987c9915a33dc21a5bf767bc4261f98235e2b3ab864', 92, 1, 'user', '[]', 0, '2019-06-05 00:11:24', '2019-06-05 00:11:24', '2020-06-05 05:41:24'),
('b71e4a012782ace693acdee306c8e7cc3f1dad7afabae020cb4bdc69fa589213e1ce4a787dcc438d', 42, 1, 'user', '[]', 0, '2019-05-29 05:56:04', '2019-05-29 05:56:04', '2020-05-29 11:26:04'),
('b8142d127e826a5b7256854ed3b709f29194a25dd9d714ba6ec0188d3cd87d6e913b6f9927fd8d43', 3, 1, 'user', '[]', 0, '2019-01-24 03:42:17', '2019-01-24 03:42:17', '2020-01-24 09:12:17'),
('b824822768e20e42e18c7b9ef75a804b4263f78f9854cf71b06febf255557cc9c3801b887d9c7d28', 42, 1, 'user', '[]', 0, '2019-05-03 05:53:08', '2019-05-03 05:53:08', '2020-05-03 11:23:08'),
('b8767f37ad90a308806a990893f272cd95176ed3470aade5503c463e2f28ac110a17805de1543394', 44, 1, 'user', '[]', 0, '2019-05-08 07:44:51', '2019-05-08 07:44:51', '2020-05-08 13:14:51'),
('b8c02e09a5b1718f93d0d11c1bc4af8f232dee155da73e46f5cb8d88caf89edcaa69384858231674', 57, 1, 'user', '[]', 0, '2019-05-10 07:54:23', '2019-05-10 07:54:23', '2020-05-10 13:24:23'),
('b8c1f8852003180a57be9a14da6864e031f2008f08648a27378a89a0b2b189c09efd57fd00c58361', 42, 1, 'user', '[]', 0, '2019-06-11 01:17:27', '2019-06-11 01:17:27', '2020-06-11 06:47:27'),
('b8c224e6e79ea5022488bd4ae742242768bfefd6bd3f93415d382b6cff26c6ea126b18c2cbae6be4', 42, 1, 'user', '[]', 0, '2019-05-09 04:26:41', '2019-05-09 04:26:41', '2020-05-09 09:56:41');
INSERT INTO `oauth_access_tokens` (`id`, `user_id`, `client_id`, `name`, `scopes`, `revoked`, `created_at`, `updated_at`, `expires_at`) VALUES
('b8d5132461478922cadb356f8fd649e29768559549fa7be2da272d0281e48ac7c7bb1ca5e84fee0e', 42, 1, 'user', '[]', 0, '2019-06-04 09:08:21', '2019-06-04 09:08:21', '2020-06-04 14:38:21'),
('b901c5b9fec3fc9bd4536a72c8cba0a425084aa27d4d209768e1c52cb1da1b0de5f3dc5a50ee8dc5', 42, 1, 'user', '[]', 0, '2019-06-05 03:45:11', '2019-06-05 03:45:11', '2020-06-05 09:15:11'),
('b908dffba8f5505c4c0ed6e746cf414c5c2d700fec94a0464e27ead72cbd8b3817a81bdf99f314d0', 42, 1, 'user', '[]', 0, '2019-05-29 05:26:44', '2019-05-29 05:26:44', '2020-05-29 10:56:44'),
('b91aa8327a8cc2a5efb1c48f4e50d44295ed3ce5f6de0b1eae2e0e35ab80a04b280ec987e47c4eee', 88, 1, 'user', '[]', 1, '2019-05-13 02:09:35', '2019-05-13 02:09:35', '2020-05-13 07:39:35'),
('b93d2b0afba57ef80a545832cc7800ce9d10b850d789009ae49aa017539f3aa266ae7967cd22e2c9', 24, 1, 'user', '[]', 0, '2019-04-25 02:31:04', '2019-04-25 02:31:04', '2020-04-25 08:01:04'),
('b95243c6aa3cc085edf2abfa0facab8a633854b9fbc4090e9b693c10493278eb753cbd29fb270406', 42, 1, 'user', '[]', 0, '2019-05-30 06:41:54', '2019-05-30 06:41:54', '2020-05-30 12:11:54'),
('b9848b5d43e034bbdece76d5ad41ae7290b366e5a8eb64412840d9c1a4f308388cad38f6ab8652df', 120, 1, 'user', '[]', 0, '2019-06-05 04:54:15', '2019-06-05 04:54:15', '2020-06-05 10:24:15'),
('b9b73629c8ec7c5148e219cf55ab9940bd78df8842c26a08d6557e88363bcc40e2adf6f3161c395f', 115, 1, 'user', '[]', 0, '2019-06-03 04:08:42', '2019-06-03 04:08:42', '2020-06-03 09:38:42'),
('b9be479146d93f3aaf1bbb6565b42e9f6dba6eaf6358a2a6f1ac8eacedb39a4c408554ccfc48bf1c', 42, 1, 'user', '[]', 0, '2019-06-04 23:53:19', '2019-06-04 23:53:19', '2020-06-05 05:23:19'),
('b9c255b0d70d53e5961827713962a60cff276135c3c15a97fc5ccaad7ea965bd7f79f64e9e69b420', 55, 1, 'user', '[]', 0, '2019-05-15 05:16:23', '2019-05-15 05:16:23', '2020-05-15 10:46:23'),
('ba444a0ef59b9b69fc09a235082409e1163fdef7817417abb689ffb9d2f85a440260bc8372d18aaa', 71, 1, 'user', '[]', 1, '2019-05-16 03:51:59', '2019-05-16 03:51:59', '2020-05-16 09:21:59'),
('badd0a0a2b807c53c2f92f6873f144b5b4bcb3e010bb82e0c70ccb471808a454db318eb01023042a', 42, 1, 'user', '[]', 0, '2019-05-29 05:43:20', '2019-05-29 05:43:20', '2020-05-29 11:13:20'),
('bb2676be7f9f295e540136315a6c2d834de8fe2b876fee06f7c81c666a2bce6bc3de30a45626dfba', 117, 1, 'user', '[]', 0, '2019-06-04 08:13:33', '2019-06-04 08:13:33', '2020-06-04 13:43:33'),
('bb61c5765928e47c42638788a5e1c1c4f5e38372d22fe71bfc6fab15e073d19a1c51b90a61eb44b0', 24, 1, 'user', '[]', 0, '2019-04-26 07:38:21', '2019-04-26 07:38:21', '2020-04-26 13:08:21'),
('bbd59dccc026701f33f154a5a54fa62d0e4fe44e13232491f635d36ad8dca9a949dfe968940837aa', 42, 1, 'user', '[]', 0, '2019-05-03 02:02:54', '2019-05-03 02:02:54', '2020-05-03 07:32:54'),
('bbe278ddea87d46c52b868453b18a897759b5eaa26acfedca4f03db79aee50bd8fde6c9a13c7def1', 104, 1, 'user', '[]', 1, '2019-05-20 03:34:32', '2019-05-20 03:34:32', '2020-05-20 09:04:32'),
('bbf95cd0724c5a3bbab885fda0b35858c32ab52470207ac52d3b03ed244bc610dc8c43c45bf4e018', 42, 1, 'user', '[]', 0, '2019-06-05 04:50:00', '2019-06-05 04:50:00', '2020-06-05 10:20:00'),
('bc1dd210d0b56be30a26bbe6e3bb8254a69880e89ffdd0281dac574e236dc4131585c4603905e186', 65, 1, 'user', '[]', 0, '2019-05-10 07:56:29', '2019-05-10 07:56:29', '2020-05-10 13:26:29'),
('bc2b04338324e6cf6d2088cdfb8e879567d9ee59b7337704d1468cd25d9aadab87280962101e6708', 108, 1, 'user', '[]', 0, '2019-05-20 23:22:09', '2019-05-20 23:22:09', '2020-05-21 04:52:09'),
('bc3108a5d9f44623a82e769cb07d27e5458344079c1afefa2403001ef5fd28b66db729a5d963ed53', 42, 1, 'user', '[]', 0, '2019-05-28 02:02:36', '2019-05-28 02:02:36', '2020-05-28 07:32:36'),
('bc3f00b91c2d968e55fa800a4ca36e4ebb72554a6b2bd716047b64396b248c679fe64ef19f9e2c8e', 120, 1, 'user', '[]', 0, '2019-06-10 06:01:45', '2019-06-10 06:01:45', '2020-06-10 11:31:45'),
('bc579da1a007a7aa0c9eda4f6a4134324c54fda8cd58d321a1181c046a07fd2e8e9ecde0b8c8955d', 48, 1, 'user', '[]', 0, '2019-05-07 02:23:58', '2019-05-07 02:23:58', '2020-05-07 07:53:58'),
('bca00ec6b8901dd7315ce51003fa240a257b9b831dc8282972e41a626c0a2bb25b1ef8a3dfed587e', 92, 1, 'user', '[]', 0, '2019-05-16 22:25:15', '2019-05-16 22:25:15', '2020-05-17 03:55:15'),
('bcd46de9cb95a8931824c760b36ff08542a236a15739561aa05db57c37bd82f679122d6ef287982d', 39, 1, 'user', '[]', 0, '2019-05-31 15:53:55', '2019-05-31 15:53:55', '2020-05-31 21:23:55'),
('bcd930a07d6135ba200b649833dbddf148d4db8ee23e9426fe14ed88150ed16b08ba320fe2c9f129', 48, 1, 'user', '[]', 0, '2019-05-07 23:24:28', '2019-05-07 23:24:28', '2020-05-08 04:54:28'),
('bcde384bdd97c1b3f7c56f7284498ee1f2cbb5708a047b54b9fbd4229cd08976cfa0565f07a939ca', 42, 1, 'user', '[]', 0, '2019-06-06 00:37:23', '2019-06-06 00:37:23', '2020-06-06 06:07:23'),
('bce63487268c69fe53eacb9db4b2fcd90216b4320854a05970d9c99100b32ac31316243fd450e7ad', 42, 1, 'user', '[]', 0, '2019-06-06 07:28:08', '2019-06-06 07:28:08', '2020-06-06 12:58:08'),
('bd1e2ae2fc4f29ce705033241a609af3520c2a23b6453a55ec6ae0a161fddc6de12bb9fa41c40717', 42, 1, 'user', '[]', 0, '2019-05-07 04:56:32', '2019-05-07 04:56:32', '2020-05-07 10:26:32'),
('bd9435b37fee5acd315b0803f711276d503e9a0a9027909ed330521a9e63595bbbee3cf1cf941254', 42, 1, 'user', '[]', 0, '2019-05-29 02:14:02', '2019-05-29 02:14:02', '2020-05-29 07:44:02'),
('bdbefbb7aef8e7b4731e53539a3368bb4fca6e70bb5c5776b84ac6ea91e182d99dd1b8852637758e', 42, 1, 'user', '[]', 0, '2019-06-03 08:13:45', '2019-06-03 08:13:45', '2020-06-03 13:43:45'),
('bdd6ef22bcf876e7f373e6b8f7c04901797e0e996140731a52224077d4a4cac2b23abcaee58c73d1', 108, 1, 'user', '[]', 0, '2019-05-20 23:03:09', '2019-05-20 23:03:09', '2020-05-21 04:33:09'),
('bdd9c88c85ffcae93185621ad5d8941d2fac8f34d6b402d571053a0e9e9de355fc48cb75dc0a3c6b', 39, 1, 'user', '[]', 0, '2019-05-22 10:47:10', '2019-05-22 10:47:10', '2020-05-22 16:17:10'),
('bde48f74bd6afb3cb76ee4cdba6358a88ee075babd082d473d56c64b594da59b739823d7deefd84e', 84, 1, 'user', '[]', 0, '2019-05-17 06:01:00', '2019-05-17 06:01:00', '2020-05-17 11:31:00'),
('be194a2841d3ee362d0ddecb65c6662301149e4ede913cb3e8e3bcb43f6f9dd7ffdbcecb6050e0d8', 3, 1, 'user', '[]', 0, '2019-01-24 04:21:14', '2019-01-24 04:21:14', '2020-01-24 09:51:14'),
('be3f7bf1082dcfa96896ba0093c6378db3a1ece17c93488abc8e3cd547ee6f0b92d1c62458e7e0cd', 55, 1, 'user', '[]', 0, '2019-05-16 00:02:27', '2019-05-16 00:02:27', '2020-05-16 05:32:27'),
('be75cac7b82a3d8e9c5aec31441ed8d6c6a137e270b4a1975ca34c55dc9135cefea8005ca0938957', 42, 1, 'user', '[]', 0, '2019-05-29 00:52:38', '2019-05-29 00:52:38', '2020-05-29 06:22:38'),
('be8139703aecd423189802d43a7ffe614f6aedbd9be79a3af22b1931cdfa924c455716f5d9d24d26', 3, 1, 'user', '[]', 0, '2019-04-30 00:31:45', '2019-04-30 00:31:45', '2020-04-30 06:01:45'),
('beb79de876d7977e65e25d3a034e7a536ae7fee9c7c938449c417e92ab5ba4987423b8733bfa1b1d', 6, 1, 'user', '[]', 0, '2019-01-25 02:07:42', '2019-01-25 02:07:42', '2020-01-25 07:37:42'),
('bed3c9034fab2e428f266015c6e107e9422f5b4fa8f6378d5ba5d43010fa30a986db6ddbb99a84cf', 84, 1, 'user', '[]', 1, '2019-05-21 01:22:32', '2019-05-21 01:22:32', '2020-05-21 06:52:32'),
('bf0065ad4de011655cb260f8f76e9d202cd3e02a58e69b44d81a36386bb9adb5955a30d1bdf27577', 24, 1, 'user', '[]', 0, '2019-04-25 00:14:47', '2019-04-25 00:14:47', '2020-04-25 05:44:47'),
('bf115516303046e8a245bbf17d73c5400ca5f3014d5162f8eee12c138b41ecd56d35f121b2f05ef1', 84, 1, 'user', '[]', 1, '2019-05-17 06:01:00', '2019-05-17 06:01:00', '2020-05-17 11:31:00'),
('bf3401cddb0e98b23d9d5232d6dd235e1521caecd77ba4841680f049aea2e1c797120a619abbd9c4', 42, 1, 'user', '[]', 0, '2019-05-28 00:48:47', '2019-05-28 00:48:47', '2020-05-28 06:18:47'),
('bf6fa7d39f740f4c5a36310df3df99fadda2ad800e198cccf69e4c7ed88f39686a292297dee8d6e7', 108, 1, 'user', '[]', 1, '2019-06-04 07:51:34', '2019-06-04 07:51:34', '2020-06-04 13:21:34'),
('bfdd9052a95d38d68d54410d9cbb2f6e56836c0e52cb8a96f0d5ae5bd8d86090edfb297a6c3cec49', 24, 1, 'user', '[]', 0, '2019-04-25 04:02:53', '2019-04-25 04:02:53', '2020-04-25 09:32:53'),
('bff7415571109807ddc70d0c0e3b4a3ab706caca9a5691123f9f6e2310d98e06e32a91dc12e90f53', 3, 1, 'user', '[]', 0, '2019-05-10 08:15:41', '2019-05-10 08:15:41', '2020-05-10 13:45:41'),
('c02a31af98ee625fbbb9fd48b654b9f285377edb345cfa9ccdcfb8af7ccf9d28837a9e55f8e0f64f', 103, 1, 'user', '[]', 0, '2019-05-20 01:27:10', '2019-05-20 01:27:10', '2020-05-20 06:57:10'),
('c02a9ae371ab04d7b7c6ef9e019d316bbf5b8ecb986545cc3cb14c398bf42b111b150f731c215658', 42, 1, 'user', '[]', 0, '2019-06-11 02:11:18', '2019-06-11 02:11:18', '2020-06-11 07:41:18'),
('c09426ddc7212b169bb5f0dec451bbd1a97fa60edf26040e81663696bdb7ef3d5ea5ff166b5a658c', 120, 1, 'user', '[]', 1, '2019-06-05 07:39:01', '2019-06-05 07:39:01', '2020-06-05 13:09:01'),
('c12e4138852a64aefbbbcaf80be94ea8088804bc219a45b5c9587ec3b748d669b0cc90e454b3af93', 24, 1, 'user', '[]', 0, '2019-05-01 06:44:45', '2019-05-01 06:44:45', '2020-05-01 12:14:45'),
('c1357becb3a2d3a533782a172d8067d3abeebf03ebf9ef3a9fd1a8942ef649a635a198309b599596', 44, 1, 'user', '[]', 0, '2019-05-07 01:29:21', '2019-05-07 01:29:21', '2020-05-07 06:59:21'),
('c1372ab524a574c0770ed635f28214fefc2bd92eeff530de06c68d7acf76299f06ecd907625da99c', 42, 1, 'user', '[]', 0, '2019-06-05 01:27:47', '2019-06-05 01:27:47', '2020-06-05 06:57:47'),
('c2290ca1fd8bb65e32b0636a2283da10131755b4d1b63888ef8899e04d38e2c9b8f22019ac004387', 42, 1, 'user', '[]', 0, '2019-06-05 22:56:48', '2019-06-05 22:56:48', '2020-06-06 04:26:48'),
('c24afc92ebfeec1e66dcee0bba2b7096485947917e3b5f4593b4f758c38743c056f0569128064a57', 24, 1, 'user', '[]', 0, '2019-04-24 07:48:15', '2019-04-24 07:48:15', '2020-04-24 13:18:15'),
('c2a6c118b919750918d3134b2a94bdd7cc1044d12551aa204f451c0d5948898d7492017d1c1f0592', 24, 1, 'user', '[]', 0, '2019-05-08 06:46:58', '2019-05-08 06:46:58', '2020-05-08 12:16:58'),
('c2b8d06627e2a0e9204abf8ad45c7a79bc8a639c2239b0adf51cea0fbba79d2d742abbd73e02d7a7', 42, 1, 'user', '[]', 0, '2019-05-03 01:44:48', '2019-05-03 01:44:48', '2020-05-03 07:14:48'),
('c2f2f6e9086719ed77159d961d69ce700a9f9362e92506edb56c55a14ca5094cfd20f911cf6b2552', 123, 1, 'user', '[]', 0, '2019-06-05 09:22:55', '2019-06-05 09:22:55', '2020-06-05 14:52:55'),
('c32983eedeb56c9a50b49578fa2cbe4ca9f921cf86c2e07becb6cd8e21bc083cc250c3964f4587e6', 12, 1, 'user', '[]', 0, '2019-01-24 07:22:33', '2019-01-24 07:22:33', '2020-01-24 12:52:33'),
('c3320ce4b9c6283339c3978a79c8e4bf65ef28363bb246a8ec6b8efc04e60ceaca52289de35fd08c', 101, 1, 'user', '[]', 1, '2019-05-17 00:36:42', '2019-05-17 00:36:42', '2020-05-17 06:06:42'),
('c3715e01803885c1036d7b65b894b9103a1e71ee9500667b848670fae579d6e544cc12edffd1a9ef', 42, 1, 'user', '[]', 0, '2019-05-20 23:59:09', '2019-05-20 23:59:09', '2020-05-21 05:29:09'),
('c3a758cd42287c99a9364fba2726dcff0415a1d9c596f1ae0196a333e2c974bb9616dbd3060512e8', 54, 1, 'user', '[]', 0, '2019-05-08 07:42:15', '2019-05-08 07:42:15', '2020-05-08 13:12:15'),
('c3e4213196da7d1d971ea199e224da4c24fac6bb7442f9a01fd56dec9dd0c6476024bce94cc8f22e', 100, 1, 'user', '[]', 1, '2019-05-16 06:35:31', '2019-05-16 06:35:31', '2020-05-16 12:05:31'),
('c4239b877c246418b3c4d7990efb369df2bd35d35b5672326ea429c9ee63ad67ad28b1de033de8ef', 112, 1, 'user', '[]', 0, '2019-05-24 05:47:12', '2019-05-24 05:47:12', '2020-05-24 11:17:12'),
('c480dc2682a8433450bb050b9fa20960f9662e3324222f2f2d64b809838846786ba91492e9e2ad79', 42, 1, 'user', '[]', 0, '2019-06-04 03:49:54', '2019-06-04 03:49:54', '2020-06-04 09:19:54'),
('c4c6685238bda72a43b077af784b894a50c0ac9b65d782c9e1cb70ffb055fe99936f59ee759c1d14', 120, 1, 'user', '[]', 0, '2019-06-10 03:41:19', '2019-06-10 03:41:19', '2020-06-10 09:11:19'),
('c4df66723cfeabf0f50415a350dabf1dfb6ab2731372fb66bda315a80661ace9181d1c61e150c39e', 3, 1, 'user', '[]', 0, '2019-01-25 07:00:01', '2019-01-25 07:00:01', '2020-01-25 12:30:01'),
('c528ad90e257e8fed1c72e9048bad3308befc1c6d63ffadfb01170a92e228bd7158bc28d0aca7da6', 42, 1, 'user', '[]', 0, '2019-06-09 23:39:50', '2019-06-09 23:39:50', '2020-06-10 05:09:50'),
('c5744a76a765f8383425e94b4cdde5007ca40d786c85fa3e9c58674d25a46114f92c3e3ed7d24da4', 24, 1, 'user', '[]', 0, '2019-04-24 07:41:53', '2019-04-24 07:41:53', '2020-04-24 13:11:53'),
('c5a443d38806237961079d32af1cc51645412b25e536923bed91075cdd942d057b0714bc99d67e34', 42, 1, 'user', '[]', 0, '2019-06-05 01:07:14', '2019-06-05 01:07:14', '2020-06-05 06:37:14'),
('c5c96d9f0bbbcf2775edae9402837c44da0ca81ff09c01b6807fd02315c6b0cd42439ce10a7161d0', 101, 1, 'user', '[]', 0, '2019-05-23 06:10:36', '2019-05-23 06:10:36', '2020-05-23 11:40:36'),
('c5e6b5801e3828494b9b4eeaa3271cb5f7c33ea7ece501b2a8e1f152d050eb4af85bff3a94384860', 96, 1, 'user', '[]', 1, '2019-05-17 06:54:59', '2019-05-17 06:54:59', '2020-05-17 12:24:59'),
('c5fa69b6a3ed2461c3fd2497113bd53ca7f6bd16a108149977cf9bc39243021c791effeb720c5bb1', 92, 1, 'user', '[]', 0, '2019-05-14 04:16:23', '2019-05-14 04:16:23', '2020-05-14 09:46:23'),
('c60602d8987e64fbbf41e595e6ebbd1ddda79faea659b56bc03bf580fe907c7a11bfa92bbbcffbd5', 104, 1, 'user', '[]', 1, '2019-05-21 02:11:48', '2019-05-21 02:11:48', '2020-05-21 07:41:48'),
('c62bf8546bc2cc82bb4633ca82ce04fff4f2365ab838d0c6fc8bb94074d0ada456cae181ede81db7', 42, 1, 'user', '[]', 0, '2019-05-02 07:05:51', '2019-05-02 07:05:51', '2020-05-02 12:35:51'),
('c647207dae6b4d3380e2bcbbbaad2814a0f809acc8108a5a01be40f2884d6b476db6c3853314ffbd', 109, 1, 'user', '[]', 0, '2019-05-21 05:56:09', '2019-05-21 05:56:09', '2020-05-21 11:26:09'),
('c67c4d9227a87df2eb07b5ed89f04af55c89d2eff6a27f3919d07bff19dc9216187a83662dc72f48', 42, 1, 'user', '[]', 0, '2019-06-06 05:11:40', '2019-06-06 05:11:40', '2020-06-06 10:41:40'),
('c697070c6261a89c0d9469a1dd8df0960c8174b62200b299fe60d6290792e7860e2df7b6850b9716', 24, 1, 'user', '[]', 0, '2019-05-01 06:52:53', '2019-05-01 06:52:53', '2020-05-01 12:22:53'),
('c76c64bf97e6750be9c94dfd05e5569cac572988bdae19381e9391feedc2dd2d69886b8b7688c6ea', 42, 1, 'user', '[]', 0, '2019-05-23 04:36:13', '2019-05-23 04:36:13', '2020-05-23 10:06:13'),
('c7980ddb1cd24374f9624539a8d726a2c996a7e51835064d10bfe48f20ef1d62b965aaf57a23f0d9', 43, 1, 'user', '[]', 0, '2019-05-02 05:54:35', '2019-05-02 05:54:35', '2020-05-02 11:24:35'),
('c7e2a2cc59acfbec4b2d1a65ac86550e6709d53ac8d51d5ed9aeca2ae678a4842dbad8761f1bc356', 42, 1, 'user', '[]', 0, '2019-05-27 08:15:03', '2019-05-27 08:15:03', '2020-05-27 13:45:03'),
('c8143f15180f10d664390e2a59d796ea58fc04ba7c08b77867c07d2826895059d3a7a8f9498911f9', 105, 1, 'user', '[]', 0, '2019-05-20 01:32:00', '2019-05-20 01:32:00', '2020-05-20 07:02:00'),
('c81a850ebbdb4ad562913ecf0d20748f3fb84d0012804becf8626f9a85b3f217c9dc14742bde7990', 12, 1, 'user', '[]', 0, '2019-01-24 07:21:18', '2019-01-24 07:21:18', '2020-01-24 12:51:18'),
('c87366aa57fe308d85c269ad543bf8ee45bafbae1c1345c0487cbdcfa49348558825a8254f524998', 84, 1, 'user', '[]', 1, '2019-05-15 07:06:26', '2019-05-15 07:06:26', '2020-05-15 12:36:26'),
('c8a35972fae67fc9cbc3602d80ac0c5aeaf9de9ef769a9302fdba928c9fc0b99d4ef875f63b8c339', 42, 1, 'user', '[]', 0, '2019-05-28 04:09:37', '2019-05-28 04:09:37', '2020-05-28 09:39:37'),
('c8e4e9eae5ea4c52adb34a6e1dfd2e0b7d2a80e59de0471dc2e0826a5cd7adfd0d554ed9ea5f1aa2', 42, 1, 'user', '[]', 0, '2019-05-28 04:40:06', '2019-05-28 04:40:06', '2020-05-28 10:10:06'),
('c90a26d316ed9d9623c53857a378a98d927a1990ae499101e56db06e0be036fd0d6e8554e8ccc637', 99, 1, 'user', '[]', 0, '2019-05-21 02:30:06', '2019-05-21 02:30:06', '2020-05-21 08:00:06'),
('c92e979d9df442f912c2ce4504f45d9d076838bd0905de4fd0486a4a4b257fedd6e3b6ef227b736f', 42, 1, 'user', '[]', 0, '2019-06-10 07:38:16', '2019-06-10 07:38:16', '2020-06-10 13:08:16'),
('c952b15425ff86bfb32458bb666257cd786978e60482a741ea2b371a608bd540c6e70d3f0799a381', 120, 1, 'user', '[]', 0, '2019-06-05 06:50:24', '2019-06-05 06:50:24', '2020-06-05 12:20:24'),
('c987f26405cd96f20a8fb65406c9e545bbe357342f4f2dc0cb09ba09b06ddce9a2d5bdb3c294747f', 42, 1, 'user', '[]', 0, '2019-06-04 02:20:36', '2019-06-04 02:20:36', '2020-06-04 07:50:36'),
('c98de58b712194bb8a77a0fef30ff1d09b524ea760b5c85283a558539b8404b4ad6281063094850a', 42, 1, 'user', '[]', 0, '2019-06-05 00:15:39', '2019-06-05 00:15:39', '2020-06-05 05:45:39'),
('c99a402b32138e9b8bbbf362f937cf2d5208d5f668faa2f41ef648ac071f6dd3a09b0ec809b3169a', 42, 1, 'user', '[]', 0, '2019-05-08 06:18:57', '2019-05-08 06:18:57', '2020-05-08 11:48:57'),
('c9ceb0d12b80415984d3fa20b11a33cf4f07206e1081d20aa0e04152493de7c30f80dc8269f243a1', 71, 1, 'user', '[]', 0, '2019-05-12 23:15:45', '2019-05-12 23:15:45', '2020-05-13 04:45:45'),
('c9fa711bec3aced9cc78dff5481d0ecef8eb5d9871ce1cdef3e482e7b7aec9b96a878280a556dc7b', 124, 1, 'user', '[]', 1, '2019-06-06 00:44:47', '2019-06-06 00:44:47', '2020-06-06 06:14:47'),
('ca0949d46ec5125a9c6ffc8eb8d87b84b3568e8e08b83f47688dc3797f2061d6bcbd279bf99ae498', 84, 1, 'user', '[]', 1, '2019-05-16 03:35:09', '2019-05-16 03:35:09', '2020-05-16 09:05:09'),
('ca15b18338b09769a1e59fc07e99900279ac180fc37e1137475b6af19e5d35583309c27235a8577a', 42, 1, 'user', '[]', 0, '2019-05-29 03:58:00', '2019-05-29 03:58:00', '2020-05-29 09:28:00'),
('ca2fcf6a4baf0fee311a965171a067b24bcbd58399c00781626d53b46d97c1e57867af2621153d81', 42, 1, 'user', '[]', 0, '2019-05-22 07:12:36', '2019-05-22 07:12:36', '2020-05-22 12:42:36'),
('ca4ffedd7d9418f3459e4e2e9bc28f7c3621d82497b90073def352662700d2e1c620b11a0f3eaa97', 42, 1, 'user', '[]', 0, '2019-05-28 03:55:08', '2019-05-28 03:55:08', '2020-05-28 09:25:08'),
('ca6147c262281560fa2ca0724cafac382fc96fc717b781e112926ff72eda70e9641f8f100c5d7a45', 120, 1, 'user', '[]', 0, '2019-06-05 05:02:38', '2019-06-05 05:02:38', '2020-06-05 10:32:38'),
('ca7a23273a1a279bc7ce7990beb9bedf2432f1c2d7e94ec3754ccc879b4e8e8fbd95406457c9dd77', 42, 1, 'user', '[]', 0, '2019-06-04 06:24:09', '2019-06-04 06:24:09', '2020-06-04 11:54:09'),
('ca84281a0abb590199d0bd1a10837f45925f255233e455d88cb9e7ca5a3ccbf236a27b9649c998cb', 42, 1, 'user', '[]', 0, '2019-06-04 23:15:09', '2019-06-04 23:15:09', '2020-06-05 04:45:09'),
('ca9b2b8552f589c0fea5e171737cae192e265d34ee93b8278f9614748943535e1e41b5b5c4d65e67', 42, 1, 'user', '[]', 0, '2019-05-08 06:10:09', '2019-05-08 06:10:09', '2020-05-08 11:40:09'),
('caa5b60b5781e04f94a33ca5ea96e43e888738840cb135a6cdffc08ef5121758c88a421bbbee9a7d', 42, 1, 'user', '[]', 0, '2019-05-28 04:33:45', '2019-05-28 04:33:45', '2020-05-28 10:03:45'),
('caf706493dbe7779a18af7513b2745436ce6901a8338a2d12da0fdcbf3e8c7e77751769b0f8879a7', 42, 1, 'user', '[]', 0, '2019-06-06 05:49:33', '2019-06-06 05:49:33', '2020-06-06 11:19:33'),
('cafa83ee74e48efbd628ab8baff1070ee9a3aedb529a83df0f8977a086c84edad60f4c9942abb3e5', 42, 1, 'user', '[]', 0, '2019-06-04 05:35:55', '2019-06-04 05:35:55', '2020-06-04 11:05:55'),
('cb6cf8f346f46fa49c5c62ae85527ada9ae6d2f43d09e3b6857aecee9e2761ab4f641214d43a7ad1', 42, 1, 'user', '[]', 1, '2019-06-06 04:52:26', '2019-06-06 04:52:26', '2020-06-06 10:22:26'),
('cb7f6b9179fd8f7cf857a9ab79461c8ebfcd360c08d6ee4ed7a526dc738e41fd8ca3beb157b2f4f7', 42, 1, 'user', '[]', 0, '2019-05-03 01:59:27', '2019-05-03 01:59:27', '2020-05-03 07:29:27'),
('cb8a5f974ed6bf3d2f8b2a03097932c7715bab166bf29162c652d631a42cbcc94880f6a6b18f2464', 42, 1, 'user', '[]', 0, '2019-05-29 07:54:44', '2019-05-29 07:54:44', '2020-05-29 13:24:44'),
('cbef8e0fb9b4755dd227b4c7460c97e7287d4e6652ae2e2bc81665d26f9845cfeceda08b7a00bb77', 42, 1, 'user', '[]', 0, '2019-06-06 07:14:02', '2019-06-06 07:14:02', '2020-06-06 12:44:02'),
('cbf7ec8932f39485ddc50146984bd69c8ffb978b07e6439d131cb863cfcf73dd81ed04a16a5e09cc', 105, 1, 'user', '[]', 0, '2019-05-20 02:05:09', '2019-05-20 02:05:09', '2020-05-20 07:35:09'),
('cc7e47671c4d042f307814453c70360ee89e2d09d1136f7afe58b82a21e99099d99dc5fa462adb80', 42, 1, 'user', '[]', 0, '2019-05-27 08:27:54', '2019-05-27 08:27:54', '2020-05-27 13:57:54'),
('cca6031e931103e5ee0b6b97392436874ddd14d31ebac3b56f695ce8d9ebfc4ae04d0cb24bd47bed', 108, 1, 'user', '[]', 0, '2019-05-30 23:26:32', '2019-05-30 23:26:32', '2020-05-31 04:56:32'),
('cca93ac5a29f242979a1817f2040f382a9448884b1e5a9cee74d56461385fae10072691f113a52dd', 128, 1, 'user', '[]', 0, '2019-06-10 01:45:56', '2019-06-10 01:45:56', '2020-06-10 07:15:56'),
('cd2368f57ee21c971eca2935fb0bbc3045e822c767c04a044fa2e9ce010a6ac121e9db0fd7617471', 99, 1, 'user', '[]', 0, '2019-05-16 06:20:26', '2019-05-16 06:20:26', '2020-05-16 11:50:26'),
('cd61f89d26b08f3c6c46f10f1a1bf78253ec540819f0be30516467414a57f7cc56b68e5b70e78e7f', 15, 1, 'user', '[]', 0, '2019-05-21 01:00:05', '2019-05-21 01:00:05', '2020-05-21 06:30:05'),
('cd743dda3052e5c81b23463361bddee48dc4d551193fe8f99487465499b5ed7ca0788308d9886922', 42, 1, 'user', '[]', 0, '2019-05-02 07:09:20', '2019-05-02 07:09:20', '2020-05-02 12:39:20'),
('cda3f49827b3071c4534fe8c586ddfee8fb921e89d2986c98b79548e08c252b69879193debdc0c75', 103, 1, 'user', '[]', 0, '2019-05-20 01:26:31', '2019-05-20 01:26:31', '2020-05-20 06:56:31'),
('cdbd4953f141ad981ce2f8f77f1bab40776c714b190f492abebf839f43fdbab75bb63287d03ed879', 39, 1, 'user', '[]', 0, '2019-06-03 13:47:42', '2019-06-03 13:47:42', '2020-06-03 19:17:42'),
('cdd646bffe226b53bae08a4d67271680125fcad1142a75430a5d00c5bf2ff246d61f41cf3a182577', 24, 1, 'user', '[]', 0, '2019-04-26 08:07:43', '2019-04-26 08:07:43', '2020-04-26 13:37:43'),
('ce5bc3f7bece21fed0a6c9cc6bd4570f1a466ac0bcd1e551a82540a3f78a70e8cee881b5d1ab445c', 44, 1, 'user', '[]', 0, '2019-05-09 04:09:51', '2019-05-09 04:09:51', '2020-05-09 09:39:51'),
('cee4ea8534ade265623afa243232cbdc8334afd7bcd9419ad7c0385ef759d43fc41ae0c037dd98fb', 24, 1, 'user', '[]', 1, '2019-04-26 05:21:25', '2019-04-26 05:21:25', '2020-04-26 10:51:25'),
('cf2895cd83aae8f5c9138e605101148b97f89aec9dfc9e5461276b9dbaa2db627dab36cb1c450296', 55, 1, 'user', '[]', 1, '2019-05-09 06:06:27', '2019-05-09 06:06:27', '2020-05-09 11:36:27'),
('cf607b59ec708917f26a539976333e94e07be33d5ab5e8da145c69510fdb07507cfebf82622c7a76', 24, 1, 'user', '[]', 0, '2019-05-01 04:46:39', '2019-05-01 04:46:39', '2020-05-01 10:16:39'),
('d06c00ff2081c171bd6025e4e6852f0b04fc871418df112b161c3afa59cd7b410981e7a0f2cd1d69', 105, 1, 'user', '[]', 0, '2019-05-20 04:19:29', '2019-05-20 04:19:29', '2020-05-20 09:49:29'),
('d0a2e07519687872c8a742cda1b48f402e0688c08b439b80b52506e1fa3ff5e828d9a05024df7ccc', 93, 1, 'user', '[]', 0, '2019-05-14 05:08:39', '2019-05-14 05:08:39', '2020-05-14 10:38:39'),
('d0a9049f1fbd051ebf1064ae00ee756bbe54e10a7ff857b74cfca7c2e9ae7065337ef1bcfdf409c0', 42, 1, 'user', '[]', 0, '2019-06-04 05:33:15', '2019-06-04 05:33:15', '2020-06-04 11:03:15'),
('d1b5bf0df47476a9a2db268cc119e5c636ca300409d9743c1369094d6deb434b81b789b4c5e98f8c', 42, 1, 'user', '[]', 0, '2019-05-23 07:19:58', '2019-05-23 07:19:58', '2020-05-23 12:49:58'),
('d1eccfaee2b719c936adc17bd8bd5e28fe08c13696a42cb205ac74a67c0f2c299c760cb514c100ae', 71, 1, 'user', '[]', 1, '2019-05-12 23:12:29', '2019-05-12 23:12:29', '2020-05-13 04:42:29'),
('d205aff06924e9c26b492230177a102cd5538d1f355afb63ee9d34d564e20c853f81109d77357d3e', 42, 1, 'user', '[]', 0, '2019-05-23 04:40:18', '2019-05-23 04:40:18', '2020-05-23 10:10:18'),
('d23e90cf6cb80ac30e5a0e7bc8b4f590d34eaab85fc0722bb9388684c9c41edf116085e481ac1cfb', 42, 1, 'user', '[]', 0, '2019-06-11 00:38:33', '2019-06-11 00:38:33', '2020-06-11 06:08:33'),
('d2450df764c0cd6384ed4b3ab0bb543437be8908a90e852e88b4d48008edb4e355938fa7a3b41e87', 42, 1, 'user', '[]', 0, '2019-06-04 06:18:01', '2019-06-04 06:18:01', '2020-06-04 11:48:01'),
('d252bef8af62819c09c461f63fc8a11cf70472f5f526f10e00ebc4be488368ed33bafbf76e60f4c5', 42, 1, 'user', '[]', 0, '2019-06-11 00:04:00', '2019-06-11 00:04:00', '2020-06-11 05:34:00'),
('d2996e9104f97cef381b1037680d538dc4ae4d38f3ed5cb1ec4bee8788ac50b30169600c61e12aba', 47, 1, 'user', '[]', 0, '2019-06-04 07:44:48', '2019-06-04 07:44:48', '2020-06-04 13:14:48'),
('d2c15d409b7cb888f4e1618e4f56273f293681af6e5820b27a53b4a818fe08e29c643513d1af1fe7', 55, 1, 'user', '[]', 0, '2019-05-09 04:06:48', '2019-05-09 04:06:48', '2020-05-09 09:36:48'),
('d2d9aadade9d0621185b1d64fcf24c4109fcfa3f15d4119af7fe36fe67747b1a04691eff9772a068', 55, 1, 'user', '[]', 0, '2019-05-09 04:00:16', '2019-05-09 04:00:16', '2020-05-09 09:30:16'),
('d2eed37cfa57b994c0ced238b36e52a9b76f22f417280d0f82e3da801ea874f78ec4743abe285a01', 6, 1, 'user', '[]', 0, '2019-01-25 01:41:42', '2019-01-25 01:41:42', '2020-01-25 07:11:42'),
('d2f14b658416dbb111c1f70f221fcd5302ed2d1f7868fe34c8f162016425752e09e752e413e682b0', 99, 1, 'user', '[]', 0, '2019-05-21 01:45:16', '2019-05-21 01:45:16', '2020-05-21 07:15:16'),
('d3188f692659cf97c335ade44264c8ec7febfa7ab21815124b4223df13fea70a828c84ad70c29c56', 42, 1, 'user', '[]', 0, '2019-05-23 04:31:26', '2019-05-23 04:31:26', '2020-05-23 10:01:26'),
('d35116d4ca0c94bb717212b4b9543a4a848c4ea7ef264aaa889112e9e74be3216ef74a19e53f5e9f', 105, 1, 'user', '[]', 1, '2019-05-20 06:01:02', '2019-05-20 06:01:02', '2020-05-20 11:31:02'),
('d356983b4d5675b0602298580d360b1dedbd38fe0891ed65d018e270e1c075acb2839abd023bd3e3', 42, 1, 'user', '[]', 0, '2019-06-11 04:38:26', '2019-06-11 04:38:26', '2020-06-11 10:08:26'),
('d38a67e8ad9ec3c792c0c2f4ac8080569d0b9d26b57004d8d8e0b28fae2f4cf6e8fea6fd944efa20', 87, 1, 'user', '[]', 1, '2019-05-13 05:24:38', '2019-05-13 05:24:38', '2020-05-13 10:54:38'),
('d438ccee2d1aff5b76d9d8ab5d6f88a371309a328b9c2b3b3e9ddfc361a448c998871cfdfa64a3f7', 92, 1, 'user', '[]', 0, '2019-06-04 08:14:17', '2019-06-04 08:14:17', '2020-06-04 13:44:17'),
('d4443d9438d1100f31a9cd361f201a310ca7081d2b60d346e62b06bc723cce83df8296000df5e9da', 120, 1, 'user', '[]', 0, '2019-06-10 06:30:23', '2019-06-10 06:30:23', '2020-06-10 12:00:23'),
('d4ab35a139ea245f92d17d3f1ad91d6eeb4acfd561f36bcf20c0b1910b241426c16532b674399a00', 23, 1, 'user', '[]', 0, '2019-04-24 23:28:30', '2019-04-24 23:28:30', '2020-04-25 04:58:30'),
('d4dbf36aa280cb9dbf86d9bd4352300249c1922d78e67aa5b24d0afe88a792137e3b826cd212826f', 42, 1, 'user', '[]', 0, '2019-05-08 05:51:23', '2019-05-08 05:51:23', '2020-05-08 11:21:23'),
('d4ef55acfd7c318d5c44b26a9f2e1f8fb8c6c2da6281a5acbb289f77e6438a3bc3b45900ba47f9f2', 55, 1, 'user', '[]', 0, '2019-05-15 01:57:06', '2019-05-15 01:57:06', '2020-05-15 07:27:06'),
('d5090df0ebc54d80badd6ebc71a4c4e509f80fd7d34d51e10c206887ac3ba47741b5151527bd05ee', 42, 1, 'user', '[]', 0, '2019-06-06 06:20:16', '2019-06-06 06:20:16', '2020-06-06 11:50:16'),
('d51a87f30e1861c1ee8d410eefa6b75af9861d5c8791959a7de458503c45471f4d61dd3e4186b1d5', 42, 1, 'user', '[]', 0, '2019-05-24 08:18:13', '2019-05-24 08:18:13', '2020-05-24 13:48:13'),
('d52d99eea414710fc7dac963b85227145ea89e569076b6055468e7e4203e32d2dcfc5a600a945542', 3, 1, 'user', '[]', 0, '2019-01-25 02:01:15', '2019-01-25 02:01:15', '2020-01-25 07:31:15'),
('d5330e2b5e30afb469409808eb2df25874bc98ccd4e8100fb4bf772c217b37636939438d525efc0d', 39, 1, 'user', '[]', 0, '2019-06-02 14:41:05', '2019-06-02 14:41:05', '2020-06-02 20:11:05'),
('d55ead187e5be151598d32dd62670fc31887ca94670f9e2882c4841ff8018d66cbdc55f3c68493cb', 5, 1, 'user', '[]', 0, '2019-01-25 05:41:39', '2019-01-25 05:41:39', '2020-01-25 11:11:39'),
('d57724915a4de6c2063efae40a159335ec5b4a9ae193de0df22905903f7b7740cbe9e29ab66b1032', 55, 1, 'user', '[]', 0, '2019-05-16 06:26:17', '2019-05-16 06:26:17', '2020-05-16 11:56:17'),
('d5b916d51ee0858bf0244c1836279754ae64b02356385cd1cb8b9c35ea0c41b9cb89bed8b0fd2f7e', 42, 1, 'user', '[]', 0, '2019-05-27 23:02:22', '2019-05-27 23:02:22', '2020-05-28 04:32:22'),
('d5d6984b23f8d9f3d09848b7084b041da60682b62eeb960b0857562a29f7de4d05422dcf496fca96', 3, 1, 'user', '[]', 0, '2019-01-25 01:41:12', '2019-01-25 01:41:12', '2020-01-25 07:11:12'),
('d622fdb869e02024261537fd0de0a37ac2b7ea41e4bc731cde2ace557f0bafca39e404b653913076', 87, 1, 'user', '[]', 0, '2019-05-13 01:43:09', '2019-05-13 01:43:09', '2020-05-13 07:13:09'),
('d6b24bcba5ee08922b3252c3ad364dc61b7f2ba56637ad8065bbe7fab8e5d74dbe62ef7c00ba19f7', 42, 1, 'user', '[]', 0, '2019-05-21 01:46:13', '2019-05-21 01:46:13', '2020-05-21 07:16:13'),
('d6e68cb4495681d662929cd66fbc409540be4535e47cacb38b08e1e2bc2c9510a2a0f69be8d42d1e', 120, 1, 'user', '[]', 1, '2019-06-05 05:20:00', '2019-06-05 05:20:00', '2020-06-05 10:50:00'),
('d7052e01e5df865606338c379b49f31e20e1bfd01dbeb5f507678ec85292d8ef3cc0167652a70b91', 42, 1, 'user', '[]', 0, '2019-05-27 23:18:56', '2019-05-27 23:18:56', '2020-05-28 04:48:56'),
('d71037927b293ad891fd584018d7595ec4b03329aac70043a4686f29250afcf10fb622739c7434f5', 42, 1, 'user', '[]', 0, '2019-06-11 01:08:02', '2019-06-11 01:08:02', '2020-06-11 06:38:02'),
('d7204d0bf58b12f6dd072803bebbf99048f7a93627aa36c2eafb2473f904224f232c58147c23e9be', 105, 1, 'user', '[]', 1, '2019-05-20 06:04:48', '2019-05-20 06:04:48', '2020-05-20 11:34:48'),
('d720e1cf265133704b390ec217856d6a7cb213eee7ac808459b0aa7292bdf2a2e3acef253c238843', 42, 1, 'user', '[]', 0, '2019-05-27 08:17:23', '2019-05-27 08:17:23', '2020-05-27 13:47:23'),
('d72ae3c8781b85b43909c0dd0cfca0bf9e75f5608c4e1333dc750e1f78defc40f972ab72cec578c7', 101, 1, 'user', '[]', 0, '2019-05-17 01:36:34', '2019-05-17 01:36:34', '2020-05-17 07:06:34'),
('d7c2784fd61e4764685d5f1e3965ee44a70739dc6bca94e7e469ba99c19f997fd4601cd90507f9e3', 39, 1, 'user', '[]', 0, '2019-06-03 09:19:27', '2019-06-03 09:19:27', '2020-06-03 14:49:27'),
('d7e10fcecbe2e24fa281bee915bafba54b425a2ec8275c0e744a42283403da4d4d59ef9021fd7bca', 129, 1, 'user', '[]', 0, '2019-06-10 04:40:26', '2019-06-10 04:40:26', '2020-06-10 10:10:26'),
('d7f8dfc4ebdf048082ec734751a619f2f23f28c0fc1fb5db042514e59c8eb7625d7dbec2a9b886e1', 24, 1, 'user', '[]', 0, '2019-04-24 06:17:30', '2019-04-24 06:17:30', '2020-04-24 11:47:30'),
('d8126c3529f6b6b7c1fbf18697b78593478cee04dcfb9cd0af3fe0b0defd9fd40f7c88b22ff47e70', 126, 1, 'user', '[]', 0, '2019-06-06 23:36:53', '2019-06-06 23:36:53', '2020-06-07 05:06:53'),
('d835f1387df72e144599ec4fb17b0ba6f58082906b3a2ea217729bb5ac9261000f11f319b1a682b3', 1, 1, 'user', '[]', 0, '2019-05-10 06:43:02', '2019-05-10 06:43:02', '2020-05-10 12:13:02'),
('d90a619267881ce97655673e22cc5bbeb5bbce2a5c0a6bd2aea6d71759dad98a3d35880ea489fbbf', 42, 1, 'user', '[]', 0, '2019-06-06 05:07:11', '2019-06-06 05:07:11', '2020-06-06 10:37:11'),
('d915702223652d67b34101c2c4dc63386050f4e80f230bcfce3f98588a1707f906ca50b4ae284a82', 11, 1, 'user', '[]', 1, '2019-01-24 07:15:00', '2019-01-24 07:15:00', '2020-01-24 12:45:00'),
('d97d5d41ddbe35417abc50903863efb6fbe32b60fa5cf62e2f3f2871545698f254d7391257a34ea6', 120, 1, 'user', '[]', 0, '2019-06-10 02:24:13', '2019-06-10 02:24:13', '2020-06-10 07:54:13'),
('d9c292bb0fc03a49436717d5f821301d89a36405d0e3eb6aa7dff6230010fa59481da2d1be589b20', 42, 1, 'user', '[]', 0, '2019-05-07 05:58:46', '2019-05-07 05:58:46', '2020-05-07 11:28:46'),
('d9d8e54ac59b1f66a5ebbf39bd06f723442184989e8f04562d0bd4f1a3588418e0914c596cde7456', 42, 1, 'user', '[]', 0, '2019-05-27 23:36:23', '2019-05-27 23:36:23', '2020-05-28 05:06:23'),
('d9fd015129e777c51d3388f4575509b996d6b25ff9ddcd5a4db1d3ffd22d69c681fa088bf1f0464e', 39, 1, 'user', '[]', 0, '2019-05-24 04:18:53', '2019-05-24 04:18:53', '2020-05-24 09:48:53'),
('da2cd9dbb3a3f400e2d6810d9b46eb58ba2c4a6aac9a758d4412618480592fa1342151dac78a6d52', 92, 1, 'user', '[]', 0, '2019-06-04 07:59:15', '2019-06-04 07:59:15', '2020-06-04 13:29:15'),
('da58d207c4724aa3bd020e24e466e5498fe311194932c8f27ebd94a5c0a800633606043130af7a17', 24, 1, 'user', '[]', 0, '2019-04-30 08:07:25', '2019-04-30 08:07:25', '2020-04-30 13:37:25'),
('da682d9db248eaa06c371056f7625fbc83992a1b402740b84508e3df9aeffe2583563a54b7c04c1e', 5, 1, 'user', '[]', 0, '2019-01-22 05:10:01', '2019-01-22 05:10:01', '2020-01-22 10:40:01'),
('dab116a2d2f6222aab81329b0ab12734262b99ac86e5a230fc4a1c619beae20ab47860060e4da610', 115, 1, 'user', '[]', 0, '2019-06-03 01:39:48', '2019-06-03 01:39:48', '2020-06-03 07:09:48'),
('dac3c14fabbff764f4eb17bb30de0e0cd21299b8a24b17f2cc0a7f8611ece1aac2efa98d589375d4', 17, 1, 'user', '[]', 0, '2019-05-16 07:34:27', '2019-05-16 07:34:27', '2020-05-16 13:04:27'),
('db46fd3781e5bb3f1a8b578c871adcdd964d1c2cf1b546ebcba43700b37f142971e2da83572331a8', 84, 1, 'user', '[]', 1, '2019-05-20 23:18:32', '2019-05-20 23:18:32', '2020-05-21 04:48:32'),
('db4851e6d73ebd2933ed1cddaac84769fb188da86de2ebff60d0656072b7e87a9e0e9d41e75d6481', 42, 1, 'user', '[]', 0, '2019-05-03 05:54:49', '2019-05-03 05:54:49', '2020-05-03 11:24:49'),
('db6f10ee82cd4feabe31e6de947192acfe25edb7d3789231099885acf5b3f1d6026f2b5cb4f83370', 42, 1, 'user', '[]', 0, '2019-06-04 02:11:09', '2019-06-04 02:11:09', '2020-06-04 07:41:09'),
('dc1a9be58730e06e0cdb807b343ae138ff9662a04597e64ff65fb1096d19c9516b23f32d06865edc', 117, 1, 'user', '[]', 1, '2019-06-05 01:38:20', '2019-06-05 01:38:20', '2020-06-05 07:08:20'),
('dc40fa500a0691203979f8d68c6bea86ab5bcd7956560a9ae79fc1ec3f54021c2892f1c9a4f4165b', 96, 1, 'user', '[]', 0, '2019-05-16 01:23:20', '2019-05-16 01:23:20', '2020-05-16 06:53:20'),
('dc5a17bf72e1533feb5f6bdfed1f0cd6cd747984c08029ddef7bad9d7bb2953317667ae2516133fc', 42, 1, 'user', '[]', 0, '2019-05-29 07:58:14', '2019-05-29 07:58:14', '2020-05-29 13:28:14'),
('dc63ed2526d3863f95d38c95e2d922ada2ba934e102c9d86e4a88dd9d13c686bc1d5a30238d9604c', 42, 1, 'user', '[]', 0, '2019-05-29 23:37:20', '2019-05-29 23:37:20', '2020-05-30 05:07:20'),
('dc85f391cf5667cecce8a29abf401d2d87d1ad44b59e7b996d5d95513681a7392dc10b45183d4f4c', 42, 1, 'user', '[]', 1, '2019-06-05 05:16:55', '2019-06-05 05:16:55', '2020-06-05 10:46:55'),
('dd0069edd81bdd62d93bcff5610afa44030b13d438b281e49969c91505a7263d4ab5f0b508ee96ad', 55, 1, 'user', '[]', 0, '2019-05-15 04:16:18', '2019-05-15 04:16:18', '2020-05-15 09:46:18'),
('dd167694dfb8dd3ae8630e0c2f35dc2b5e18ea0936360915bdaeca104c38d4f25205bd5631ad6209', 84, 1, 'user', '[]', 0, '2019-05-14 05:30:32', '2019-05-14 05:30:32', '2020-05-14 11:00:32'),
('dd35e1d431ee99da738e2688a659ff99b57416f3328275aee728b0160debaa68d00d451118982c2b', 105, 1, 'user', '[]', 0, '2019-05-20 02:01:23', '2019-05-20 02:01:23', '2020-05-20 07:31:23'),
('dd44c980caad636662e018051598e2003bd9b685a1afce7e663a0463265c31f73ed248f10ca29c56', 24, 1, 'user', '[]', 0, '2019-05-01 05:45:54', '2019-05-01 05:45:54', '2020-05-01 11:15:54'),
('dd9a75444e6143cb86c4a6b8d0e12d0eab8c460b06bdf05230a9d66970792756f786b014b9b389f8', 5, 1, 'user', '[]', 0, '2019-01-22 05:02:28', '2019-01-22 05:02:28', '2020-01-22 10:32:28'),
('ddaeecd785c33363d5522d1700097a4aa331674a4c3296a47eb25fdc502e7419ab832ee516ff2d08', 3, 1, 'user', '[]', 0, '2019-04-30 00:55:12', '2019-04-30 00:55:12', '2020-04-30 06:25:12'),
('ddd71be48ea23e0af23b26ad31296bcad907aa395dcfc4231650c5cff691773c63751ffd48919e8e', 3, 1, 'user', '[]', 0, '2019-04-19 04:48:05', '2019-04-19 04:48:05', '2020-04-19 10:18:05'),
('ddf389041b8027b63e5a1805efce28d53b696e0e9180161372223397eaf951cb3021311c1c0a7dc7', 42, 1, 'user', '[]', 0, '2019-05-29 06:04:45', '2019-05-29 06:04:45', '2020-05-29 11:34:45'),
('ddf93d2e5e9406aa4f228522b4070fb1446a8effadeceaac79f672bd167ed2d716b23915ff8cbfae', 71, 1, 'user', '[]', 0, '2019-05-10 08:02:17', '2019-05-10 08:02:17', '2020-05-10 13:32:17'),
('de28c1b4489d7b0feaf7c07ade5261ae464044cdca39cc247388608cb17b0e879dd8f40767637ec7', 47, 1, 'user', '[]', 0, '2019-06-03 03:52:23', '2019-06-03 03:52:23', '2020-06-03 09:22:23'),
('de9e29db812f5a95362c565edf35e629b94758f4987594332c1b121292fd308921b0c4d4c62683d7', 92, 1, 'user', '[]', 0, '2019-05-14 04:17:03', '2019-05-14 04:17:03', '2020-05-14 09:47:03'),
('dec68953caa473f307eabe768bed4c38c7d361e76e826caeabb71bc7ba153d795b26619390db0030', 42, 1, 'user', '[]', 0, '2019-05-28 04:07:34', '2019-05-28 04:07:34', '2020-05-28 09:37:34'),
('ded4a7dedf37d9f18ea560d1f9f1b802a5f4ef518c0401d481e3a6c3ed458ceab2e912c544248335', 39, 1, 'user', '[]', 0, '2019-05-22 09:51:23', '2019-05-22 09:51:23', '2020-05-22 15:21:23'),
('df718b5a384dcb674385beea3bc2e9f720d26240508d31dc9a7218e63bb28845f645ecbc05848c8b', 42, 1, 'user', '[]', 0, '2019-06-06 05:02:25', '2019-06-06 05:02:25', '2020-06-06 10:32:25'),
('dfb00e65a78f40373cffcfbddc877082668a864f6475ed89e38c014f6720e08cf6c8c5190b8c555b', 42, 1, 'user', '[]', 0, '2019-06-04 08:20:34', '2019-06-04 08:20:34', '2020-06-04 13:50:34'),
('e03acfde50f73ab69bd55335b750a7f4ecad3d3a82d12afd891d401ce2150e41f1d8e8738ac65bf2', 42, 1, 'user', '[]', 0, '2019-06-04 06:51:20', '2019-06-04 06:51:20', '2020-06-04 12:21:20'),
('e0459e219c269164eab4dad3a1de54f17ba9386fb71c1cb611f8e32d542c1e499fc7e41247be9a13', 92, 1, 'user', '[]', 0, '2019-05-14 04:16:05', '2019-05-14 04:16:05', '2020-05-14 09:46:05'),
('e07835e9ee17529b97bb2b958e8db1af3251bbfabba03532e7bc6dfe3af666523de32b7a051d4c32', 25, 1, 'user', '[]', 0, '2019-04-25 07:29:03', '2019-04-25 07:29:03', '2020-04-25 12:59:03'),
('e08166e71177d894e3feca64179c7bb3cc7f3f27c23dc410464c13bb4b31738aec4db267d0c575e4', 55, 1, 'user', '[]', 0, '2019-05-15 05:13:15', '2019-05-15 05:13:15', '2020-05-15 10:43:15'),
('e085579475c40b2a60f179303c54a0b0da8f76a9ad1c52acd3403b476381750eeb75dd8098c954e1', 6, 1, 'user', '[]', 1, '2019-01-25 03:47:01', '2019-01-25 03:47:01', '2020-01-25 09:17:01'),
('e0b527a4ddbd3699ea7860a97ea53a86af46091cd8685a86c800f4be1c880983d90327fa02c050c9', 1, 1, 'user', '[]', 0, '2019-01-22 05:19:59', '2019-01-22 05:19:59', '2020-01-22 10:49:59'),
('e0e7213f3af9e09c9e7287097d0ff9b6b6b785a76fd5d98342e8c84827e360fde8eb379e8b41d9ab', 8, 1, 'user', '[]', 0, '2019-01-24 06:23:32', '2019-01-24 06:23:32', '2020-01-24 11:53:32'),
('e11ba986fc9164944bebe1aaf465f4a328bbc6ae7076a716408970fb37bb329e011c8fb2a74f17ff', 42, 1, 'user', '[]', 0, '2019-05-07 05:51:38', '2019-05-07 05:51:38', '2020-05-07 11:21:38'),
('e146fba5a805a904281c31df6a5331e230a0aaf8d3cf0d5376866a1573e32229f6305c098b6980c7', 42, 1, 'user', '[]', 0, '2019-05-02 07:13:02', '2019-05-02 07:13:02', '2020-05-02 12:43:02'),
('e1ea32661de8eb95a463920c15fd40c7c2467a5d189ce8414603636b8eb71ad65452b2bac7b94e3c', 101, 1, 'user', '[]', 0, '2019-05-23 06:06:09', '2019-05-23 06:06:09', '2020-05-23 11:36:09'),
('e1ee8428b6cb385cf661ee9901d781653aabbf3508748e71f5efb452cf159645f10148b0b30d34ae', 42, 1, 'user', '[]', 0, '2019-05-03 01:27:17', '2019-05-03 01:27:17', '2020-05-03 06:57:17'),
('e1f814c6510bd1af4f72b47aeb3fde9d4d6e817d7e69b3afd6295b015f0efb96f5cb39c97ad0cd87', 42, 1, 'user', '[]', 0, '2019-06-10 08:03:27', '2019-06-10 08:03:27', '2020-06-10 13:33:27'),
('e22080c70b7bf5d0d0097076e2669655a8d2937c2a7f97c9d2838849a75f6945060ab42f8d1ab7ef', 57, 1, 'user', '[]', 0, '2019-05-10 07:19:42', '2019-05-10 07:19:42', '2020-05-10 12:49:42'),
('e2994a836d220a7fdcc84d84dce2b9c5d5cd27f10e86bc706c8086e4d5b90be92bf2636f13401157', 42, 1, 'user', '[]', 0, '2019-05-30 00:20:28', '2019-05-30 00:20:28', '2020-05-30 05:50:28'),
('e2af0d065d3f5dadbdb6489b5bcd5ea246b3343269743f1adb1653aeaf891900b3fad7341b41bf58', 42, 1, 'user', '[]', 0, '2019-05-30 00:10:35', '2019-05-30 00:10:35', '2020-05-30 05:40:35'),
('e2b2d64b24353b51c95f86a28cc49fd695c50136ba7bfde71399b5199c14200339409ac08a21fdc7', 65, 1, 'user', '[]', 1, '2019-05-10 07:58:49', '2019-05-10 07:58:49', '2020-05-10 13:28:49'),
('e2e9e53cdeb0e769e38ef987f10138ad5b078d56922d2cb03c95e31cd16a91b487ab9151ca2c3445', 107, 1, 'user', '[]', 0, '2019-05-20 08:01:27', '2019-05-20 08:01:27', '2020-05-20 13:31:27'),
('e2f203d6c40b1211fc00fc8b27755cbe3d0e953f7541f4b786fe4886e539069b4bcd9c103a15ef7d', 24, 1, 'user', '[]', 0, '2019-05-01 07:46:47', '2019-05-01 07:46:47', '2020-05-01 13:16:47'),
('e3066207b5e48270eff79e2e9ae6e8e7ee315b0b95e19d36846f6c704cb3b25019ec63ea657b506c', 3, 1, 'user', '[]', 0, '2019-01-22 23:54:10', '2019-01-22 23:54:10', '2020-01-23 05:24:10'),
('e309c6d6c1b9643cbc401770dc4733d80de4c6293b40568bf5a0572e6c7f4e32f9a9b9e0141c8259', 42, 1, 'user', '[]', 0, '2019-05-28 03:46:59', '2019-05-28 03:46:59', '2020-05-28 09:16:59'),
('e340fcfe2a14134bf706c3a634b36de75a212bde8dc56f5c94582438126f3395e8614cf915903a57', 106, 1, 'user', '[]', 0, '2019-05-20 01:33:06', '2019-05-20 01:33:06', '2020-05-20 07:03:06'),
('e3825a76be1baaa4c1029e7c55d1c79b4f085bc9150ab96e7d0b56eab42f852059f1e478ad87d78a', 105, 1, 'user', '[]', 0, '2019-05-20 02:00:25', '2019-05-20 02:00:25', '2020-05-20 07:30:25'),
('e3985320717ca74cdb13a3acf68061e851c4bcf315cee73cac6f5bd3f516a40973853f9bd6a20d18', 71, 1, 'user', '[]', 1, '2019-05-16 01:25:17', '2019-05-16 01:25:17', '2020-05-16 06:55:17'),
('e3bc63cf3316a5a6d42a105c1aeaffda85b1079140e7a01e055b343aece64ee4871abd8e5cbf2663', 42, 1, 'user', '[]', 0, '2019-05-29 02:16:16', '2019-05-29 02:16:16', '2020-05-29 07:46:16'),
('e44b5dff879e127798aac1ae89d1929a746baa2d291390412a2808f616f5d8088c74b8f260cb3e1e', 42, 1, 'user', '[]', 0, '2019-05-07 04:59:19', '2019-05-07 04:59:19', '2020-05-07 10:29:19'),
('e4543c889f82eb85eefb70b5efbd861c98a7560cee6277fb9abbe518f0229214d15679627a483ea7', 42, 1, 'user', '[]', 0, '2019-05-29 00:53:58', '2019-05-29 00:53:58', '2020-05-29 06:23:58'),
('e461e46e0f9de558f43792c37351d1d7553f442ead532040a468624087d0fbeba5b54503ae0575ad', 42, 1, 'user', '[]', 0, '2019-05-29 23:38:57', '2019-05-29 23:38:57', '2020-05-30 05:08:57'),
('e491d0bad184172f8348eca13406076884fa035be8f4e6c7f0131b56d6fbe7cedfe2315c5fde6349', 13, 1, 'user', '[]', 0, '2019-01-25 04:13:50', '2019-01-25 04:13:50', '2020-01-25 09:43:50'),
('e492ebaef9b2e2352e32be929016649fdfd8198624d9d48ef8289a4d8b202c5e7af11bdaa8eb7f61', 42, 1, 'user', '[]', 0, '2019-05-03 04:29:54', '2019-05-03 04:29:54', '2020-05-03 09:59:54'),
('e4baba69b975c4b6a77d8b3c89653756c2623567c3d8f43bfe972eeb7fbf14e07146754af790a778', 41, 1, 'user', '[]', 0, '2019-05-02 23:20:14', '2019-05-02 23:20:14', '2020-05-03 04:50:14'),
('e4f22c5ee98a0bfccb246a016106ce2e811498ea3ebb0d93291ce6dac0d864618d024979172f245a', 42, 1, 'user', '[]', 0, '2019-06-04 06:39:02', '2019-06-04 06:39:02', '2020-06-04 12:09:02'),
('e546cd47bb4a7761c2b318d6c4922a4b66c9f81045671176856c6734cd3e865311f3882e565a2611', 115, 1, 'user', '[]', 0, '2019-06-03 01:37:02', '2019-06-03 01:37:02', '2020-06-03 07:07:02'),
('e5545e868d422e6c26eb791ca44d9c145b84ca06b84b219e4e5c07f27639c2b4a70f553778d04696', 65, 1, 'user', '[]', 1, '2019-05-10 08:00:38', '2019-05-10 08:00:38', '2020-05-10 13:30:38'),
('e59f7061a957676f30b48da69f9a15ed7c644ebfbbe7d01f358a089d77122a8de4e75262b484b2f4', 116, 1, 'user', '[]', 0, '2019-06-05 01:23:24', '2019-06-05 01:23:24', '2020-06-05 06:53:24'),
('e5c3f6340269d376172d721962e2aa3602ae35460e4b5c9fee4b6ccfdc2e5441cec11b2ec0e1de0e', 42, 1, 'user', '[]', 0, '2019-05-28 05:24:23', '2019-05-28 05:24:23', '2020-05-28 10:54:23'),
('e5ee01ac1a347c63282463174097c081f8bc9a92722dc764164742062984c82931d45de0d120fe10', 42, 1, 'user', '[]', 0, '2019-05-03 05:22:07', '2019-05-03 05:22:07', '2020-05-03 10:52:07'),
('e5f2443ae831e72f1faf54447ff97c4d8b40f439970e5c23614c449816b36b3e9cfbc06048c9753c', 42, 1, 'user', '[]', 0, '2019-05-03 03:56:31', '2019-05-03 03:56:31', '2020-05-03 09:26:31'),
('e5f77518df95ef5ad662522e4e184e95bb3d48ff4bc9ade3da0c828baa764c1d2dd5275318c8b197', 42, 1, 'user', '[]', 0, '2019-05-30 00:04:19', '2019-05-30 00:04:19', '2020-05-30 05:34:19'),
('e6042386da92d6002c86afcde88eae3b14be00388fef28a72a2ead6fe3fb767f04a19cadc9e5c49b', 42, 1, 'user', '[]', 0, '2019-05-24 06:24:39', '2019-05-24 06:24:39', '2020-05-24 11:54:39'),
('e63e78e7f33dfcdfdcf2748f4ca01a9adabcd4c0ffe28825f192f1fad7c06104b82135e463f8704e', 120, 1, 'user', '[]', 0, '2019-06-05 06:20:39', '2019-06-05 06:20:39', '2020-06-05 11:50:39'),
('e65d00012f0538cb1aa87b3ab14e5c47fe60d060e3c5cd4d1bacc56ae8c308d2eb075cb4e545452e', 101, 1, 'user', '[]', 0, '2019-05-16 06:50:10', '2019-05-16 06:50:10', '2020-05-16 12:20:10'),
('e66d077e37eee17dd66e1190ed4f199164d5f182b8fbb080bfc5b7aabf60ee16c3a11a395466cb55', 42, 1, 'user', '[]', 0, '2019-06-11 03:47:27', '2019-06-11 03:47:27', '2020-06-11 09:17:27'),
('e6d586a02388908faae02c73b0a067606d3ed944e819c61f738c127a174d651edba3732b409e5ea5', 71, 1, 'user', '[]', 0, '2019-05-20 01:23:55', '2019-05-20 01:23:55', '2020-05-20 06:53:55'),
('e6da8779af33301340482f525911debbb1e72ef24c2b3b14ebab8e0916e2a8221d4d87bd8a38b208', 87, 1, 'user', '[]', 1, '2019-05-13 05:16:23', '2019-05-13 05:16:23', '2020-05-13 10:46:23'),
('e7501c41d0f6dc0e28502dbac24c6fac23128d054dc188a2dae4e44aee080daae7df42ab67ce2278', 24, 1, 'user', '[]', 0, '2019-05-01 06:39:29', '2019-05-01 06:39:29', '2020-05-01 12:09:29'),
('e78ba9d0240a073089b9041ca7c7630f0e712a728d44b7536fe6105a70a914e9d8ec78ed646188d4', 42, 1, 'user', '[]', 0, '2019-05-03 04:57:55', '2019-05-03 04:57:55', '2020-05-03 10:27:55'),
('e869dcbf55e65a3a4101e93cad204dd79ec9e2b3d0686136c246c0a65253c12e8f9e89b27e953dc0', 92, 1, 'user', '[]', 0, '2019-06-05 01:22:58', '2019-06-05 01:22:58', '2020-06-05 06:52:58'),
('e8b68a728fb2aba3a5f0c5addeed5450eed0a52ec36d51bda95884f30f30fec5a51a822755399c20', 55, 1, 'user', '[]', 0, '2019-05-15 05:27:45', '2019-05-15 05:27:45', '2020-05-15 10:57:45'),
('e8c0a2692a421149b24fc4d979d5ebdcd2393f91089db33007fde99d27134b8ef0a0751cbeb3cbb4', 47, 1, 'user', '[]', 1, '2019-05-09 06:11:24', '2019-05-09 06:11:24', '2020-05-09 11:41:24'),
('e8cdd5fa2f39fbf03b0953ef3033fff7f9befa63e49820bbe600e01b5c1e90452fd910057ab62ea0', 55, 1, 'user', '[]', 1, '2019-05-15 04:25:44', '2019-05-15 04:25:44', '2020-05-15 09:55:44'),
('e8d5e7bfd5ff574e6ae4f0f29d21998f7469b1f823994a52cf160eb570495508dad9f8f554f85a57', 132, 1, 'user', '[]', 0, '2019-06-11 01:46:34', '2019-06-11 01:46:34', '2020-06-11 07:16:34'),
('e8e24f67d3143acc301849a0d63a2d005969cf39ac51b3cb31633f1f0411ba7e2564dfbf29935fab', 100, 1, 'user', '[]', 0, '2019-05-16 06:33:53', '2019-05-16 06:33:53', '2020-05-16 12:03:53'),
('e90c745fb2a5c1cee1c5390abd8d1a5ee30ad3bbd0195dfd92eb5cb733ab88a1047c53ad7e05ec8b', 128, 1, 'user', '[]', 1, '2019-06-10 23:01:40', '2019-06-10 23:01:40', '2020-06-11 04:31:40'),
('e915511abb1114b4762025d2fc32ce79648a3b080f45ce9f01fa1053771a5ad04aee8410dda9ea33', 42, 1, 'user', '[]', 0, '2019-05-28 22:54:05', '2019-05-28 22:54:05', '2020-05-29 04:24:05'),
('e9441653838e9bf143105b1638dade992429dc329670e7e6edac9737bdf71df808c3ac42a5c27eba', 44, 1, 'user', '[]', 1, '2019-05-09 03:45:32', '2019-05-09 03:45:32', '2020-05-09 09:15:32'),
('e996503b6f5542cfbaed7d64b86272bd39d13967f65b71ea0fb4d14c799a50736f03d1f731992baf', 88, 1, 'user', '[]', 0, '2019-05-13 02:07:40', '2019-05-13 02:07:40', '2020-05-13 07:37:40'),
('e9aa4e9a424f084cd0e7d75032ff7dc46ccc19db79e5c1425e74e226603a7335b61e365149d27c56', 42, 1, 'user', '[]', 0, '2019-05-29 02:14:40', '2019-05-29 02:14:40', '2020-05-29 07:44:40'),
('ea14b7f1ec568d209b00e7cc946276b541188e57aafb66dc610f379527dbeee52a601f974d1104ea', 55, 1, 'user', '[]', 0, '2019-05-15 02:21:33', '2019-05-15 02:21:33', '2020-05-15 07:51:33'),
('ea250461fd7683ca2880baaebb48c96309f6d3a29284828c3f87671723b1d61dee9ee5fee620ecf5', 42, 1, 'user', '[]', 0, '2019-05-24 07:01:48', '2019-05-24 07:01:48', '2020-05-24 12:31:48'),
('ea302470e666edb75ff9e9342c0dec947f80669276be69947c40fc079e516f9e69bd0a17ed4914ef', 3, 1, 'user', '[]', 0, '2019-04-19 05:00:20', '2019-04-19 05:00:20', '2020-04-19 10:30:20'),
('ea85a4b0d8a41a70538af94600bb199b163912614fb7cb63ea6f1893c1ee11b6e4dc1901f8fbbbcf', 42, 1, 'user', '[]', 0, '2019-06-04 06:13:46', '2019-06-04 06:13:46', '2020-06-04 11:43:46'),
('eacd50f633e6130267f9c352469ef43d03c870303eaa75e465e2553cd23dc923803924dbc41bbb7a', 105, 1, 'user', '[]', 0, '2019-06-05 00:36:05', '2019-06-05 00:36:05', '2020-06-05 06:06:05'),
('eae577e7e9108a92489b8b02ae4681fe2b2b0e2a6bb71062676d577b34b383c58b1d5d90d8696eed', 116, 1, 'user', '[]', 0, '2019-06-05 01:24:10', '2019-06-05 01:24:10', '2020-06-05 06:54:10'),
('eb330ca9fad1ecd9e1c15b9370141d54604ed0d216548a7207e567df179fcbd28d9c349bc05bce3b', 120, 1, 'user', '[]', 0, '2019-06-10 06:39:34', '2019-06-10 06:39:34', '2020-06-10 12:09:34'),
('eb3d0355b5345a6d784c8c0a718b4505eaf98733e1b39dc9673c10e9faa68c2d93090218c614395a', 42, 1, 'user', '[]', 0, '2019-06-04 23:48:08', '2019-06-04 23:48:08', '2020-06-05 05:18:08'),
('eb60fafa5fbbdf8fbe0f725c5cbe35da5834f52fc55c80d060ea9cbcbc50128846dfe29c06216935', 57, 1, 'user', '[]', 0, '2019-05-10 07:40:10', '2019-05-10 07:40:10', '2020-05-10 13:10:10'),
('ebd203524bbbd1661a4edbfe88459a9406a15eb1ebb1cada6d7eaa88a646a61f9537988e559ba487', 65, 1, 'user', '[]', 0, '2019-05-10 07:56:41', '2019-05-10 07:56:41', '2020-05-10 13:26:41'),
('ebd33301e86a83751225bc6c3a77f8110b33cfd04043e611c8f737e45000d95b03f3e39fa8e98769', 24, 1, 'user', '[]', 0, '2019-05-01 04:50:06', '2019-05-01 04:50:06', '2020-05-01 10:20:06'),
('ed4fd0f954b57db7068e6ea60807cedd6bf014152fdce8fd11d4f524e561468d2b14a8c566ca0e13', 42, 1, 'user', '[]', 0, '2019-06-04 04:28:10', '2019-06-04 04:28:10', '2020-06-04 09:58:10'),
('ee2ed8c708bf6cb870392a1d8ce64c3ce0555fab375c358f30d451a17a80b9c7cfccdcbcc837d47c', 42, 1, 'user', '[]', 0, '2019-05-03 05:52:15', '2019-05-03 05:52:15', '2020-05-03 11:22:15'),
('ee5b29e55b212dcbe8006191f56e3e4d27d77051581992c6477365498b0e4ee6fb93db10dd4d768f', 24, 1, 'user', '[]', 0, '2019-04-26 07:24:14', '2019-04-26 07:24:14', '2020-04-26 12:54:14'),
('ee5ca099f03e095f998f8083943bbe75703b6db7cdd3dd0512edf21ed42125c74fa360d9159f1457', 101, 1, 'user', '[]', 0, '2019-05-20 06:03:43', '2019-05-20 06:03:43', '2020-05-20 11:33:43'),
('eef03b7ad1798426adbf5ce3923ac8250254edeecd86b509d6c2e2f1ddc11e50421eece0e0a28b07', 42, 1, 'user', '[]', 0, '2019-05-28 03:50:53', '2019-05-28 03:50:53', '2020-05-28 09:20:53'),
('ef08dd456e60e8c23ddc106ddd7f3166bfdab7f005891d476ad192eb8d9151eb47c7bee9a3e175e0', 3, 1, 'user', '[]', 0, '2019-04-25 01:27:29', '2019-04-25 01:27:29', '2020-04-25 06:57:29'),
('ef286ef2b8a0b9a4f115283c32f5eb5c4527a1929881cd89b564d684ec36533e881ad7359dd975b7', 42, 1, 'user', '[]', 1, '2019-05-23 05:12:42', '2019-05-23 05:12:42', '2020-05-23 10:42:42'),
('ef72584482c664d38151fe0ee5fe9e87ddc14ea7a8d3a6be54c30203ef3710c8eb253e593e756961', 47, 1, 'user', '[]', 1, '2019-06-03 01:41:46', '2019-06-03 01:41:46', '2020-06-03 07:11:46'),
('efa0505c0f58cd71bd29ae5460fef01647c129a4d5d501908966c6f81774e825b150ecba38f61b2c', 105, 1, 'user', '[]', 0, '2019-06-03 01:46:25', '2019-06-03 01:46:25', '2020-06-03 07:16:25'),
('efa5c41bce6f76204af0e5f3d60ec9c762f73d64b5ee3c5d3d7090be7a6e24efbad82ea88bfcccbf', 5, 1, 'user', '[]', 0, '2019-01-22 05:21:44', '2019-01-22 05:21:44', '2020-01-22 10:51:44'),
('efaa06cf5809b5581f0a99568d34da0aaf6d3f94b91e8d8d1bbf44352246cc58872f262ec1b75127', 42, 1, 'user', '[]', 0, '2019-06-11 01:31:21', '2019-06-11 01:31:21', '2020-06-11 07:01:21'),
('efaaf5b1d60ab7565ca34ad3b879abdbce34eebdc3d31207e0abf422486c18505cea4fd1cd26c732', 55, 1, 'user', '[]', 0, '2019-05-16 00:28:24', '2019-05-16 00:28:24', '2020-05-16 05:58:24'),
('efee62a33a610a4b7a536b5f4205c2d88bcd52ff7835c99ec9f20875b7a5edb6730efa5222ef972e', 105, 1, 'user', '[]', 0, '2019-05-20 04:05:07', '2019-05-20 04:05:07', '2020-05-20 09:35:07'),
('eff4c06e3f0dd46aab83e55379bb1414cff1fc298e8de96a067452d1b750bd6a67667ff3b2e3df90', 92, 1, 'user', '[]', 1, '2019-06-06 07:13:57', '2019-06-06 07:13:57', '2020-06-06 12:43:57');
INSERT INTO `oauth_access_tokens` (`id`, `user_id`, `client_id`, `name`, `scopes`, `revoked`, `created_at`, `updated_at`, `expires_at`) VALUES
('f0769832d3342961e8aa11f184265e91dae23dd2b46bc847f2463410ecbd0f498887f216ffe833a9', 24, 1, 'user', '[]', 0, '2019-04-30 08:43:29', '2019-04-30 08:43:29', '2020-04-30 14:13:29'),
('f079a84c4d4d047098f3bb657beef5d49876374d8fbb26848a77b2d108c7db3004ad8ccd2c574c37', 105, 1, 'user', '[]', 1, '2019-05-20 06:06:27', '2019-05-20 06:06:27', '2020-05-20 11:36:27'),
('f0ac4a74df4214f5bf0583c2c812cbe55ff583cd9dd76c1f63769e6e99b7a2614a3b7fe4aab90350', 42, 1, 'user', '[]', 0, '2019-05-08 06:15:19', '2019-05-08 06:15:19', '2020-05-08 11:45:19'),
('f10dc8775633b908408816b16c38a039ef37215d91fec7a871a600cc776a824d68d7e7d5f5702df6', 47, 1, 'user', '[]', 0, '2019-05-10 08:42:49', '2019-05-10 08:42:49', '2020-05-10 14:12:49'),
('f1158b4bbce67744841fa7076cbc00855cfa9a0d2f83c2901af6fa2b54d6564c7e121d3331e0bc47', 10, 1, 'user', '[]', 0, '2019-01-24 07:06:02', '2019-01-24 07:06:02', '2020-01-24 12:36:02'),
('f14592c523cc95a6a02ba37292b5e9422af85dd8827aa583acd82869a0909b38da74305b4fc47a7a', 42, 1, 'user', '[]', 0, '2019-06-10 07:50:51', '2019-06-10 07:50:51', '2020-06-10 13:20:51'),
('f14b3b4ad03ae24c024af564acf07690e5f6a2d0c136f2c4c8383c25d1d6057e4e35b800b8e511cf', 94, 1, 'user', '[]', 0, '2019-05-15 01:29:20', '2019-05-15 01:29:20', '2020-05-15 06:59:20'),
('f15e302cb290eee4403c1d2134d00ea8ad96f2e911c32a1057428df724e3ab29340294dee6ede309', 42, 1, 'user', '[]', 0, '2019-05-08 04:27:28', '2019-05-08 04:27:28', '2020-05-08 09:57:28'),
('f1d3df16299d4ff76ff760b45b1b0cf1c3ded49c34669ca485c675479fdd3a50a2137061ddc880c0', 42, 1, 'user', '[]', 0, '2019-05-03 06:11:08', '2019-05-03 06:11:08', '2020-05-03 11:41:08'),
('f1f12fded83785706cec4e0606a4f003e7f861e896e8bef40215786df1884f462d5ec61c96f863ef', 57, 1, 'user', '[]', 1, '2019-05-10 07:52:09', '2019-05-10 07:52:09', '2020-05-10 13:22:09'),
('f23a81dc4a9799cb9ee02538f9cc27024306a1672dbb2195002f1637b0d840aa62b3e37946c9e9d9', 42, 1, 'user', '[]', 0, '2019-05-08 05:56:40', '2019-05-08 05:56:40', '2020-05-08 11:26:40'),
('f23bfa24aa10e05afbfc8b344857be78130de55db027705f2671791dbbcb0f62fda2a42b978fee2f', 24, 1, 'user', '[]', 0, '2019-04-26 08:39:46', '2019-04-26 08:39:46', '2020-04-26 14:09:46'),
('f24d8b14178c63796c1d15170e17f20bd8121fa538bdef8a2c5baaffd54b7cf19a5045f889a6fdb6', 42, 1, 'user', '[]', 0, '2019-05-20 23:55:01', '2019-05-20 23:55:01', '2020-05-21 05:25:01'),
('f290aea6f0ed5ddf30c8f7de0fc40822f0bd2e02d38c84dd8f305e66405de7a9894868d4f5c47862', 42, 1, 'user', '[]', 0, '2019-05-28 04:01:33', '2019-05-28 04:01:33', '2020-05-28 09:31:33'),
('f2990e3442192ddf10ab0e6e2b3f5313bb8ffd613d26f5188422314ae000302e6fe5d99bcf5e29d4', 105, 1, 'user', '[]', 0, '2019-05-20 05:50:23', '2019-05-20 05:50:23', '2020-05-20 11:20:23'),
('f2c752e8d4770dc043611e4bcdb3ada84c1fa62fb9e0259ff5b4f833becf148e44817aea50f9f51f', 42, 1, 'user', '[]', 0, '2019-05-21 01:42:10', '2019-05-21 01:42:10', '2020-05-21 07:12:10'),
('f35defa8945e3eeb3d2f4986cd8563d8ce0c7212bd46c7e4891d548f145e19c69b0f5fd20344d1b6', 24, 1, 'user', '[]', 0, '2019-04-24 08:15:10', '2019-04-24 08:15:10', '2020-04-24 13:45:10'),
('f3e3c66cfb8c93928b767f6eac7d88b8fa614498a48852e5e90e2a6fe91ccb35f371b15aa7a79814', 42, 1, 'user', '[]', 0, '2019-06-10 01:44:36', '2019-06-10 01:44:36', '2020-06-10 07:14:36'),
('f423aeb9d53d6fc43f547ef0fb5bd19a4ac5284ba48f06d497b55ed7515485ca227339b8d7d9feff', 54, 1, 'user', '[]', 0, '2019-05-08 07:43:19', '2019-05-08 07:43:19', '2020-05-08 13:13:19'),
('f4255a6d40a3ed4348bc4f80ad18386815ffbd54b93d440d737b22c78655801088ffdf07de988a17', 130, 1, 'user', '[]', 0, '2019-06-10 23:56:30', '2019-06-10 23:56:30', '2020-06-11 05:26:30'),
('f42b2d83251a22f972d2961033cb9a39d793b3e6de117c6beb3bf9100025b0c1978e77c4adda041e', 42, 1, 'user', '[]', 0, '2019-06-04 06:20:31', '2019-06-04 06:20:31', '2020-06-04 11:50:31'),
('f436c8c9f0f432f2ac4a2dfe06739a9553efcb995876a0645c05fe7210c2036dea94a18c6706f8e7', 92, 1, 'user', '[]', 0, '2019-06-05 00:36:39', '2019-06-05 00:36:39', '2020-06-05 06:06:39'),
('f4cc5321ccc174b0d21f3c5731dfb1d13b996d7b1815acb194269c083d1f6b7a57f7530e6d102b02', 115, 1, 'user', '[]', 1, '2019-06-05 02:26:46', '2019-06-05 02:26:46', '2020-06-05 07:56:46'),
('f4eaf8f90ff027389b0c4f8f8adf05918884346dea7e77fbae625e9d277655d3ad9cb2a66b6f06e2', 24, 1, 'user', '[]', 0, '2019-04-24 07:38:05', '2019-04-24 07:38:05', '2020-04-24 13:08:05'),
('f4eea7c1bab547fbce4e66cca57caca0fa2c213d0a40639030298340a81e031d88523ecfdacbcfe8', 24, 1, 'user', '[]', 0, '2019-04-30 09:03:35', '2019-04-30 09:03:35', '2020-04-30 14:33:35'),
('f5100b6568e5ddab33fb03542d50a49d2be8d913e81ed9810c937e03a076344a2a1c1a5fe3d3f041', 42, 1, 'user', '[]', 0, '2019-05-27 08:08:49', '2019-05-27 08:08:49', '2020-05-27 13:38:49'),
('f54f677e11c18dbeb0b4bfc54e6c6e78084308f6f09f2a760bda05a5d0c1585a7245f3acc88a8a2b', 97, 1, 'user', '[]', 0, '2019-05-16 01:59:36', '2019-05-16 01:59:36', '2020-05-16 07:29:36'),
('f591e650e41f59af65c7906b02c757b257402afe74d9e0d650ecf99d007445d6c4572e6bd630df69', 42, 1, 'user', '[]', 0, '2019-06-11 00:59:32', '2019-06-11 00:59:32', '2020-06-11 06:29:32'),
('f5ad0d99e11711aeecccd9294de1ba87567363de97926a1a1aa3129d6edf39e7f69557cfeaa5e0bf', 120, 1, 'user', '[]', 0, '2019-06-05 07:10:34', '2019-06-05 07:10:34', '2020-06-05 12:40:34'),
('f69183f4782c786dce24ea4b7c9937c2ddbb15c01aebede324a4d9d18151ceafe6e37cd6b0196d09', 42, 1, 'user', '[]', 0, '2019-06-04 23:47:05', '2019-06-04 23:47:05', '2020-06-05 05:17:05'),
('f696225988593162ab3d51f40cfa237d1baec8e0125e7135873f8e0fdf5a4754ffba5feb584b16a8', 107, 1, 'user', '[]', 0, '2019-05-20 07:02:50', '2019-05-20 07:02:50', '2020-05-20 12:32:50'),
('f7220583126cc1e6b3f47b1123f01bd31ee2baa093ac3fb59ff880c4be4416d5b7287a22970f20d9', 24, 1, 'user', '[]', 0, '2019-04-24 06:26:55', '2019-04-24 06:26:55', '2020-04-24 11:56:55'),
('f7ae465d09bb9f8333ba01ba18895bc89b8db082d813ec033d31f827d1e67c5d46c48c5aac649f34', 97, 1, 'user', '[]', 1, '2019-05-17 00:45:33', '2019-05-17 00:45:33', '2020-05-17 06:15:33'),
('f7dfabf362915f5d42bc694183f597e07e3ae65d7cacc9ad83a37ca75971f73af82fac0eb5a415a0', 42, 1, 'user', '[]', 0, '2019-06-11 00:53:43', '2019-06-11 00:53:43', '2020-06-11 06:23:43'),
('f8e6d2e3db52cb210c1ec1c098b3a30417b224b4ef1ae26b44171ccb02698a60561470a155f43223', 24, 1, 'user', '[]', 0, '2019-04-30 08:04:59', '2019-04-30 08:04:59', '2020-04-30 13:34:59'),
('f9b99b92e3b2aeabccbd7acd1280ace5ad474be2072c2371bdc2479a3b45924a6be6c6f684a97569', 42, 1, 'user', '[]', 0, '2019-06-11 04:05:25', '2019-06-11 04:05:25', '2020-06-11 09:35:25'),
('fa2e40a5b292b5a6aabfc71d56af429999e7b0f4b42661304c553fe6b618c15957b600b9d8ddd144', 5, 1, 'user', '[]', 0, '2019-01-23 05:48:12', '2019-01-23 05:48:12', '2020-01-23 11:18:12'),
('fab83013f6275bb0fc043c2139af2e110d754caa806cd19605d9e45947b6a3c33949f45189a0b420', 42, 1, 'user', '[]', 0, '2019-06-11 04:43:18', '2019-06-11 04:43:18', '2020-06-11 10:13:18'),
('fb188e9588bb4d0c65b07a9a988bf773bd5081d8170b44acddc6b95f45e0c4bf829e3a452092a759', 42, 1, 'user', '[]', 0, '2019-06-11 02:15:01', '2019-06-11 02:15:01', '2020-06-11 07:45:01'),
('fb2fbb887e65ce5b2404fbb4ccacae873eed02b3b97c2d17192f36be5c0539c7227eac6884597f2f', 42, 1, 'user', '[]', 0, '2019-05-02 06:02:29', '2019-05-02 06:02:29', '2020-05-02 11:32:29'),
('fb817da7b886841587d605394619a22c7919a5de6824e7d339a45a436ea95596c03b3cf7c38c3fb8', 24, 1, 'user', '[]', 0, '2019-04-25 02:16:25', '2019-04-25 02:16:25', '2020-04-25 07:46:25'),
('fb96e84ad34ca101070b5d0db2d32a55a2fb38eec6e5a18a74a3b631c4f26933261798c65bae8b2f', 42, 1, 'user', '[]', 1, '2019-05-09 03:51:00', '2019-05-09 03:51:00', '2020-05-09 09:21:00'),
('fba2e03c3f16ae448693daada63e47dcf82390896e4b9752cc229b1d14ad18f828c1ec2a6e71a694', 105, 1, 'user', '[]', 1, '2019-05-20 06:12:15', '2019-05-20 06:12:15', '2020-05-20 11:42:15'),
('fc2e1af59324d335e3d9ca266f608c69a080de86e11d6bdd49efbe593f71d8f68559fa23f42130b8', 42, 1, 'user', '[]', 0, '2019-05-29 01:59:03', '2019-05-29 01:59:03', '2020-05-29 07:29:03'),
('fc6fbe085a8b345cc69a94041a63fd6af37c0296e9456afd066016002ebe11914a96373dde4ca776', 42, 1, 'user', '[]', 0, '2019-06-07 01:14:43', '2019-06-07 01:14:43', '2020-06-07 06:44:43'),
('fca901a9c8b30b2e925e1d51f1a4af56c3ae35a6a0778af531a35ee46aab5e30c0c7b8d442cf7e57', 42, 1, 'user', '[]', 0, '2019-06-11 02:23:59', '2019-06-11 02:23:59', '2020-06-11 07:53:59'),
('fd0544818c11a9f9ae40c95fa108c83401fde6e22f79000053f289e8df1a7f56f7ea7b21e39fa624', 23, 1, 'user', '[]', 0, '2019-04-24 23:15:24', '2019-04-24 23:15:24', '2020-04-25 04:45:24'),
('fd27e1bf5182bb699ac9fd4d4c3aa3ed7d535c284a1e4f03a6d664a92c2f83058c6c717a35723cf3', 125, 1, 'user', '[]', 0, '2019-06-06 07:18:56', '2019-06-06 07:18:56', '2020-06-06 12:48:56'),
('fd3a327a51af1c885be684378ceb96206cb6e01a2232fd59b35b1c998b48591a809c193d78e53a02', 84, 1, 'user', '[]', 1, '2019-05-12 23:21:33', '2019-05-12 23:21:33', '2020-05-13 04:51:33'),
('fd6aa35e3e15e98a6b165a971e10c1d418efa8d26fff2f834b72b449ffce95e657aca2eaf9228431', 57, 1, 'user', '[]', 0, '2019-05-10 05:26:08', '2019-05-10 05:26:08', '2020-05-10 10:56:08'),
('fd7be2ea1d20d295148ddbaae1b8968406e973591e5a66ff48dcf472f36f4f62a9d154d074eb97d0', 114, 1, 'user', '[]', 0, '2019-05-30 07:00:18', '2019-05-30 07:00:18', '2020-05-30 12:30:18'),
('fd7d174f7ff3de59cab611faa9498ecca3ac9b7868a705df08d678b30daa9da88a34184f8f943e1c', 120, 1, 'user', '[]', 0, '2019-06-05 05:55:29', '2019-06-05 05:55:29', '2020-06-05 11:25:29'),
('fd7f0163ee5a4b0ceca6c06c096e1e2a7ed76b22f088ac1f3b49162fa03626347f476858d9044a1d', 55, 1, 'user', '[]', 0, '2019-05-16 03:38:17', '2019-05-16 03:38:17', '2020-05-16 09:08:17'),
('fd81f0a5096a9e9f1f110fdb8eb435d2d1ce398331460dcfe1f5a239470c300ab8193b28fe33d6e3', 42, 1, 'user', '[]', 0, '2019-06-07 00:21:52', '2019-06-07 00:21:52', '2020-06-07 05:51:52'),
('fdcbf4d2a41c97d3117342644625b767fd566b11f0cf408f13852bce65f7038b125d34e2564d54f6', 42, 1, 'user', '[]', 0, '2019-05-03 01:47:33', '2019-05-03 01:47:33', '2020-05-03 07:17:33'),
('fdee6ec2f67712bc0261f6e5b06652e0b166444dd2fa2a735708351ddcf3651ccba968cac05e538f', 92, 1, 'user', '[]', 0, '2019-06-04 07:35:07', '2019-06-04 07:35:07', '2020-06-04 13:05:07'),
('fdfc66cdb2a6a85c3cbf95cc2f15080bfd60421aa16fec3ca83f3777db05f3ce3bbed979469a542d', 42, 1, 'user', '[]', 0, '2019-06-04 05:06:05', '2019-06-04 05:06:05', '2020-06-04 10:36:05'),
('fe1ae6aa39e5d2b745b81d422224a16138b427aeeb039d82e2e2fe8bf2a17dde5734596794502f81', 101, 1, 'user', '[]', 1, '2019-05-17 06:51:55', '2019-05-17 06:51:55', '2020-05-17 12:21:55'),
('fe4715fa9cd7bf31c14e911594093ccf83f8327fb3f776395df9337ebf01b21ab2a5da351aa06a8b', 42, 1, 'user', '[]', 0, '2019-05-29 00:55:22', '2019-05-29 00:55:22', '2020-05-29 06:25:22'),
('fedf1091471e5a991d95f36fa6d85355788672b5e5bddbe122efe8c19fd198b834ccc09220a1236c', 13, 1, 'user', '[]', 0, '2019-03-20 07:34:19', '2019-03-20 07:34:19', '2020-03-20 13:04:19'),
('ff526eb94283aa1bd5d0c6711bff7e8d372c55c0472a31313757cdfcd5f0d44575e65750b109349f', 42, 1, 'user', '[]', 0, '2019-06-04 05:11:00', '2019-06-04 05:11:00', '2020-06-04 10:41:00'),
('ff5b9690025d21474460075ed5e730f92476d83fbc3c801a6107df9cc9d597e752f4e7918fa6874c', 55, 1, 'user', '[]', 0, '2019-05-15 02:16:01', '2019-05-15 02:16:01', '2020-05-15 07:46:01'),
('ff9de5a36a8c9865a0cc3a6a788d42e75fef35604922cce4846f699c0d7e3c701278f794626597c5', 42, 1, 'user', '[]', 0, '2019-05-07 05:54:50', '2019-05-07 05:54:50', '2020-05-07 11:24:50');

-- --------------------------------------------------------

--
-- Table structure for table `oauth_auth_codes`
--

CREATE TABLE `oauth_auth_codes` (
  `id` varchar(100) COLLATE utf8mb4_unicode_ci NOT NULL,
  `user_id` int(11) NOT NULL,
  `client_id` int(10) UNSIGNED NOT NULL,
  `scopes` text COLLATE utf8mb4_unicode_ci,
  `revoked` tinyint(1) NOT NULL,
  `expires_at` datetime DEFAULT NULL
) ENGINE=InnoDB DEFAULT CHARSET=utf8mb4 COLLATE=utf8mb4_unicode_ci;

-- --------------------------------------------------------

--
-- Table structure for table `oauth_clients`
--

CREATE TABLE `oauth_clients` (
  `id` int(10) UNSIGNED NOT NULL,
  `user_id` int(11) DEFAULT NULL,
  `name` varchar(191) COLLATE utf8mb4_unicode_ci NOT NULL,
  `secret` varchar(100) COLLATE utf8mb4_unicode_ci NOT NULL,
  `redirect` text COLLATE utf8mb4_unicode_ci NOT NULL,
  `personal_access_client` tinyint(1) NOT NULL,
  `password_client` tinyint(1) NOT NULL,
  `revoked` tinyint(1) NOT NULL,
  `created_at` timestamp NULL DEFAULT NULL,
  `updated_at` timestamp NULL DEFAULT NULL
) ENGINE=InnoDB DEFAULT CHARSET=utf8mb4 COLLATE=utf8mb4_unicode_ci;

--
-- Dumping data for table `oauth_clients`
--

INSERT INTO `oauth_clients` (`id`, `user_id`, `name`, `secret`, `redirect`, `personal_access_client`, `password_client`, `revoked`, `created_at`, `updated_at`) VALUES
(1, NULL, 'Love Push Personal Access Client', 'Abxmt0kiTkWqZT8Bg9s3BdqoGBlkq2T2nRS3tTrm', 'http://localhost', 1, 0, 0, '2019-01-21 04:55:50', '2019-01-21 04:55:50');

-- --------------------------------------------------------

--
-- Table structure for table `oauth_personal_access_clients`
--

CREATE TABLE `oauth_personal_access_clients` (
  `id` int(10) UNSIGNED NOT NULL,
  `client_id` int(10) UNSIGNED NOT NULL,
  `created_at` timestamp NULL DEFAULT NULL,
  `updated_at` timestamp NULL DEFAULT NULL
) ENGINE=InnoDB DEFAULT CHARSET=utf8mb4 COLLATE=utf8mb4_unicode_ci;

--
-- Dumping data for table `oauth_personal_access_clients`
--

INSERT INTO `oauth_personal_access_clients` (`id`, `client_id`, `created_at`, `updated_at`) VALUES
(1, 1, '2019-01-21 04:55:50', '2019-01-21 04:55:50');

-- --------------------------------------------------------

--
-- Table structure for table `oauth_refresh_tokens`
--

CREATE TABLE `oauth_refresh_tokens` (
  `id` varchar(100) COLLATE utf8mb4_unicode_ci NOT NULL,
  `access_token_id` varchar(100) COLLATE utf8mb4_unicode_ci NOT NULL,
  `revoked` tinyint(1) NOT NULL,
  `expires_at` datetime DEFAULT NULL
) ENGINE=InnoDB DEFAULT CHARSET=utf8mb4 COLLATE=utf8mb4_unicode_ci;

-- --------------------------------------------------------

--
-- Table structure for table `password_resets`
--

CREATE TABLE `password_resets` (
  `email` varchar(191) COLLATE utf8mb4_unicode_ci NOT NULL,
  `token` varchar(191) COLLATE utf8mb4_unicode_ci NOT NULL,
  `created_at` timestamp NULL DEFAULT NULL
) ENGINE=InnoDB DEFAULT CHARSET=utf8mb4 COLLATE=utf8mb4_unicode_ci;

-- --------------------------------------------------------

--
-- Table structure for table `questions`
--

CREATE TABLE `questions` (
  `id` int(11) NOT NULL,
  `status` tinyint(1) NOT NULL DEFAULT '1' COMMENT '1=active,0=inactive',
  `max_scores` int(11) DEFAULT NULL,
  `max_answers` int(11) DEFAULT NULL,
  `score_multiple` float NOT NULL DEFAULT '1',
  `created_at` datetime NOT NULL DEFAULT CURRENT_TIMESTAMP,
  `updated_at` datetime NOT NULL DEFAULT CURRENT_TIMESTAMP ON UPDATE CURRENT_TIMESTAMP
) ENGINE=InnoDB DEFAULT CHARSET=latin1;

--
-- Dumping data for table `questions`
--

INSERT INTO `questions` (`id`, `status`, `max_scores`, `max_answers`, `score_multiple`, `created_at`, `updated_at`) VALUES
(1, 1, NULL, 3, 1, '2019-04-30 15:31:17', '2019-06-06 16:00:53'),
(2, 1, NULL, 1, 1, '2019-04-30 15:31:17', '2019-05-06 16:12:27'),
(3, 1, 20, 1, 1, '2019-04-30 15:31:17', '2019-04-30 16:17:13'),
(4, 1, 20, 1, 1, '2019-04-30 15:31:17', '2019-04-30 16:17:43'),
(5, 1, 80, 2, 2, '2019-04-30 15:31:17', '2019-04-30 16:19:26'),
(6, 1, 40, 2, 1, '2019-04-30 15:31:17', '2019-04-30 16:19:43'),
(7, 1, 40, 3, 1, '2019-04-30 15:31:17', '2019-04-30 16:19:59'),
(8, 1, 30, 2, 1, '2019-04-30 15:31:17', '2019-04-30 16:20:10'),
(9, 1, 9, 3, 0.15, '2019-04-30 15:31:17', '2019-05-21 18:50:57'),
(10, 1, 20, 1, 1, '2019-04-30 15:31:17', '2019-04-30 16:22:29'),
(11, 1, 20, 1, 1, '2019-04-30 15:31:17', '2019-04-30 16:22:42'),
(12, 1, 20, 1, 1, '2019-04-30 15:31:17', '2019-04-30 16:23:23'),
(13, 1, 60, 3, 1, '2019-04-30 15:31:17', '2019-04-30 16:23:38'),
(14, 1, 20, 1, 1, '2019-04-30 15:31:17', '2019-04-30 16:24:52'),
(15, 1, 60, 3, 1, '2019-04-30 15:31:17', '2019-04-30 16:25:36'),
(16, 1, 20, 1, 1, '2019-04-30 15:31:17', '2019-04-30 16:25:46'),
(17, 1, 20, 1, 1, '2019-04-30 15:31:17', '2019-04-30 16:25:54'),
(18, 1, 20, 1, 1, '2019-04-30 15:31:17', '2019-04-30 16:26:13'),
(19, 0, NULL, NULL, 1, '2019-04-30 15:31:17', '2019-04-30 15:59:31');

-- --------------------------------------------------------

--
-- Table structure for table `question_descs`
--

CREATE TABLE `question_descs` (
  `question_id` int(11) NOT NULL,
  `language_id` tinyint(4) NOT NULL DEFAULT '1' COMMENT '1=English,2=German',
  `question` varchar(255) CHARACTER SET utf8 DEFAULT NULL,
  `status` tinyint(1) NOT NULL DEFAULT '1' COMMENT '1=active,0=inactive',
  `created_at` datetime NOT NULL DEFAULT CURRENT_TIMESTAMP,
  `updated_at` datetime NOT NULL DEFAULT CURRENT_TIMESTAMP ON UPDATE CURRENT_TIMESTAMP
) ENGINE=InnoDB DEFAULT CHARSET=latin1;

--
-- Dumping data for table `question_descs`
--

INSERT INTO `question_descs` (`question_id`, `language_id`, `question`, `status`, `created_at`, `updated_at`) VALUES
(1, 1, 'What are you looking for on Love Push?', 1, '2019-04-30 15:30:10', '2019-06-03 19:43:57'),
(1, 2, 'Wonach suchst du bei Love Push?', 1, '2019-04-30 15:30:10', '2019-06-03 19:44:07'),
(2, 1, 'What are your ambitions?', 1, '2019-04-30 15:33:28', '2019-06-03 19:45:27'),
(2, 2, 'Was sind Ihre Ziele?', 1, '2019-04-30 15:33:28', '2019-06-03 19:45:37'),
(3, 1, 'What is your favorite place to stay?', 1, '2019-04-30 15:33:28', '2019-06-03 19:48:56'),
(3, 2, 'Was ist dein Lieblingsplatz?', 1, '2019-04-30 15:33:28', '2019-06-03 19:49:08'),
(4, 1, 'Your favourite fashion style?', 1, '2019-04-30 15:33:28', '2019-06-03 19:54:15'),
(4, 2, 'Dein Modestil?', 1, '2019-04-30 15:33:28', '2019-04-30 15:35:45'),
(5, 1, 'Why do you want to meet new people?', 1, '2019-04-30 15:33:28', '2019-04-30 15:35:36'),
(5, 2, 'Warum mchtest du neue Leute kennenlernen?', 1, '2019-04-30 15:33:28', '2019-04-30 15:35:45'),
(6, 1, 'how would you describe yourself?', 1, '2019-04-30 15:33:28', '2019-04-30 15:35:36'),
(6, 2, 'Wie wrdest du dich selbst beschreiben?', 1, '2019-04-30 15:33:28', '2019-04-30 15:35:45'),
(7, 1, 'How do you spend your weekends?', 1, '2019-04-30 15:33:28', '2019-04-30 15:35:36'),
(7, 2, 'Wie verbringst du deine Wochenenden?', 1, '2019-04-30 15:33:28', '2019-04-30 15:35:45'),
(8, 1, 'How do you prefer to get your food?', 1, '2019-04-30 15:33:28', '2019-06-03 19:55:41'),
(8, 2, 'kochen, bestellen oder essen gehen?', 1, '2019-04-30 15:33:28', '2019-04-30 15:35:45'),
(9, 1, 'Which national cuisine do you prefer?', 1, '2019-04-30 15:33:28', '2019-06-03 19:57:01'),
(9, 2, 'Welche Mahlzeiten bevorzugen Sie?', 1, '2019-04-30 15:33:28', '2019-04-30 15:35:45'),
(10, 1, 'What morning guy are you?', 1, '2019-04-30 15:33:28', '2019-06-03 19:57:09'),
(10, 2, 'Wenn du schlafen kannst, wann stehst du auf?', 1, '2019-04-30 15:33:28', '2019-04-30 15:35:45'),
(11, 1, 'Which animal do you prefer?', 1, '2019-04-30 15:33:28', '2019-04-30 15:35:36'),
(11, 2, 'Welches Tier bevorzugst du?', 1, '2019-04-30 15:33:28', '2019-04-30 15:35:45'),
(12, 1, 'What is your level of education?', 1, '2019-04-30 15:33:28', '2019-05-24 18:19:59'),
(12, 2, 'Was ist Ihr Bildungsstand?', 1, '2019-04-30 15:33:28', '2019-05-24 18:20:16'),
(13, 1, 'What are your favourite free time activities?', 1, '2019-04-30 15:33:28', '2019-06-04 16:47:39'),
(13, 2, 'Was sind Ihre Lieblingsfreizeitbeschftigungen?', 1, '2019-04-30 15:33:28', '2019-06-04 16:47:58'),
(14, 1, 'If you win a trip from Love Push, where would it be?', 1, '2019-04-30 15:33:28', '2019-06-04 16:50:53'),
(14, 2, 'Wenn Sie eine Reise von Love Push gewinnen, wo wrde es sein?', 1, '2019-04-30 15:33:28', '2019-06-04 16:51:05'),
(15, 1, 'Which values are most important to you about your partner?', 1, '2019-04-30 15:33:28', '2019-06-04 16:52:49'),
(15, 2, 'Welche Werte sind Ihnen an Ihrem Partner am wichtigsten?', 1, '2019-04-30 15:33:28', '2019-06-04 16:52:59'),
(16, 1, 'How important is sex to you in your relationship?', 1, '2019-04-30 15:33:28', '2019-06-04 16:54:08'),
(16, 2, 'Wie wichtig ist Sex in einer Beziehung fr dich?', 1, '2019-04-30 15:33:28', '2019-04-30 15:55:37'),
(17, 1, 'Are you planning to have kids with your partner?', 1, '2019-04-30 15:33:28', '2019-06-04 16:56:00'),
(17, 2, 'Planen Sie Kinder mit Ihrem Partner zu haben?', 1, '2019-04-30 15:33:28', '2019-06-04 16:56:30'),
(18, 1, 'Can you imagine getting married?', 1, '2019-04-30 15:33:28', '2019-06-04 16:58:21'),
(18, 2, 'Kannst du dir vorstellen zu heiraten?', 1, '2019-04-30 15:33:28', '2019-06-04 16:58:38');

-- --------------------------------------------------------

--
-- Table structure for table `ques_options`
--

CREATE TABLE `ques_options` (
  `id` int(11) NOT NULL,
  `question_id` int(11) DEFAULT NULL,
  `status` tinyint(1) NOT NULL DEFAULT '1' COMMENT '1=active,0=inactive',
  `created_at` datetime NOT NULL DEFAULT CURRENT_TIMESTAMP,
  `updated_at` datetime NOT NULL DEFAULT CURRENT_TIMESTAMP ON UPDATE CURRENT_TIMESTAMP
) ENGINE=InnoDB DEFAULT CHARSET=latin1;

--
-- Dumping data for table `ques_options`
--

INSERT INTO `ques_options` (`id`, `question_id`, `status`, `created_at`, `updated_at`) VALUES
(1, 1, 1, '2019-04-30 17:02:46', '2019-04-30 17:02:46'),
(2, 1, 1, '2019-04-30 17:02:46', '2019-04-30 17:04:16'),
(3, 1, 1, '2019-04-30 17:02:51', '2019-04-30 17:04:18'),
(4, 2, 1, '2019-04-30 17:02:51', '2019-04-30 17:04:51'),
(5, 2, 1, '2019-04-30 17:02:51', '2019-04-30 17:04:51'),
(6, 2, 1, '2019-04-30 17:02:51', '2019-04-30 17:04:51'),
(7, 2, 1, '2019-04-30 17:02:51', '2019-04-30 17:04:51'),
(8, 2, 1, '2019-04-30 17:02:51', '2019-04-30 17:04:51'),
(9, 3, 1, '2019-04-30 17:02:51', '2019-04-30 17:04:51'),
(10, 3, 1, '2019-04-30 17:02:51', '2019-04-30 17:04:51'),
(11, 3, 1, '2019-04-30 17:02:51', '2019-04-30 17:04:51'),
(12, 3, 1, '2019-04-30 17:02:51', '2019-04-30 17:04:51'),
(13, 4, 1, '2019-04-30 17:02:51', '2019-04-30 17:04:51'),
(14, 4, 1, '2019-04-30 17:02:51', '2019-04-30 17:04:51'),
(15, 4, 1, '2019-04-30 17:02:51', '2019-04-30 17:04:51'),
(16, 4, 1, '2019-04-30 17:02:51', '2019-04-30 17:04:51'),
(17, 5, 1, '2019-04-30 17:02:51', '2019-04-30 17:04:51'),
(18, 5, 1, '2019-04-30 17:02:51', '2019-04-30 17:04:51'),
(19, 5, 1, '2019-04-30 17:02:51', '2019-04-30 17:04:51'),
(20, 5, 1, '2019-04-30 17:02:51', '2019-04-30 17:04:51'),
(21, 5, 1, '2019-04-30 17:02:51', '2019-04-30 17:04:51'),
(22, 6, 1, '2019-04-30 17:02:51', '2019-04-30 17:04:51'),
(23, 6, 1, '2019-04-30 17:02:51', '2019-04-30 17:04:51'),
(24, 6, 1, '2019-04-30 17:02:51', '2019-04-30 17:04:51'),
(25, 6, 1, '2019-04-30 17:02:51', '2019-04-30 17:04:51'),
(26, 6, 1, '2019-04-30 17:02:51', '2019-04-30 17:04:51'),
(27, 6, 1, '2019-04-30 17:02:51', '2019-04-30 17:04:51'),
(28, 6, 1, '2019-04-30 17:02:51', '2019-04-30 17:04:51'),
(29, 6, 1, '2019-04-30 17:02:51', '2019-04-30 17:04:51'),
(30, 7, 1, '2019-04-30 17:02:51', '2019-04-30 17:04:51'),
(31, 7, 1, '2019-04-30 17:02:51', '2019-04-30 17:04:51'),
(32, 7, 1, '2019-04-30 17:02:51', '2019-04-30 17:04:51'),
(33, 7, 1, '2019-04-30 17:02:51', '2019-04-30 17:04:51'),
(34, 7, 1, '2019-04-30 17:02:51', '2019-04-30 17:04:51'),
(35, 7, 1, '2019-04-30 17:02:51', '2019-04-30 17:04:51'),
(36, 7, 1, '2019-04-30 17:02:51', '2019-04-30 17:04:51'),
(37, 7, 1, '2019-04-30 17:02:51', '2019-04-30 17:04:51'),
(38, 8, 1, '2019-04-30 17:02:51', '2019-04-30 17:04:51'),
(39, 8, 1, '2019-04-30 17:02:51', '2019-04-30 17:04:51'),
(40, 8, 1, '2019-04-30 17:02:51', '2019-04-30 17:04:51'),
(41, 8, 1, '2019-04-30 17:02:51', '2019-04-30 17:04:51'),
(42, 8, 1, '2019-04-30 17:02:51', '2019-04-30 17:04:51'),
(43, 8, 1, '2019-04-30 17:02:51', '2019-04-30 17:04:51'),
(44, 9, 1, '2019-04-30 17:02:51', '2019-04-30 17:04:51'),
(45, 9, 1, '2019-04-30 17:02:51', '2019-04-30 17:04:51'),
(46, 9, 1, '2019-04-30 17:02:51', '2019-04-30 17:04:51'),
(47, 9, 1, '2019-04-30 17:02:51', '2019-04-30 17:04:51'),
(48, 9, 1, '2019-04-30 17:02:51', '2019-04-30 17:04:51'),
(49, 9, 1, '2019-04-30 17:02:51', '2019-04-30 17:04:51'),
(50, 9, 1, '2019-04-30 17:02:51', '2019-04-30 17:04:51'),
(51, 9, 1, '2019-04-30 17:02:51', '2019-04-30 17:04:51'),
(52, 10, 1, '2019-04-30 17:02:51', '2019-04-30 17:04:51'),
(53, 10, 1, '2019-04-30 17:02:51', '2019-04-30 17:04:51'),
(54, 10, 1, '2019-04-30 17:02:51', '2019-04-30 17:04:51'),
(55, 11, 1, '2019-04-30 17:02:51', '2019-04-30 17:04:51'),
(56, 11, 1, '2019-04-30 17:02:51', '2019-04-30 17:04:51'),
(57, 11, 1, '2019-04-30 17:02:51', '2019-04-30 17:04:51'),
(58, 12, 1, '2019-04-30 17:02:51', '2019-04-30 17:04:51'),
(59, 12, 1, '2019-04-30 17:02:51', '2019-04-30 17:04:51'),
(60, 12, 1, '2019-04-30 17:02:51', '2019-04-30 17:04:51'),
(61, 12, 1, '2019-04-30 17:02:51', '2019-04-30 17:04:51'),
(62, 12, 1, '2019-04-30 17:02:51', '2019-04-30 17:04:51'),
(63, 12, 1, '2019-04-30 17:02:51', '2019-04-30 17:04:51'),
(64, 12, 1, '2019-04-30 17:02:51', '2019-04-30 17:04:51'),
(65, 13, 1, '2019-04-30 17:02:51', '2019-04-30 17:04:51'),
(66, 13, 1, '2019-04-30 17:02:51', '2019-04-30 17:04:51'),
(67, 13, 1, '2019-04-30 17:02:51', '2019-04-30 17:04:51'),
(68, 13, 1, '2019-04-30 17:02:51', '2019-04-30 17:04:51'),
(69, 13, 1, '2019-04-30 17:02:51', '2019-04-30 17:04:51'),
(70, 13, 1, '2019-04-30 17:02:51', '2019-04-30 17:04:51'),
(71, 13, 1, '2019-04-30 17:02:51', '2019-04-30 17:04:51'),
(72, 13, 1, '2019-04-30 17:02:51', '2019-04-30 17:04:51'),
(73, 13, 1, '2019-04-30 17:02:51', '2019-04-30 17:04:51'),
(74, 14, 1, '2019-04-30 17:02:51', '2019-04-30 17:04:51'),
(75, 14, 1, '2019-04-30 17:02:51', '2019-04-30 17:04:51'),
(76, 14, 1, '2019-04-30 17:02:51', '2019-04-30 17:04:51'),
(77, 14, 1, '2019-04-30 17:02:51', '2019-04-30 17:04:51'),
(78, 14, 1, '2019-04-30 17:02:51', '2019-04-30 17:04:51'),
(79, 15, 1, '2019-04-30 17:02:51', '2019-04-30 17:04:51'),
(80, 15, 1, '2019-04-30 17:02:51', '2019-04-30 17:04:51'),
(81, 15, 1, '2019-04-30 17:02:51', '2019-04-30 17:04:51'),
(82, 15, 1, '2019-04-30 17:02:51', '2019-04-30 17:04:51'),
(83, 15, 1, '2019-04-30 17:02:51', '2019-04-30 17:04:51'),
(84, 15, 1, '2019-04-30 17:02:51', '2019-04-30 17:04:51'),
(85, 15, 1, '2019-04-30 17:02:51', '2019-04-30 17:04:51'),
(86, 16, 1, '2019-04-30 17:02:51', '2019-04-30 17:04:51'),
(87, 16, 1, '2019-04-30 17:02:51', '2019-04-30 17:04:51'),
(88, 16, 1, '2019-04-30 17:02:51', '2019-04-30 17:04:51'),
(89, 16, 1, '2019-04-30 17:02:51', '2019-04-30 17:04:51'),
(90, 17, 1, '2019-04-30 17:02:51', '2019-04-30 17:04:51'),
(91, 17, 1, '2019-04-30 17:02:51', '2019-04-30 17:04:51'),
(92, 17, 1, '2019-04-30 17:02:51', '2019-04-30 17:04:51'),
(93, 18, 1, '2019-04-30 17:02:51', '2019-04-30 17:04:51'),
(94, 18, 1, '2019-04-30 17:02:51', '2019-04-30 17:04:51'),
(95, 18, 1, '2019-04-30 17:02:51', '2019-04-30 17:04:51');

-- --------------------------------------------------------

--
-- Table structure for table `ques_option_descs`
--

CREATE TABLE `ques_option_descs` (
  `ques_option_id` int(11) NOT NULL,
  `language_id` tinyint(4) NOT NULL DEFAULT '1' COMMENT '1=English, 2=German',
  `option` text CHARACTER SET utf8,
  `status` tinyint(1) NOT NULL DEFAULT '1' COMMENT '1=active,0=inactive',
  `created_at` datetime NOT NULL,
  `updated_at` datetime NOT NULL DEFAULT CURRENT_TIMESTAMP ON UPDATE CURRENT_TIMESTAMP
) ENGINE=InnoDB DEFAULT CHARSET=latin1;

--
-- Dumping data for table `ques_option_descs`
--

INSERT INTO `ques_option_descs` (`ques_option_id`, `language_id`, `option`, `status`, `created_at`, `updated_at`) VALUES
(1, 1, 'Man', 1, '0000-00-00 00:00:00', '2019-04-30 17:07:47'),
(1, 2, 'Mann', 1, '0000-00-00 00:00:00', '2019-04-30 17:07:47'),
(2, 1, 'Women', 1, '0000-00-00 00:00:00', '2019-04-30 17:07:47'),
(2, 2, 'Frau', 1, '0000-00-00 00:00:00', '2019-04-30 17:07:47'),
(3, 1, 'Transgender', 1, '0000-00-00 00:00:00', '2019-04-30 17:07:47'),
(3, 2, 'Transgender', 1, '0000-00-00 00:00:00', '2019-04-30 17:07:47'),
(4, 1, 'Love', 1, '0000-00-00 00:00:00', '2019-06-03 19:47:57'),
(4, 2, 'Love', 1, '0000-00-00 00:00:00', '2019-06-03 19:48:03'),
(5, 1, 'Flirts', 1, '0000-00-00 00:00:00', '2019-06-03 19:48:07'),
(5, 2, 'Flirts', 1, '0000-00-00 00:00:00', '2019-06-03 19:48:10'),
(6, 1, 'Friends', 1, '0000-00-00 00:00:00', '2019-06-03 19:48:15'),
(6, 2, 'Friends', 1, '0000-00-00 00:00:00', '2019-06-03 19:48:18'),
(7, 1, 'Travelbuddys', 1, '0000-00-00 00:00:00', '2019-06-03 19:48:26'),
(7, 2, 'Travelbuddys', 1, '0000-00-00 00:00:00', '2019-06-03 19:48:29'),
(8, 1, 'Open minded', 1, '0000-00-00 00:00:00', '2019-06-03 19:48:37'),
(8, 2, 'Open minded', 1, '0000-00-00 00:00:00', '2019-06-03 19:48:39'),
(9, 1, 'Outside, I love to move myself and to be in the nature', 1, '0000-00-00 00:00:00', '2019-06-03 19:53:29'),
(9, 2, 'Drauen bewege ich mich gerne und bin in der Natur', 1, '0000-00-00 00:00:00', '2019-04-30 17:07:47'),
(10, 1, 'My home is my temple', 1, '0000-00-00 00:00:00', '2019-04-30 17:07:47'),
(10, 2, 'Mein Zuhause ist mein Tempel', 1, '0000-00-00 00:00:00', '2019-04-30 17:07:47'),
(11, 1, 'Everywhere surrounded by nice people', 1, '0000-00-00 00:00:00', '2019-06-03 19:53:48'),
(11, 2, 'Orte, an denen ich neue interessante Leute kennenlernen kann', 1, '0000-00-00 00:00:00', '2019-04-30 17:07:47'),
(12, 1, 'Places for inspiration', 1, '0000-00-00 00:00:00', '2019-06-03 19:53:58'),
(12, 2, 'Ein Ort, an dem ich nachdenken und neue Ideen finden kann', 1, '0000-00-00 00:00:00', '2019-04-30 17:07:47'),
(13, 1, 'Casual', 1, '0000-00-00 00:00:00', '2019-06-03 19:54:37'),
(13, 2, 'Casual', 1, '0000-00-00 00:00:00', '2019-06-03 19:54:45'),
(14, 1, 'Glamerous', 1, '0000-00-00 00:00:00', '2019-06-03 19:55:01'),
(14, 2, 'Glamerous', 1, '0000-00-00 00:00:00', '2019-06-03 19:55:04'),
(15, 1, 'Comfortable', 1, '0000-00-00 00:00:00', '2019-06-03 19:55:09'),
(15, 2, 'Comfortable', 1, '0000-00-00 00:00:00', '2019-06-03 19:55:12'),
(16, 1, 'Different', 1, '0000-00-00 00:00:00', '2019-06-03 19:55:18'),
(16, 2, 'Different', 1, '0000-00-00 00:00:00', '2019-06-03 19:55:21'),
(17, 1, 'Love and security', 1, '0000-00-00 00:00:00', '2019-04-30 17:40:17'),
(17, 2, 'Liebe und Sicherheit', 1, '0000-00-00 00:00:00', '2019-04-30 17:40:25'),
(18, 1, 'Money and status', 1, '0000-00-00 00:00:00', '2019-04-30 17:40:39'),
(18, 2, 'Geld und Status', 1, '0000-00-00 00:00:00', '2019-04-30 17:40:46'),
(19, 1, 'Regularly free time activities / hobbys', 1, '0000-00-00 00:00:00', '2019-04-30 17:41:03'),
(19, 2, 'Regelmig Freizeitaktivitten / Hobbies', 1, '0000-00-00 00:00:00', '2019-04-30 17:41:21'),
(20, 1, 'satisfaction of physical needs', 1, '0000-00-00 00:00:00', '2019-04-30 17:41:27'),
(20, 2, 'Befriedigung der krperlichen Bedrfnisse', 1, '0000-00-00 00:00:00', '2019-04-30 17:41:37'),
(21, 1, 'becoming old together', 1, '0000-00-00 00:00:00', '2019-04-30 17:41:58'),
(21, 2, 'gemeinsam alt werden', 1, '0000-00-00 00:00:00', '2019-04-30 17:42:23'),
(22, 1, 'shy', 1, '0000-00-00 00:00:00', '2019-04-30 17:48:31'),
(22, 2, 'schchtern', 1, '0000-00-00 00:00:00', '2019-04-30 17:48:59'),
(23, 1, 'depending on my mood', 1, '0000-00-00 00:00:00', '2019-04-30 17:48:39'),
(23, 2, 'je nach Laune', 1, '0000-00-00 00:00:00', '2019-04-30 17:48:47'),
(24, 1, 'open minded', 1, '0000-00-00 00:00:00', '2019-04-30 17:49:17'),
(24, 2, 'offen', 1, '0000-00-00 00:00:00', '2019-04-30 17:49:24'),
(25, 1, 'humorous', 1, '0000-00-00 00:00:00', '2019-04-30 17:49:39'),
(25, 2, 'humorvoll', 1, '0000-00-00 00:00:00', '2019-04-30 17:49:45'),
(26, 1, 'sensitive', 1, '0000-00-00 00:00:00', '2019-04-30 17:49:57'),
(26, 2, 'empfindlich', 1, '0000-00-00 00:00:00', '2019-04-30 17:50:06'),
(27, 1, 'emotional', 1, '0000-00-00 00:00:00', '2019-04-30 17:50:13'),
(27, 2, 'emotional', 1, '0000-00-00 00:00:00', '2019-04-30 17:50:26'),
(28, 1, 'optimistic', 1, '0000-00-00 00:00:00', '2019-04-30 17:50:36'),
(28, 2, 'optimistisch', 1, '0000-00-00 00:00:00', '2019-04-30 17:50:43'),
(29, 1, 'pesimistic', 1, '0000-00-00 00:00:00', '2019-04-30 17:50:59'),
(29, 2, 'pessimistisch', 1, '0000-00-00 00:00:00', '2019-04-30 17:51:07'),
(30, 1, 'Netflix & TV', 1, '0000-00-00 00:00:00', '2019-04-30 17:56:30'),
(30, 2, 'Netflix & TV', 1, '0000-00-00 00:00:00', '2019-04-30 17:56:39'),
(31, 1, 'Bar hopping with friends', 1, '0000-00-00 00:00:00', '2019-04-30 17:56:47'),
(31, 2, 'Barhopping mit Freunden', 1, '0000-00-00 00:00:00', '2019-04-30 17:56:55'),
(32, 1, 'Club or other Party locations', 1, '0000-00-00 00:00:00', '2019-04-30 17:57:05'),
(32, 2, 'Club- oder andere Partyorte', 1, '0000-00-00 00:00:00', '2019-04-30 17:57:13'),
(33, 1, 'short trip', 1, '0000-00-00 00:00:00', '2019-04-30 17:57:23'),
(33, 2, 'Kurzausflug', 1, '0000-00-00 00:00:00', '2019-04-30 17:57:31'),
(34, 1, 'wellness', 1, '0000-00-00 00:00:00', '2019-04-30 17:57:40'),
(34, 2, 'Wellness', 1, '0000-00-00 00:00:00', '2019-04-30 17:57:48'),
(35, 1, 'go out for dinner', 1, '0000-00-00 00:00:00', '2019-04-30 17:57:57'),
(35, 2, 'Essen gehen', 1, '0000-00-00 00:00:00', '2019-04-30 17:58:06'),
(36, 1, 'sportive activities', 1, '0000-00-00 00:00:00', '2019-04-30 17:58:17'),
(36, 2, 'sportliche Aktivitten', 1, '0000-00-00 00:00:00', '2019-04-30 17:58:25'),
(37, 1, 'with my family', 1, '0000-00-00 00:00:00', '2019-04-30 17:58:33'),
(37, 2, 'mit meiner Familie', 1, '0000-00-00 00:00:00', '2019-04-30 17:58:41'),
(38, 1, 'I like to cook at home', 1, '0000-00-00 00:00:00', '2019-04-30 18:19:53'),
(38, 2, 'Ich koche gerne zu Hause', 1, '0000-00-00 00:00:00', '2019-04-30 18:20:11'),
(39, 1, 'I like to get cooks', 1, '0000-00-00 00:00:00', '2019-06-03 19:56:26'),
(39, 2, 'Ich mag es, Kche zu bekommen', 1, '0000-00-00 00:00:00', '2019-04-30 18:20:25'),
(40, 1, 'ready meals at home', 1, '0000-00-00 00:00:00', '2019-04-30 18:20:46'),
(40, 2, 'Fertiggerichte zu Hause', 1, '0000-00-00 00:00:00', '2019-04-30 18:20:54'),
(41, 1, 'delivery service', 1, '0000-00-00 00:00:00', '2019-04-30 18:21:03'),
(41, 2, 'Lieferservice', 1, '0000-00-00 00:00:00', '2019-04-30 18:21:13'),
(42, 1, 'Fast food', 1, '0000-00-00 00:00:00', '2019-04-30 18:21:22'),
(42, 2, 'Fast Food', 1, '0000-00-00 00:00:00', '2019-04-30 18:21:31'),
(43, 1, 'restaurans', 1, '0000-00-00 00:00:00', '2019-04-30 18:21:57'),
(43, 2, 'Restaurants', 1, '0000-00-00 00:00:00', '2019-04-30 18:22:03'),
(44, 1, 'German', 1, '0000-00-00 00:00:00', '2019-04-30 18:36:13'),
(44, 2, 'German', 1, '0000-00-00 00:00:00', '2019-04-30 18:36:15'),
(45, 1, 'Italian', 1, '0000-00-00 00:00:00', '2019-04-30 18:36:06'),
(45, 2, 'Italian', 1, '0000-00-00 00:00:00', '2019-04-30 18:36:04'),
(46, 1, 'Asian', 1, '0000-00-00 00:00:00', '2019-04-30 18:35:57'),
(46, 2, 'Asian', 1, '0000-00-00 00:00:00', '2019-04-30 18:35:54'),
(47, 1, 'African', 1, '0000-00-00 00:00:00', '2019-04-30 18:35:48'),
(47, 2, 'African', 1, '0000-00-00 00:00:00', '2019-04-30 18:35:46'),
(48, 1, 'american', 1, '0000-00-00 00:00:00', '2019-04-30 18:35:41'),
(48, 2, 'american', 1, '0000-00-00 00:00:00', '2019-04-30 18:35:39'),
(49, 1, 'greek', 1, '0000-00-00 00:00:00', '2019-04-30 18:35:31'),
(49, 2, 'greek', 1, '0000-00-00 00:00:00', '2019-04-30 18:35:28'),
(50, 1, 'oriental', 1, '0000-00-00 00:00:00', '2019-04-30 18:35:19'),
(50, 2, 'oriental', 1, '0000-00-00 00:00:00', '2019-04-30 18:35:23'),
(51, 1, 'international', 1, '0000-00-00 00:00:00', '2019-04-30 18:34:56'),
(51, 2, 'International', 1, '0000-00-00 00:00:00', '2019-04-30 18:35:09'),
(52, 1, 'The early bird', 1, '0000-00-00 00:00:00', '2019-06-03 19:57:57'),
(52, 2, 'Der Wecker klingelt um 6 Uhr, damit ich den Tag optimal nutzen kann', 1, '0000-00-00 00:00:00', '2019-04-30 18:39:28'),
(53, 1, 'The easy way', 1, '0000-00-00 00:00:00', '2019-06-03 19:58:05'),
(53, 2, 'Ich stehe auf, wenn ich aufwache', 1, '0000-00-00 00:00:00', '2019-04-30 18:39:47'),
(54, 1, 'The long sleeper', 1, '0000-00-00 00:00:00', '2019-06-03 19:58:10'),
(54, 2, 'Keine Mglichkeit, mich vor 12 Uhr aus dem Bett zu bekommen', 1, '0000-00-00 00:00:00', '2019-04-30 18:40:05'),
(55, 1, 'dog', 1, '0000-00-00 00:00:00', '2019-04-30 18:42:32'),
(55, 2, 'Hund', 1, '0000-00-00 00:00:00', '2019-04-30 18:42:41'),
(56, 1, 'cat', 1, '0000-00-00 00:00:00', '2019-04-30 18:42:47'),
(56, 2, 'Katze', 1, '0000-00-00 00:00:00', '2019-04-30 18:42:55'),
(57, 1, 'I don\'t like animals at all', 1, '0000-00-00 00:00:00', '2019-04-30 18:43:25'),
(57, 2, 'Ich mag keine Tiere', 1, '0000-00-00 00:00:00', '2019-04-30 18:43:15'),
(58, 1, 'no degree', 1, '0000-00-00 00:00:00', '2019-05-20 13:20:55'),
(58, 2, 'kein Abschluss', 1, '0000-00-00 00:00:00', '2019-05-20 13:21:40'),
(59, 1, 'certificate of secondary Education', 1, '0000-00-00 00:00:00', '2019-05-20 13:20:55'),
(59, 2, 'Abschluss des Sekundarbereichs', 1, '0000-00-00 00:00:00', '2019-05-20 13:21:40'),
(60, 1, 'General certificate of secondary Education', 1, '0000-00-00 00:00:00', '2019-05-20 13:20:55'),
(60, 2, 'Allgemeiner Sekundarschulabschluss', 1, '0000-00-00 00:00:00', '2019-05-20 13:21:40'),
(61, 1, 'Highschool / university-entrance-diploma', 1, '0000-00-00 00:00:00', '2019-05-20 13:20:55'),
(61, 2, 'Abitur / Hochschuldiplom', 1, '0000-00-00 00:00:00', '2019-05-20 13:21:40'),
(62, 1, 'professional education', 1, '0000-00-00 00:00:00', '2019-05-20 13:20:55'),
(62, 2, 'berufliche Bildung', 1, '0000-00-00 00:00:00', '2019-05-20 13:21:40'),
(63, 1, 'Bachelor / Masterdegree', 1, '0000-00-00 00:00:00', '2019-05-20 13:20:55'),
(63, 2, 'Bachelor / Master-Abschluss', 1, '0000-00-00 00:00:00', '2019-05-20 13:21:40'),
(64, 1, 'Doctor / Diploma', 1, '0000-00-00 00:00:00', '2019-05-20 13:20:55'),
(64, 2, 'Doktor / Diplom', 1, '0000-00-00 00:00:00', '2019-05-20 13:21:40'),
(65, 1, 'Sports and nature', 1, '0000-00-00 00:00:00', '2019-06-04 16:49:01'),
(65, 2, 'Sports and nature', 1, '0000-00-00 00:00:00', '2019-06-04 16:49:04'),
(66, 1, 'Relaxing on the couch', 1, '0000-00-00 00:00:00', '2019-06-04 16:49:12'),
(66, 2, 'Relaxing on the couch', 1, '0000-00-00 00:00:00', '2019-06-04 16:49:16'),
(67, 1, 'Meeting with friends', 1, '0000-00-00 00:00:00', '2019-06-04 16:49:22'),
(67, 2, 'Meeting with friends', 1, '0000-00-00 00:00:00', '2019-06-04 16:49:24'),
(68, 1, 'Shopping', 1, '0000-00-00 00:00:00', '2019-06-04 16:49:31'),
(68, 2, 'Shopping', 1, '0000-00-00 00:00:00', '2019-06-04 16:49:34'),
(69, 1, 'Reading books', 1, '0000-00-00 00:00:00', '2019-06-04 16:49:41'),
(69, 2, 'Reading books', 1, '0000-00-00 00:00:00', '2019-06-04 16:49:45'),
(70, 1, 'Creative things (art & music)', 1, '0000-00-00 00:00:00', '2019-06-04 16:49:53'),
(70, 2, 'Creative things (art & music)', 1, '0000-00-00 00:00:00', '2019-06-04 16:49:56'),
(71, 1, 'Spiritual things ', 1, '0000-00-00 00:00:00', '2019-06-04 16:50:05'),
(71, 2, 'Spiritual things ', 1, '0000-00-00 00:00:00', '2019-06-04 16:50:08'),
(72, 1, 'PC & Video Games', 1, '0000-00-00 00:00:00', '2019-06-04 16:50:15'),
(72, 2, 'PC & Video Games', 1, '0000-00-00 00:00:00', '2019-06-04 16:50:18'),
(73, 1, 'Making business', 1, '0000-00-00 00:00:00', '2019-06-04 16:50:25'),
(73, 2, 'Making business', 1, '0000-00-00 00:00:00', '2019-06-04 16:50:27'),
(74, 1, 'just at the ocean', 1, '0000-00-00 00:00:00', '2019-04-30 19:02:47'),
(74, 2, 'just at the ocean', 1, '0000-00-00 00:00:00', '2019-04-30 19:02:49'),
(75, 1, 'to the mountains for hiking or skiing', 1, '0000-00-00 00:00:00', '2019-04-30 19:02:56'),
(75, 2, 'to the mountains for hiking or skiing', 1, '0000-00-00 00:00:00', '2019-04-30 19:02:58'),
(76, 1, 'Sightseeing Tour and Museums', 1, '0000-00-00 00:00:00', '2019-05-24 18:48:19'),
(76, 2, 'Besichtigungstour und Museen', 1, '0000-00-00 00:00:00', '2019-05-24 18:48:31'),
(77, 1, 'Adventure holdiays', 1, '0000-00-00 00:00:00', '2019-04-30 19:03:28'),
(77, 2, 'Adventure holdiays', 1, '0000-00-00 00:00:00', '2019-04-30 19:03:30'),
(78, 1, 'I dont need to go on vacation, I like to stay at home', 1, '0000-00-00 00:00:00', '2019-04-30 19:03:36'),
(78, 2, 'I dont need to go on vacation, I like to stay at home', 1, '0000-00-00 00:00:00', '2019-04-30 19:03:39'),
(79, 1, 'Attractive charisma', 1, '0000-00-00 00:00:00', '2019-06-04 16:53:46'),
(79, 2, 'Attractive charisma', 1, '0000-00-00 00:00:00', '2019-06-04 16:53:49'),
(80, 1, 'common interests', 1, '0000-00-00 00:00:00', '2019-04-30 19:10:35'),
(80, 2, 'common interests', 1, '0000-00-00 00:00:00', '2019-04-30 19:10:32'),
(81, 1, 'intelligence', 1, '0000-00-00 00:00:00', '2019-04-30 19:10:25'),
(81, 2, 'intelligence', 1, '0000-00-00 00:00:00', '2019-04-30 19:10:22'),
(82, 1, 'Status and Money', 1, '0000-00-00 00:00:00', '2019-04-30 19:10:16'),
(82, 2, 'Status and Money', 1, '0000-00-00 00:00:00', '2019-04-30 19:10:13'),
(83, 1, 'Empathy', 1, '0000-00-00 00:00:00', '2019-05-24 18:49:30'),
(83, 2, 'Empathie', 1, '0000-00-00 00:00:00', '2019-05-24 18:49:39'),
(84, 1, 'Loyalty', 1, '0000-00-00 00:00:00', '2019-04-30 19:09:51'),
(84, 2, 'Loyalty', 1, '0000-00-00 00:00:00', '2019-04-30 19:09:49'),
(85, 1, 'honesty', 1, '0000-00-00 00:00:00', '2019-04-30 19:09:40'),
(85, 2, 'honesty', 1, '0000-00-00 00:00:00', '2019-04-30 19:09:37'),
(86, 1, 'Very important - daily', 1, '0000-00-00 00:00:00', '2019-06-04 16:54:42'),
(86, 2, 'Very important - daily', 1, '0000-00-00 00:00:00', '2019-06-04 16:54:46'),
(87, 1, 'Important  a few times a week', 1, '0000-00-00 00:00:00', '2019-06-04 16:54:52'),
(87, 2, 'Important  a few times a week', 1, '0000-00-00 00:00:00', '2019-06-04 16:54:55'),
(88, 1, 'One time per week is enough', 1, '0000-00-00 00:00:00', '2019-06-04 16:55:03'),
(88, 2, 'One time per week is enough', 1, '0000-00-00 00:00:00', '2019-06-04 16:55:12'),
(89, 1, 'Not important', 1, '0000-00-00 00:00:00', '2019-06-04 16:55:19'),
(89, 2, 'Not important', 1, '0000-00-00 00:00:00', '2019-06-04 16:55:22'),
(90, 1, 'Yes, when the time has come', 1, '0000-00-00 00:00:00', '2019-06-04 16:57:17'),
(90, 2, 'Yes, when the time has come', 1, '0000-00-00 00:00:00', '2019-06-04 16:57:27'),
(91, 1, 'no', 1, '0000-00-00 00:00:00', '2019-04-30 19:23:14'),
(91, 2, 'no', 1, '0000-00-00 00:00:00', '2019-04-30 19:23:16'),
(92, 1, 'What goes comes around', 1, '0000-00-00 00:00:00', '2019-06-04 16:57:37'),
(92, 2, 'What goes comes around', 1, '0000-00-00 00:00:00', '2019-06-04 16:57:39'),
(93, 1, 'Yes with the right partner', 1, '0000-00-00 00:00:00', '2019-06-04 16:57:52'),
(93, 2, 'Yes with the right partner', 1, '0000-00-00 00:00:00', '2019-06-04 16:57:55'),
(94, 1, 'no', 1, '0000-00-00 00:00:00', '2019-04-30 19:23:14'),
(94, 2, 'no', 1, '0000-00-00 00:00:00', '2019-04-30 19:23:16'),
(95, 1, 'Let\'s see', 1, '0000-00-00 00:00:00', '2019-06-04 16:58:01'),
(95, 2, 'Let\'s see', 1, '0000-00-00 00:00:00', '2019-06-04 16:58:04');

-- --------------------------------------------------------

--
-- Table structure for table `test_ques`
--

CREATE TABLE `test_ques` (
  `id` int(11) NOT NULL,
  `test_id` int(11) NOT NULL,
  `ques_id` int(11) NOT NULL
) ENGINE=InnoDB DEFAULT CHARSET=latin1;

--
-- Dumping data for table `test_ques`
--

INSERT INTO `test_ques` (`id`, `test_id`, `ques_id`) VALUES
(1, 1, 1),
(2, 1, 2),
(3, 1, 3),
(4, 1, 4),
(5, 1, 5),
(6, 1, 6),
(7, 1, 7),
(8, 1, 8),
(9, 1, 9),
(10, 1, 10),
(11, 1, 11),
(12, 1, 12),
(13, 1, 13),
(14, 1, 14),
(15, 2, 1),
(16, 2, 2),
(17, 2, 3),
(18, 2, 4),
(19, 2, 5),
(20, 2, 6),
(21, 2, 7),
(22, 2, 8),
(23, 2, 9),
(24, 2, 10),
(25, 2, 11),
(26, 2, 12),
(27, 2, 13),
(28, 2, 14),
(29, 2, 15),
(30, 2, 16),
(31, 2, 17),
(32, 2, 18),
(33, 3, 1),
(34, 3, 2),
(35, 3, 3),
(36, 3, 4),
(37, 3, 5),
(38, 3, 6),
(39, 3, 7),
(40, 3, 8),
(41, 3, 9),
(42, 3, 10),
(43, 3, 11),
(44, 3, 12),
(45, 3, 13),
(46, 3, 14),
(47, 3, 14),
(48, 3, 14),
(49, 3, 1),
(50, 3, 2),
(51, 3, 3),
(52, 3, 4),
(53, 3, 5),
(54, 3, 6),
(55, 3, 7),
(56, 3, 8),
(57, 3, 9),
(58, 3, 10),
(59, 3, 11),
(60, 3, 12),
(61, 3, 13),
(62, 3, 14),
(63, 4, 1),
(64, 4, 2),
(65, 4, 3),
(66, 4, 4),
(67, 4, 5),
(68, 4, 6),
(69, 4, 7),
(70, 4, 8),
(71, 4, 9),
(72, 4, 10),
(73, 4, 11),
(74, 4, 12),
(75, 4, 13),
(76, 4, 14),
(77, 4, 15),
(78, 4, 16),
(79, 4, 17),
(80, 4, 18),
(81, 3, 1),
(82, 3, 2),
(83, 3, 3),
(84, 3, 4),
(85, 3, 5),
(86, 3, 6),
(87, 3, 7),
(88, 3, 8),
(89, 3, 9),
(90, 3, 10),
(91, 3, 11),
(92, 3, 12),
(93, 3, 13),
(94, 3, 14),
(95, 3, 1),
(96, 3, 2),
(97, 3, 3),
(98, 3, 4),
(99, 3, 5),
(100, 3, 6),
(101, 3, 7),
(102, 3, 8),
(103, 3, 9),
(104, 3, 10),
(105, 3, 11),
(106, 3, 12),
(107, 3, 13),
(108, 3, 14),
(109, 3, 15),
(110, 5, 1),
(111, 5, 2),
(112, 5, 3),
(113, 5, 4),
(114, 5, 5),
(115, 5, 6),
(116, 5, 7),
(117, 5, 8),
(118, 5, 9),
(119, 5, 10),
(120, 5, 11),
(121, 5, 12),
(122, 5, 13),
(123, 5, 14),
(124, 3, 1),
(125, 3, 2),
(126, 3, 3),
(127, 3, 4),
(128, 3, 5),
(129, 3, 6),
(130, 3, 7),
(131, 3, 8),
(132, 3, 9),
(133, 3, 10),
(134, 3, 11),
(135, 3, 12),
(136, 3, 13),
(137, 3, 14),
(138, 3, 15),
(139, 3, 1),
(140, 3, 2),
(141, 3, 3),
(142, 3, 4),
(143, 3, 5),
(144, 3, 6),
(145, 3, 7),
(146, 3, 8),
(147, 3, 9),
(148, 3, 10),
(149, 3, 11),
(150, 3, 12),
(151, 3, 13),
(152, 3, 14),
(153, 3, 15),
(154, 3, 1),
(155, 3, 1),
(156, 3, 1),
(157, 3, 1),
(158, 3, 2),
(159, 3, 1),
(160, 3, 2),
(161, 3, 1),
(162, 3, 2),
(163, 3, 1),
(164, 3, 2),
(165, 3, 3),
(166, 3, 4),
(167, 3, 5),
(168, 3, 6),
(169, 3, 7),
(170, 3, 8),
(171, 3, 9),
(172, 3, 10),
(173, 3, 11),
(174, 3, 12),
(175, 3, 13),
(176, 3, 14),
(177, 3, 15),
(178, 3, 16),
(179, 3, 17),
(180, 3, 18),
(181, 6, 1),
(182, 6, 2),
(183, 7, 1),
(184, 7, 2),
(185, 7, 3),
(186, 7, 4),
(187, 7, 5),
(188, 7, 6),
(189, 7, 7),
(190, 7, 8),
(191, 7, 9),
(192, 7, 10),
(193, 7, 11),
(194, 7, 12),
(195, 7, 13),
(196, 7, 14),
(197, 7, 15),
(198, 7, 16),
(199, 7, 17),
(200, 7, 18),
(201, 6, 1),
(202, 6, 2),
(203, 6, 3),
(204, 6, 4),
(205, 6, 1),
(206, 6, 2),
(207, 6, 3),
(208, 6, 4),
(209, 6, 5),
(210, 6, 6),
(211, 6, 7),
(212, 6, 8),
(213, 6, 9),
(214, 6, 10),
(215, 6, 11),
(216, 6, 12),
(217, 6, 13),
(218, 6, 14),
(219, 6, 15),
(220, 6, 16),
(221, 6, 17),
(222, 6, 1),
(223, 6, 1),
(224, 8, 1),
(225, 8, 1),
(226, 8, 2),
(227, 8, 2),
(228, 8, 3),
(229, 8, 3),
(230, 8, 4),
(231, 8, 4),
(232, 8, 5),
(233, 8, 5),
(234, 8, 6),
(235, 8, 7),
(236, 8, 6),
(237, 8, 8),
(238, 8, 9),
(239, 8, 7),
(240, 8, 10),
(241, 8, 11),
(242, 8, 8),
(243, 8, 12),
(244, 8, 13),
(245, 8, 14),
(246, 8, 9),
(247, 8, 10),
(248, 8, 11),
(249, 8, 15),
(250, 8, 16),
(251, 8, 12),
(252, 8, 13),
(253, 8, 14),
(254, 8, 17),
(255, 8, 18),
(256, 8, 15),
(257, 8, 16),
(258, 8, 17),
(259, 8, 18),
(260, 9, 1),
(261, 9, 2),
(262, 9, 3),
(263, 9, 4),
(264, 9, 5),
(265, 9, 6),
(266, 9, 7),
(267, 9, 8),
(268, 9, 9),
(269, 9, 10),
(270, 9, 11),
(271, 9, 12),
(272, 9, 13),
(273, 9, 14),
(274, 9, 15),
(275, 9, 16),
(276, 9, 17),
(277, 9, 18),
(278, 10, 1),
(279, 10, 2),
(280, 10, 3),
(281, 10, 4),
(282, 10, 5),
(283, 10, 6),
(284, 10, 7),
(285, 10, 8),
(286, 10, 9),
(287, 10, 10),
(288, 10, 11),
(289, 10, 12),
(290, 10, 13),
(291, 10, 14),
(292, 10, 15),
(293, 10, 16),
(294, 10, 17),
(295, 10, 18),
(296, 11, 1),
(297, 11, 2),
(298, 11, 3),
(299, 11, 4),
(300, 11, 5),
(301, 11, 6),
(302, 11, 7),
(303, 11, 8),
(304, 11, 9),
(305, 11, 10),
(306, 11, 11),
(307, 11, 12),
(308, 11, 13),
(309, 11, 14),
(310, 11, 15),
(311, 11, 16),
(312, 11, 17),
(313, 11, 18),
(314, 12, 1),
(315, 12, 2),
(316, 12, 3),
(317, 12, 4),
(318, 12, 5),
(319, 12, 6),
(320, 12, 7),
(321, 12, 8),
(322, 12, 9),
(323, 12, 10),
(324, 12, 11),
(325, 12, 12),
(326, 12, 13),
(327, 12, 14),
(328, 12, 15),
(329, 6, 1),
(330, 6, 2),
(331, 6, 3),
(332, 6, 4),
(333, 6, 5),
(334, 6, 6),
(335, 6, 7),
(336, 6, 8),
(337, 6, 9),
(338, 6, 10),
(339, 6, 11),
(340, 6, 12),
(341, 6, 13),
(342, 6, 14),
(343, 6, 15),
(344, 6, 16),
(345, 6, 17),
(346, 6, 18),
(347, 13, 1),
(348, 13, 2),
(349, 13, 3),
(350, 13, 4),
(351, 13, 5),
(352, 13, 6),
(353, 13, 7),
(354, 13, 8),
(355, 13, 9),
(356, 13, 10),
(357, 13, 11),
(358, 13, 12),
(359, 13, 13),
(360, 13, 14),
(361, 13, 15),
(362, 13, 16),
(363, 13, 17),
(364, 13, 18),
(365, 14, 1),
(366, 14, 2),
(367, 14, 3),
(368, 14, 4),
(369, 14, 5),
(370, 14, 6),
(371, 14, 7),
(372, 14, 8),
(373, 14, 9),
(374, 14, 10),
(375, 14, 11),
(376, 14, 12),
(377, 14, 13),
(378, 14, 14),
(379, 14, 15),
(380, 14, 16),
(381, 14, 17),
(382, 14, 18),
(383, 15, 1),
(384, 15, 1),
(385, 15, 1),
(386, 15, 2),
(387, 15, 3),
(388, 15, 4),
(389, 15, 5),
(390, 15, 6),
(391, 15, 7),
(392, 15, 8),
(393, 15, 9),
(394, 15, 10),
(395, 15, 11),
(396, 15, 12),
(397, 15, 13),
(398, 15, 14),
(399, 15, 15),
(400, 15, 16),
(401, 15, 17),
(402, 15, 18),
(403, 15, 1),
(404, 15, 1),
(405, 15, 1),
(406, 15, 1),
(407, 15, 1),
(408, 15, 1),
(409, 15, 2),
(410, 14, 1),
(411, 14, 1),
(412, 14, 2),
(413, 14, 3),
(414, 14, 4),
(415, 14, 5),
(416, 14, 6),
(417, 14, 7),
(418, 14, 8),
(419, 14, 9),
(420, 14, 10),
(421, 14, 11),
(422, 14, 12),
(423, 14, 13),
(424, 14, 14),
(425, 14, 1),
(426, 14, 2),
(427, 14, 3),
(428, 14, 4),
(429, 14, 5),
(430, 14, 6),
(431, 14, 7),
(432, 14, 8),
(433, 14, 9),
(434, 14, 10),
(435, 14, 11),
(436, 14, 12),
(437, 14, 13),
(438, 14, 14),
(439, 14, 1),
(440, 14, 2),
(441, 14, 3),
(442, 14, 4),
(443, 14, 5),
(444, 14, 6),
(445, 14, 7),
(446, 14, 8),
(447, 14, 9),
(448, 14, 10),
(449, 14, 11),
(450, 14, 12),
(451, 14, 13),
(452, 14, 14),
(453, 14, 1),
(454, 14, 2),
(455, 14, 3),
(456, 14, 4),
(457, 14, 5),
(458, 14, 6),
(459, 14, 7),
(460, 14, 8),
(461, 14, 9),
(462, 14, 10),
(463, 14, 11),
(464, 14, 12),
(465, 14, 13),
(466, 14, 14),
(467, 14, 1),
(468, 14, 2),
(469, 14, 1),
(470, 14, 2),
(471, 14, 3),
(472, 14, 4),
(473, 14, 5),
(474, 14, 6),
(475, 14, 7),
(476, 14, 8),
(477, 14, 9),
(478, 14, 10),
(479, 14, 11),
(480, 14, 12),
(481, 14, 13),
(482, 14, 14),
(483, 14, 1),
(484, 14, 2),
(485, 14, 3),
(486, 14, 4),
(487, 14, 5),
(488, 14, 6),
(489, 16, 1),
(490, 16, 2),
(491, 16, 3),
(492, 16, 4),
(493, 16, 5),
(494, 16, 6),
(495, 16, 7),
(496, 16, 8),
(497, 16, 9),
(498, 16, 10),
(499, 16, 11),
(500, 16, 12),
(501, 16, 13),
(502, 16, 14),
(503, 16, 15),
(504, 16, 16),
(505, 16, 17),
(506, 16, 18),
(507, 17, 1),
(508, 17, 2),
(509, 18, 1),
(510, 19, 1),
(511, 19, 2),
(512, 19, 3),
(513, 19, 4),
(514, 19, 5),
(515, 19, 6),
(516, 19, 7),
(517, 19, 8),
(518, 19, 9),
(519, 19, 10),
(520, 19, 11),
(521, 19, 12),
(522, 19, 13),
(523, 19, 14),
(524, 19, 15),
(525, 19, 16),
(526, 19, 17),
(527, 19, 18),
(528, 20, 1),
(529, 20, 2),
(530, 20, 3),
(531, 20, 4),
(532, 21, 1),
(533, 21, 2),
(534, 22, 1),
(535, 23, 1),
(536, 23, 2),
(537, 23, 3),
(538, 23, 4),
(539, 23, 5),
(540, 23, 6),
(541, 23, 7),
(542, 23, 8),
(543, 23, 9),
(544, 23, 10),
(545, 23, 11),
(546, 23, 12),
(547, 23, 13),
(548, 23, 14),
(549, 23, 15),
(550, 15, 1),
(551, 15, 2),
(552, 15, 2),
(553, 15, 4),
(554, 15, 5),
(555, 15, 6),
(556, 15, 7),
(557, 15, 8),
(558, 15, 9),
(559, 15, 10),
(560, 15, 11),
(561, 15, 12),
(562, 15, 13),
(563, 15, 14),
(564, 15, 1),
(565, 15, 2),
(566, 15, 3),
(567, 24, 1),
(568, 24, 2),
(569, 24, 3),
(570, 24, 4),
(571, 24, 5),
(572, 24, 6),
(573, 24, 7),
(574, 24, 8),
(575, 24, 9),
(576, 24, 10),
(577, 24, 11),
(578, 24, 12),
(579, 24, 13),
(580, 24, 14),
(581, 24, 15),
(582, 24, 16),
(583, 24, 17),
(584, 24, 18),
(585, 25, 1),
(586, 25, 2),
(587, 25, 3),
(588, 25, 4),
(589, 25, 5),
(590, 25, 6),
(591, 25, 7),
(592, 25, 8),
(593, 25, 9),
(594, 25, 10),
(595, 25, 11),
(596, 25, 12),
(597, 25, 13),
(598, 25, 14),
(599, 25, 15),
(600, 25, 16),
(601, 25, 17),
(602, 25, 18),
(603, 26, 1),
(604, 26, 2),
(605, 26, 3),
(606, 26, 4),
(607, 26, 5),
(608, 26, 6),
(609, 26, 7),
(610, 26, 8),
(611, 26, 9),
(612, 26, 10),
(613, 26, 11),
(614, 26, 12),
(615, 26, 13),
(616, 26, 14),
(617, 27, 1),
(618, 27, 2),
(619, 27, 3),
(620, 27, 4),
(621, 27, 5),
(622, 27, 6),
(623, 27, 7),
(624, 27, 8),
(625, 27, 9),
(626, 27, 10),
(627, 27, 11),
(628, 27, 12),
(629, 27, 13),
(630, 27, 14),
(631, 28, 1),
(632, 28, 2),
(633, 28, 3),
(634, 28, 4),
(635, 28, 5),
(636, 28, 6),
(637, 28, 7),
(638, 28, 8),
(639, 28, 9),
(640, 28, 10),
(641, 28, 11),
(642, 28, 12),
(643, 28, 13),
(644, 28, 14),
(645, 28, 15),
(646, 28, 16),
(647, 28, 17),
(648, 28, 18),
(649, 29, 1),
(650, 29, 2),
(651, 29, 3),
(652, 29, 4),
(653, 29, 5),
(654, 29, 6),
(655, 29, 7),
(656, 29, 8),
(657, 29, 9),
(658, 29, 10),
(659, 29, 11),
(660, 29, 12),
(661, 29, 13),
(662, 29, 14),
(663, 29, 15),
(664, 29, 16),
(665, 29, 17),
(666, 29, 18),
(667, 30, 1),
(668, 30, 2),
(669, 30, 3),
(670, 30, 4),
(671, 30, 5),
(672, 30, 6),
(673, 30, 7),
(674, 30, 8),
(675, 30, 9),
(676, 30, 10),
(677, 30, 11),
(678, 30, 12),
(679, 30, 13),
(680, 30, 14),
(681, 30, 15),
(682, 30, 16),
(683, 30, 17),
(684, 30, 18),
(685, 31, 1),
(686, 31, 2),
(687, 31, 3),
(688, 31, 4),
(689, 31, 5),
(690, 31, 6),
(691, 31, 7),
(692, 31, 8),
(693, 31, 9),
(694, 31, 10),
(695, 31, 11),
(696, 31, 12),
(697, 31, 13),
(698, 31, 14),
(699, 31, 15),
(700, 31, 16),
(701, 31, 17),
(702, 31, 18),
(703, 32, 1),
(704, 32, 2),
(705, 32, 3),
(706, 32, 4),
(707, 32, 5),
(708, 32, 6),
(709, 32, 7),
(710, 32, 8),
(711, 32, 9),
(712, 32, 10),
(713, 32, 11),
(714, 32, 12),
(715, 32, 13),
(716, 32, 14),
(717, 32, 15),
(718, 32, 16),
(719, 32, 17),
(720, 32, 18),
(721, 33, 1),
(722, 33, 2),
(723, 33, 3),
(724, 33, 4),
(725, 33, 5),
(726, 33, 6),
(727, 33, 7),
(728, 33, 8),
(729, 33, 9),
(730, 33, 10),
(731, 33, 11),
(732, 33, 12),
(733, 33, 13),
(734, 33, 14),
(735, 33, 15),
(736, 33, 16),
(737, 33, 17),
(738, 33, 18),
(739, 15, 1),
(740, 15, 2),
(741, 15, 1),
(742, 15, 2),
(743, 15, 3),
(744, 15, 3),
(745, 15, 5),
(746, 15, 6),
(747, 15, 7),
(748, 15, 8),
(749, 15, 9),
(750, 15, 10),
(751, 15, 11),
(752, 15, 12),
(753, 15, 13),
(754, 15, 14),
(755, 15, 1),
(756, 15, 2),
(757, 15, 3),
(758, 15, 4),
(759, 15, 5),
(760, 15, 6),
(761, 15, 7),
(762, 15, 8),
(763, 15, 9),
(764, 34, 1),
(765, 34, 2),
(766, 34, 3),
(767, 34, 4),
(768, 34, 5),
(769, 34, 6),
(770, 34, 7),
(771, 34, 8),
(772, 34, 9),
(773, 34, 10),
(774, 34, 11),
(775, 34, 12),
(776, 34, 13),
(777, 34, 14),
(778, 35, 1),
(779, 36, 1),
(780, 36, 2),
(781, 36, 3),
(782, 36, 4),
(783, 36, 5),
(784, 36, 6),
(785, 36, 7),
(786, 36, 8),
(787, 36, 9),
(788, 36, 10),
(789, 36, 11),
(790, 36, 12),
(791, 36, 13),
(792, 36, 14),
(793, 36, 1),
(794, 36, 1),
(795, 36, 2),
(796, 36, 3),
(797, 36, 4),
(798, 36, 5),
(799, 36, 6),
(800, 36, 7),
(801, 36, 8),
(802, 36, 9),
(803, 36, 10),
(804, 36, 11),
(805, 36, 12),
(806, 36, 13),
(807, 36, 14),
(808, 36, 1),
(809, 36, 2),
(810, 36, 3),
(811, 36, 4),
(812, 36, 5),
(813, 36, 6),
(814, 36, 7),
(815, 36, 8),
(816, 36, 9),
(817, 36, 10),
(818, 36, 11),
(819, 36, 12),
(820, 36, 13),
(821, 36, 14),
(822, 36, 1),
(823, 36, 2),
(824, 36, 3),
(825, 36, 4),
(826, 36, 5),
(827, 36, 6),
(828, 36, 7),
(829, 36, 8),
(830, 36, 9),
(831, 36, 10),
(832, 36, 11),
(833, 36, 12),
(834, 36, 13),
(835, 36, 14),
(836, 27, 1),
(837, 27, 2),
(838, 27, 3),
(839, 27, 4),
(840, 27, 5),
(841, 27, 6),
(842, 27, 7),
(843, 27, 8),
(844, 27, 9),
(845, 27, 10),
(846, 27, 11),
(847, 27, 12),
(848, 27, 13),
(849, 27, 14),
(850, 27, 15),
(851, 27, 16),
(852, 27, 17),
(853, 27, 18),
(854, 37, 1),
(855, 37, 2),
(856, 37, 3),
(857, 37, 4),
(858, 37, 5),
(859, 37, 6),
(860, 37, 7),
(861, 37, 8),
(862, 37, 9),
(863, 37, 10),
(864, 37, 11),
(865, 37, 12),
(866, 37, 13),
(867, 38, 1),
(868, 38, 2),
(869, 38, 3),
(870, 38, 4),
(871, 38, 5),
(872, 38, 6),
(873, 38, 7),
(874, 38, 8),
(875, 38, 9),
(876, 38, 10),
(877, 38, 11),
(878, 38, 12),
(879, 38, 13),
(880, 38, 14),
(881, 38, 15),
(882, 38, 16),
(883, 38, 17),
(884, 39, 1),
(885, 39, 2),
(886, 39, 3),
(887, 39, 4),
(888, 39, 5),
(889, 39, 6),
(890, 39, 7),
(891, 39, 8),
(892, 39, 9),
(893, 39, 10),
(894, 39, 11),
(895, 39, 12),
(896, 39, 13),
(897, 39, 14),
(898, 39, 1),
(899, 39, 2),
(900, 39, 3),
(901, 39, 4),
(902, 39, 5),
(903, 39, 6),
(904, 39, 7),
(905, 39, 8),
(906, 39, 9),
(907, 39, 10),
(908, 39, 11),
(909, 39, 12),
(910, 39, 13),
(911, 39, 14),
(912, 39, 15),
(913, 39, 16),
(914, 39, 17),
(915, 39, 18),
(916, 40, 1),
(917, 40, 2),
(918, 40, 3),
(919, 40, 4),
(920, 40, 5),
(921, 40, 6),
(922, 40, 7),
(923, 40, 8),
(924, 40, 9),
(925, 40, 10),
(926, 40, 11),
(927, 40, 12),
(928, 40, 13),
(929, 40, 14),
(930, 40, 15),
(931, 40, 16),
(932, 40, 17),
(933, 27, 1),
(934, 27, 2),
(935, 27, 3),
(936, 27, 4),
(937, 27, 5),
(938, 27, 6),
(939, 27, 7),
(940, 27, 8),
(941, 27, 9),
(942, 27, 10),
(943, 27, 11),
(944, 27, 12),
(945, 27, 13),
(946, 27, 14),
(947, 41, 1),
(948, 41, 2),
(949, 41, 3),
(950, 41, 4),
(951, 41, 5),
(952, 41, 6),
(953, 41, 7),
(954, 41, 8),
(955, 41, 9),
(956, 41, 10),
(957, 41, 11),
(958, 41, 12),
(959, 41, 13),
(960, 41, 14);

-- --------------------------------------------------------

--
-- Table structure for table `test_ques_ans`
--

CREATE TABLE `test_ques_ans` (
  `id` int(11) NOT NULL,
  `test_que_id` int(11) NOT NULL,
  `ans_id` int(11) NOT NULL
) ENGINE=InnoDB DEFAULT CHARSET=latin1;

--
-- Dumping data for table `test_ques_ans`
--

INSERT INTO `test_ques_ans` (`id`, `test_que_id`, `ans_id`) VALUES
(1, 1, 2),
(2, 2, 5),
(3, 3, 9),
(4, 4, 14),
(5, 5, 19),
(6, 5, 18),
(7, 6, 23),
(8, 6, 22),
(9, 7, 32),
(10, 7, 31),
(11, 7, 30),
(12, 8, 39),
(13, 8, 38),
(14, 9, 44),
(15, 9, 45),
(16, 9, 46),
(17, 10, 53),
(18, 11, 56),
(19, 12, 58),
(20, 13, 66),
(21, 13, 65),
(22, 13, 67),
(23, 14, 74),
(24, 15, 1),
(25, 16, 4),
(26, 17, 9),
(27, 18, 13),
(28, 19, 17),
(29, 19, 19),
(30, 20, 23),
(31, 20, 24),
(32, 21, 33),
(33, 21, 32),
(34, 21, 31),
(35, 22, 39),
(36, 22, 40),
(37, 23, 45),
(38, 23, 46),
(39, 23, 47),
(40, 24, 53),
(41, 25, 55),
(42, 26, 60),
(43, 27, 66),
(44, 27, 67),
(45, 27, 68),
(46, 28, 75),
(47, 29, 80),
(48, 29, 79),
(49, 29, 81),
(50, 30, 86),
(51, 31, 90),
(52, 32, 93),
(53, 33, 2),
(54, 34, 6),
(55, 35, 10),
(56, 36, 14),
(57, 37, 18),
(58, 37, 19),
(59, 38, 23),
(60, 38, 24),
(61, 39, 32),
(62, 39, 33),
(63, 39, 34),
(64, 40, 39),
(65, 40, 40),
(66, 41, 44),
(67, 41, 45),
(68, 41, 46),
(69, 42, 52),
(70, 43, 55),
(71, 44, 58),
(72, 45, 65),
(73, 45, 67),
(74, 45, 68),
(75, 46, 76),
(76, 47, 76),
(77, 48, 76),
(78, 49, 2),
(79, 50, 5),
(80, 51, 10),
(81, 52, 14),
(82, 53, 17),
(83, 53, 18),
(84, 54, 22),
(85, 54, 25),
(86, 55, 33),
(87, 55, 30),
(88, 55, 32),
(89, 56, 38),
(90, 56, 39),
(91, 57, 44),
(92, 57, 46),
(93, 57, 47),
(94, 58, 52),
(95, 59, 55),
(96, 60, 58),
(97, 61, 65),
(98, 61, 68),
(99, 61, 69),
(100, 62, 75),
(101, 63, 1),
(102, 64, 4),
(103, 65, 9),
(104, 66, 13),
(105, 67, 17),
(106, 67, 18),
(107, 68, 22),
(108, 68, 23),
(109, 69, 30),
(110, 69, 31),
(111, 69, 32),
(112, 70, 38),
(113, 70, 39),
(114, 71, 44),
(115, 71, 45),
(116, 71, 46),
(117, 72, 52),
(118, 73, 55),
(119, 74, 58),
(120, 75, 65),
(121, 75, 66),
(122, 75, 67),
(123, 76, 74),
(124, 77, 79),
(125, 77, 80),
(126, 77, 81),
(127, 78, 86),
(128, 79, 90),
(129, 80, 93),
(130, 81, 2),
(131, 82, 5),
(132, 83, 11),
(133, 84, 14),
(134, 85, 18),
(135, 85, 19),
(136, 86, 22),
(137, 86, 25),
(138, 87, 32),
(139, 87, 33),
(140, 87, 30),
(141, 88, 39),
(142, 88, 40),
(143, 89, 44),
(144, 89, 45),
(145, 89, 46),
(146, 90, 53),
(147, 91, 55),
(148, 92, 60),
(149, 93, 65),
(150, 93, 68),
(151, 93, 69),
(152, 94, 76),
(153, 95, 2),
(154, 96, 6),
(155, 97, 10),
(156, 98, 15),
(157, 99, 19),
(158, 99, 17),
(159, 100, 26),
(160, 100, 22),
(161, 101, 33),
(162, 101, 30),
(163, 101, 34),
(164, 102, 39),
(165, 102, 38),
(166, 103, 46),
(167, 103, 45),
(168, 103, 44),
(169, 104, 54),
(170, 105, 55),
(171, 106, 60),
(172, 107, 67),
(173, 107, 68),
(174, 107, 69),
(175, 108, 76),
(176, 109, 81),
(177, 109, 82),
(178, 109, 83),
(179, 110, 1),
(180, 111, 5),
(181, 112, 10),
(182, 113, 13),
(183, 114, 20),
(184, 115, 25),
(185, 116, 35),
(186, 116, 34),
(187, 117, 43),
(188, 118, 48),
(189, 119, 54),
(190, 120, 56),
(191, 121, 58),
(192, 122, 68),
(193, 123, 77),
(194, 124, 2),
(195, 125, 4),
(196, 126, 10),
(197, 127, 14),
(198, 128, 18),
(199, 128, 19),
(200, 129, 24),
(201, 129, 25),
(202, 130, 32),
(203, 130, 33),
(204, 130, 31),
(205, 131, 39),
(206, 131, 40),
(207, 132, 46),
(208, 132, 47),
(209, 132, 48),
(210, 133, 52),
(211, 134, 55),
(212, 135, 59),
(213, 136, 65),
(214, 136, 66),
(215, 136, 67),
(216, 137, 75),
(217, 138, 79),
(218, 138, 80),
(219, 138, 81),
(220, 139, 2),
(221, 140, 4),
(222, 141, 9),
(223, 142, 14),
(224, 143, 18),
(225, 143, 19),
(226, 144, 22),
(227, 144, 24),
(228, 145, 32),
(229, 145, 30),
(230, 145, 33),
(231, 146, 38),
(232, 146, 39),
(233, 147, 44),
(234, 147, 45),
(235, 147, 46),
(236, 148, 52),
(237, 149, 55),
(238, 150, 58),
(239, 151, 65),
(240, 151, 67),
(241, 151, 68),
(242, 152, 74),
(243, 153, 79),
(244, 153, 80),
(245, 153, 81),
(246, 154, 2),
(247, 155, 2),
(248, 156, 2),
(249, 157, 2),
(250, 158, 5),
(251, 159, 2),
(252, 160, 4),
(253, 161, 2),
(254, 162, 5),
(255, 163, 2),
(256, 164, 4),
(257, 165, 11),
(258, 166, 14),
(259, 167, 17),
(260, 167, 18),
(261, 168, 22),
(262, 168, 24),
(263, 169, 30),
(264, 169, 31),
(265, 169, 32),
(266, 170, 38),
(267, 170, 39),
(268, 171, 44),
(269, 171, 45),
(270, 171, 46),
(271, 172, 52),
(272, 173, 55),
(273, 174, 59),
(274, 175, 67),
(275, 175, 65),
(276, 175, 68),
(277, 176, 75),
(278, 177, 79),
(279, 177, 80),
(280, 177, 81),
(281, 178, 86),
(282, 179, 91),
(283, 180, 94),
(284, 181, 1),
(285, 182, 4),
(286, 183, 2),
(287, 184, 4),
(288, 185, 9),
(289, 186, 14),
(290, 187, 18),
(291, 187, 17),
(292, 188, 22),
(293, 188, 24),
(294, 189, 30),
(295, 189, 31),
(296, 189, 32),
(297, 190, 38),
(298, 190, 39),
(299, 191, 44),
(300, 191, 45),
(301, 191, 46),
(302, 192, 53),
(303, 193, 55),
(304, 194, 59),
(305, 195, 65),
(306, 195, 66),
(307, 195, 67),
(308, 196, 74),
(309, 197, 79),
(310, 197, 80),
(311, 197, 81),
(312, 198, 87),
(313, 199, 91),
(314, 200, 94),
(315, 201, 3),
(316, 202, 4),
(317, 203, 10),
(318, 204, 14),
(319, 205, 3),
(320, 206, 4),
(321, 207, 10),
(322, 208, 14),
(323, 209, 20),
(324, 210, 23),
(325, 210, 25),
(326, 211, 34),
(327, 211, 35),
(328, 211, 33),
(329, 212, 39),
(330, 213, 45),
(331, 214, 53),
(332, 215, 55),
(333, 216, 58),
(334, 217, 70),
(335, 217, 69),
(336, 217, 66),
(337, 218, 74),
(338, 219, 81),
(339, 219, 80),
(340, 219, 82),
(341, 220, 86),
(342, 221, 92),
(343, 222, 3),
(344, 223, 3),
(345, 224, 2),
(346, 225, 2),
(347, 226, 4),
(348, 227, 4),
(349, 228, 9),
(350, 229, 9),
(351, 230, 13),
(352, 231, 13),
(353, 232, 17),
(354, 233, 17),
(355, 233, 18),
(356, 234, 22),
(357, 234, 23),
(358, 235, 30),
(359, 235, 31),
(360, 236, 22),
(361, 236, 23),
(362, 237, 38),
(363, 237, 39),
(364, 238, 44),
(365, 238, 45),
(366, 239, 30),
(367, 239, 31),
(368, 239, 32),
(369, 240, 52),
(370, 241, 55),
(371, 242, 38),
(372, 242, 39),
(373, 243, 58),
(374, 244, 65),
(375, 244, 66),
(376, 244, 67),
(377, 245, 74),
(378, 246, 44),
(379, 246, 46),
(380, 246, 47),
(381, 247, 53),
(382, 248, 55),
(383, 249, 79),
(384, 249, 80),
(385, 249, 81),
(386, 250, 86),
(387, 251, 59),
(388, 252, 65),
(389, 252, 66),
(390, 252, 67),
(391, 253, 74),
(392, 254, 90),
(393, 255, 93),
(394, 256, 79),
(395, 256, 80),
(396, 256, 81),
(397, 257, 87),
(398, 258, 90),
(399, 259, 93),
(400, 260, 1),
(401, 261, 5),
(402, 262, 10),
(403, 263, 13),
(404, 264, 20),
(405, 264, 18),
(406, 265, 24),
(407, 265, 26),
(408, 266, 31),
(409, 266, 32),
(410, 266, 34),
(411, 267, 38),
(412, 267, 39),
(413, 268, 44),
(414, 268, 45),
(415, 268, 48),
(416, 269, 54),
(417, 270, 56),
(418, 271, 58),
(419, 272, 65),
(420, 272, 66),
(421, 272, 68),
(422, 273, 74),
(423, 274, 79),
(424, 274, 80),
(425, 274, 81),
(426, 275, 88),
(427, 276, 92),
(428, 277, 95),
(429, 278, 2),
(430, 279, 7),
(431, 280, 11),
(432, 281, 14),
(433, 282, 19),
(434, 282, 21),
(435, 283, 25),
(436, 283, 26),
(437, 284, 30),
(438, 284, 33),
(439, 284, 35),
(440, 285, 42),
(441, 285, 39),
(442, 286, 46),
(443, 286, 48),
(444, 286, 49),
(445, 287, 53),
(446, 288, 57),
(447, 289, 60),
(448, 290, 68),
(449, 290, 66),
(450, 290, 65),
(451, 291, 77),
(452, 292, 82),
(453, 292, 83),
(454, 292, 84),
(455, 293, 87),
(456, 294, 91),
(457, 295, 94),
(458, 296, 2),
(459, 297, 6),
(460, 298, 10),
(461, 299, 13),
(462, 300, 19),
(463, 300, 18),
(464, 301, 25),
(465, 301, 24),
(466, 302, 31),
(467, 302, 32),
(468, 302, 33),
(469, 303, 41),
(470, 303, 40),
(471, 304, 47),
(472, 304, 48),
(473, 304, 46),
(474, 305, 54),
(475, 306, 56),
(476, 307, 58),
(477, 308, 67),
(478, 308, 68),
(479, 308, 69),
(480, 309, 76),
(481, 310, 81),
(482, 310, 82),
(483, 310, 83),
(484, 311, 87),
(485, 312, 91),
(486, 313, 94),
(487, 314, 2),
(488, 315, 7),
(489, 316, 10),
(490, 317, 14),
(491, 318, 20),
(492, 318, 19),
(493, 319, 24),
(494, 319, 25),
(495, 320, 32),
(496, 320, 33),
(497, 320, 34),
(498, 321, 41),
(499, 321, 40),
(500, 322, 48),
(501, 322, 47),
(502, 322, 46),
(503, 323, 54),
(504, 324, 57),
(505, 325, 60),
(506, 326, 67),
(507, 326, 66),
(508, 326, 65),
(509, 327, 76),
(510, 328, 81),
(511, 328, 82),
(512, 328, 83),
(513, 329, 1),
(514, 330, 7),
(515, 331, 12),
(516, 332, 15),
(517, 333, 18),
(518, 333, 19),
(519, 334, 23),
(520, 334, 27),
(521, 335, 34),
(522, 335, 30),
(523, 335, 35),
(524, 336, 40),
(525, 336, 41),
(526, 337, 44),
(527, 337, 45),
(528, 338, 54),
(529, 339, 57),
(530, 340, 58),
(531, 341, 66),
(532, 341, 68),
(533, 341, 69),
(534, 342, 78),
(535, 343, 82),
(536, 344, 89),
(537, 345, 91),
(538, 346, 94),
(539, 347, 1),
(540, 348, 4),
(541, 349, 10),
(542, 350, 14),
(543, 351, 19),
(544, 351, 20),
(545, 352, 24),
(546, 352, 25),
(547, 353, 32),
(548, 353, 33),
(549, 353, 34),
(550, 354, 39),
(551, 354, 40),
(552, 355, 44),
(553, 355, 45),
(554, 355, 46),
(555, 356, 52),
(556, 357, 56),
(557, 358, 58),
(558, 359, 65),
(559, 359, 66),
(560, 359, 67),
(561, 360, 74),
(562, 361, 79),
(563, 361, 80),
(564, 361, 81),
(565, 362, 86),
(566, 363, 90),
(567, 364, 93),
(568, 365, 2),
(569, 366, 6),
(570, 367, 10),
(571, 368, 15),
(572, 369, 18),
(573, 369, 19),
(574, 370, 23),
(575, 370, 24),
(576, 371, 32),
(577, 371, 33),
(578, 371, 34),
(579, 372, 40),
(580, 372, 41),
(581, 373, 46),
(582, 373, 47),
(583, 373, 48),
(584, 374, 52),
(585, 375, 55),
(586, 376, 59),
(587, 377, 65),
(588, 377, 68),
(589, 377, 69),
(590, 378, 76),
(591, 379, 81),
(592, 379, 80),
(593, 379, 79),
(594, 380, 87),
(595, 381, 90),
(596, 382, 94),
(597, 383, 2),
(598, 384, 2),
(599, 385, 1),
(600, 386, 4),
(601, 387, 9),
(602, 388, 14),
(603, 389, 18),
(604, 390, 24),
(605, 391, 32),
(606, 392, 40),
(607, 393, 46),
(608, 394, 54),
(609, 395, 57),
(610, 396, 61),
(611, 397, 68),
(612, 398, 77),
(613, 399, 81),
(614, 400, 88),
(615, 401, 92),
(616, 402, 95),
(617, 403, 2),
(618, 404, 1),
(619, 405, 1),
(620, 406, 1),
(621, 407, 1),
(622, 408, 2),
(623, 409, 6),
(624, 410, 1),
(625, 411, 1),
(626, 412, 6),
(627, 413, 11),
(628, 414, 15),
(629, 415, 20),
(630, 416, 26),
(631, 417, 32),
(632, 418, 39),
(633, 419, 46),
(634, 419, 45),
(635, 420, 53),
(636, 421, 56),
(637, 422, 60),
(638, 423, 67),
(639, 424, 75),
(640, 425, 2),
(641, 426, 6),
(642, 427, 10),
(643, 428, 14),
(644, 429, 18),
(645, 429, 19),
(646, 430, 23),
(647, 430, 24),
(648, 431, 32),
(649, 431, 33),
(650, 431, 31),
(651, 432, 39),
(652, 432, 40),
(653, 433, 45),
(654, 433, 46),
(655, 433, 47),
(656, 434, 54),
(657, 435, 56),
(658, 436, 59),
(659, 437, 67),
(660, 438, 76),
(661, 439, 1),
(662, 440, 5),
(663, 441, 11),
(664, 442, 15),
(665, 443, 20),
(666, 444, 25),
(667, 444, 26),
(668, 445, 33),
(669, 445, 34),
(670, 446, 40),
(671, 446, 41),
(672, 447, 47),
(673, 447, 48),
(674, 448, 54),
(675, 449, 56),
(676, 450, 60),
(677, 451, 67),
(678, 451, 68),
(679, 451, 69),
(680, 452, 75),
(681, 453, 1),
(682, 454, 6),
(683, 455, 11),
(684, 456, 16),
(685, 457, 20),
(686, 458, 25),
(687, 459, 35),
(688, 459, 36),
(689, 460, 40),
(690, 460, 41),
(691, 461, 47),
(692, 461, 48),
(693, 462, 54),
(694, 463, 57),
(695, 464, 60),
(696, 465, 67),
(697, 466, 78),
(698, 467, 1),
(699, 468, 5),
(700, 469, 2),
(701, 470, 7),
(702, 471, 9),
(703, 472, 16),
(704, 473, 18),
(705, 474, 26),
(706, 475, 33),
(707, 476, 42),
(708, 477, 44),
(709, 477, 45),
(710, 477, 46),
(711, 478, 52),
(712, 479, 55),
(713, 480, 59),
(714, 481, 65),
(715, 482, 75),
(716, 483, 1),
(717, 484, 6),
(718, 485, 11),
(719, 486, 15),
(720, 487, 20),
(721, 488, 24),
(722, 489, 2),
(723, 490, 6),
(724, 491, 9),
(725, 492, 14),
(726, 493, 17),
(727, 493, 18),
(728, 494, 24),
(729, 494, 25),
(730, 495, 32),
(731, 495, 30),
(732, 495, 33),
(733, 496, 38),
(734, 496, 39),
(735, 497, 44),
(736, 497, 45),
(737, 497, 46),
(738, 498, 53),
(739, 499, 55),
(740, 500, 58),
(741, 501, 67),
(742, 501, 66),
(743, 501, 68),
(744, 502, 75),
(745, 503, 82),
(746, 503, 81),
(747, 503, 80),
(748, 504, 86),
(749, 505, 90),
(750, 506, 93),
(751, 507, 2),
(752, 508, 6),
(753, 509, 2),
(754, 510, 2),
(755, 511, 6),
(756, 512, 10),
(757, 513, 13),
(758, 514, 19),
(759, 514, 18),
(760, 515, 22),
(761, 515, 25),
(762, 516, 30),
(763, 516, 31),
(764, 516, 32),
(765, 517, 38),
(766, 517, 39),
(767, 518, 45),
(768, 518, 46),
(769, 518, 47),
(770, 519, 52),
(771, 520, 55),
(772, 521, 60),
(773, 522, 65),
(774, 522, 67),
(775, 522, 68),
(776, 523, 76),
(777, 524, 81),
(778, 524, 82),
(779, 524, 83),
(780, 525, 86),
(781, 526, 90),
(782, 527, 95),
(783, 528, 2),
(784, 529, 5),
(785, 530, 10),
(786, 531, 14),
(787, 532, 2),
(788, 533, 6),
(789, 534, 2),
(790, 535, 2),
(791, 536, 6),
(792, 537, 11),
(793, 538, 14),
(794, 539, 18),
(795, 539, 19),
(796, 540, 23),
(797, 540, 24),
(798, 541, 30),
(799, 541, 31),
(800, 541, 32),
(801, 542, 38),
(802, 542, 39),
(803, 543, 44),
(804, 543, 45),
(805, 543, 46),
(806, 544, 53),
(807, 545, 55),
(808, 546, 58),
(809, 547, 65),
(810, 547, 66),
(811, 547, 67),
(812, 548, 74),
(813, 549, 81),
(814, 549, 80),
(815, 549, 79),
(816, 550, 2),
(817, 551, 7),
(818, 552, 7),
(819, 553, 15),
(820, 554, 19),
(821, 555, 24),
(822, 556, 32),
(823, 557, 40),
(824, 558, 47),
(825, 559, 54),
(826, 560, 57),
(827, 561, 61),
(828, 562, 68),
(829, 563, 76),
(830, 564, 1),
(831, 565, 4),
(832, 566, 12),
(833, 567, 2),
(834, 568, 5),
(835, 569, 10),
(836, 570, 14),
(837, 571, 17),
(838, 571, 18),
(839, 572, 22),
(840, 572, 23),
(841, 573, 30),
(842, 573, 31),
(843, 573, 32),
(844, 574, 38),
(845, 574, 39),
(846, 575, 44),
(847, 575, 45),
(848, 575, 46),
(849, 576, 53),
(850, 577, 55),
(851, 578, 60),
(852, 579, 67),
(853, 579, 68),
(854, 579, 66),
(855, 580, 76),
(856, 581, 81),
(857, 581, 80),
(858, 581, 79),
(859, 582, 87),
(860, 583, 90),
(861, 584, 94),
(862, 585, 2),
(863, 586, 5),
(864, 587, 10),
(865, 588, 14),
(866, 589, 18),
(867, 589, 17),
(868, 590, 23),
(869, 590, 24),
(870, 591, 31),
(871, 591, 32),
(872, 591, 30),
(873, 592, 39),
(874, 592, 38),
(875, 593, 46),
(876, 593, 45),
(877, 593, 44),
(878, 594, 52),
(879, 595, 55),
(880, 596, 59),
(881, 597, 65),
(882, 597, 66),
(883, 597, 67),
(884, 598, 74),
(885, 599, 81),
(886, 599, 80),
(887, 599, 79),
(888, 600, 87),
(889, 601, 90),
(890, 602, 94),
(891, 603, 2),
(892, 604, 6),
(893, 605, 11),
(894, 606, 14),
(895, 607, 18),
(896, 607, 17),
(897, 608, 22),
(898, 608, 23),
(899, 609, 30),
(900, 609, 31),
(901, 609, 32),
(902, 610, 38),
(903, 610, 39),
(904, 611, 46),
(905, 611, 45),
(906, 611, 44),
(907, 612, 53),
(908, 613, 55),
(909, 614, 59),
(910, 615, 66),
(911, 615, 65),
(912, 615, 68),
(913, 616, 75),
(914, 617, 2),
(915, 618, 6),
(916, 619, 10),
(917, 620, 14),
(918, 621, 18),
(919, 621, 17),
(920, 622, 24),
(921, 622, 23),
(922, 623, 34),
(923, 623, 33),
(924, 623, 31),
(925, 624, 41),
(926, 624, 39),
(927, 625, 47),
(928, 625, 46),
(929, 625, 45),
(930, 626, 52),
(931, 627, 55),
(932, 628, 59),
(933, 629, 70),
(934, 629, 69),
(935, 629, 67),
(936, 630, 75),
(937, 631, 1),
(938, 632, 5),
(939, 633, 11),
(940, 634, 13),
(941, 635, 19),
(942, 635, 18),
(943, 636, 22),
(944, 636, 23),
(945, 637, 30),
(946, 637, 31),
(947, 637, 32),
(948, 638, 38),
(949, 638, 42),
(950, 639, 44),
(951, 639, 48),
(952, 639, 46),
(953, 640, 53),
(954, 641, 56),
(955, 642, 58),
(956, 643, 65),
(957, 643, 66),
(958, 643, 68),
(959, 644, 74),
(960, 645, 79),
(961, 645, 80),
(962, 645, 81),
(963, 646, 86),
(964, 647, 90),
(965, 648, 93),
(966, 649, 1),
(967, 650, 4),
(968, 651, 10),
(969, 652, 13),
(970, 653, 17),
(971, 653, 18),
(972, 654, 22),
(973, 654, 23),
(974, 655, 30),
(975, 655, 31),
(976, 655, 32),
(977, 656, 38),
(978, 656, 39),
(979, 657, 44),
(980, 657, 45),
(981, 657, 46),
(982, 658, 52),
(983, 659, 55),
(984, 660, 58),
(985, 661, 65),
(986, 661, 66),
(987, 661, 67),
(988, 662, 74),
(989, 663, 79),
(990, 663, 80),
(991, 663, 81),
(992, 664, 86),
(993, 665, 90),
(994, 666, 93),
(995, 667, 1),
(996, 668, 4),
(997, 669, 9),
(998, 670, 13),
(999, 671, 17),
(1000, 671, 18),
(1001, 672, 22),
(1002, 672, 23),
(1003, 673, 30),
(1004, 673, 31),
(1005, 673, 32),
(1006, 674, 38),
(1007, 674, 39),
(1008, 675, 44),
(1009, 675, 45),
(1010, 675, 46),
(1011, 676, 52),
(1012, 677, 55),
(1013, 678, 58),
(1014, 679, 65),
(1015, 679, 66),
(1016, 679, 67),
(1017, 680, 74),
(1018, 681, 79),
(1019, 681, 80),
(1020, 681, 81),
(1021, 682, 86),
(1022, 683, 90),
(1023, 684, 93),
(1024, 685, 2),
(1025, 686, 4),
(1026, 687, 9),
(1027, 688, 13),
(1028, 689, 17),
(1029, 689, 18),
(1030, 690, 22),
(1031, 690, 23),
(1032, 691, 30),
(1033, 691, 31),
(1034, 691, 32),
(1035, 692, 38),
(1036, 692, 39),
(1037, 693, 44),
(1038, 693, 45),
(1039, 693, 46),
(1040, 694, 52),
(1041, 695, 55),
(1042, 696, 58),
(1043, 697, 65),
(1044, 697, 66),
(1045, 697, 67),
(1046, 698, 74),
(1047, 699, 79),
(1048, 699, 80),
(1049, 699, 81),
(1050, 700, 86),
(1051, 701, 90),
(1052, 702, 93),
(1053, 703, 2),
(1054, 704, 4),
(1055, 705, 9),
(1056, 706, 13),
(1057, 707, 17),
(1058, 707, 18),
(1059, 708, 22),
(1060, 708, 23),
(1061, 709, 30),
(1062, 709, 31),
(1063, 709, 32),
(1064, 710, 38),
(1065, 710, 39),
(1066, 711, 44),
(1067, 711, 45),
(1068, 711, 46),
(1069, 712, 52),
(1070, 713, 55),
(1071, 714, 58),
(1072, 715, 65),
(1073, 715, 66),
(1074, 715, 67),
(1075, 716, 74),
(1076, 717, 79),
(1077, 717, 80),
(1078, 717, 81),
(1079, 718, 86),
(1080, 719, 90),
(1081, 720, 93),
(1082, 721, 1),
(1083, 722, 4),
(1084, 723, 9),
(1085, 724, 14),
(1086, 725, 17),
(1087, 725, 18),
(1088, 726, 23),
(1089, 726, 25),
(1090, 727, 33),
(1091, 727, 36),
(1092, 727, 34),
(1093, 728, 41),
(1094, 728, 40),
(1095, 729, 44),
(1096, 729, 46),
(1097, 729, 47),
(1098, 730, 52),
(1099, 731, 56),
(1100, 732, 61),
(1101, 733, 67),
(1102, 733, 70),
(1103, 733, 73),
(1104, 734, 74),
(1105, 735, 83),
(1106, 735, 82),
(1107, 735, 79),
(1108, 736, 88),
(1109, 737, 90),
(1110, 738, 95),
(1111, 739, 1),
(1112, 740, 4),
(1113, 741, 1),
(1114, 742, 6),
(1115, 743, 11),
(1116, 744, 11),
(1117, 745, 20),
(1118, 746, 26),
(1119, 747, 35),
(1120, 748, 43),
(1121, 749, 48),
(1122, 750, 54),
(1123, 751, 57),
(1124, 752, 60),
(1125, 753, 70),
(1126, 754, 77),
(1127, 755, 3),
(1128, 756, 7),
(1129, 757, 12),
(1130, 758, 16),
(1131, 759, 21),
(1132, 760, 26),
(1133, 761, 33),
(1134, 761, 35),
(1135, 761, 34),
(1136, 762, 42),
(1137, 762, 41),
(1138, 763, 48),
(1139, 764, 1),
(1140, 765, 6),
(1141, 766, 10),
(1142, 767, 14),
(1143, 768, 19),
(1144, 768, 20),
(1145, 769, 25),
(1146, 769, 24),
(1147, 770, 33),
(1148, 770, 34),
(1149, 770, 31),
(1150, 771, 40),
(1151, 771, 41),
(1152, 772, 47),
(1153, 772, 45),
(1154, 772, 49),
(1155, 773, 53),
(1156, 774, 57),
(1157, 775, 60),
(1158, 776, 67),
(1159, 776, 69),
(1160, 776, 70),
(1161, 777, 76),
(1162, 778, 2),
(1163, 779, 1),
(1164, 780, 7),
(1165, 781, 12),
(1166, 782, 16),
(1167, 783, 20),
(1168, 784, 26),
(1169, 785, 34),
(1170, 786, 42),
(1171, 787, 49),
(1172, 788, 54),
(1173, 789, 57),
(1174, 790, 61),
(1175, 791, 70),
(1176, 792, 78),
(1177, 793, 1),
(1178, 794, 1),
(1179, 795, 5),
(1180, 796, 11),
(1181, 797, 15),
(1182, 798, 18),
(1183, 799, 24),
(1184, 800, 32),
(1185, 801, 41),
(1186, 802, 47),
(1187, 803, 54),
(1188, 804, 57),
(1189, 805, 60),
(1190, 806, 67),
(1191, 807, 77),
(1192, 808, 1),
(1193, 809, 5),
(1194, 810, 11),
(1195, 811, 15),
(1196, 812, 20),
(1197, 813, 25),
(1198, 814, 34),
(1199, 815, 42),
(1200, 816, 48),
(1201, 817, 54),
(1202, 818, 57),
(1203, 819, 61),
(1204, 820, 69),
(1205, 821, 77),
(1206, 822, 1),
(1207, 823, 5),
(1208, 824, 11),
(1209, 825, 16),
(1210, 826, 20),
(1211, 827, 25),
(1212, 828, 32),
(1213, 829, 41),
(1214, 830, 48),
(1215, 831, 54),
(1216, 832, 57),
(1217, 833, 61),
(1218, 834, 66),
(1219, 835, 76),
(1220, 836, 1),
(1221, 837, 4),
(1222, 838, 10),
(1223, 839, 13),
(1224, 840, 18),
(1225, 841, 22),
(1226, 842, 30),
(1227, 842, 31),
(1228, 842, 32),
(1229, 843, 38),
(1230, 843, 39),
(1231, 844, 44),
(1232, 844, 45),
(1233, 844, 46),
(1234, 845, 52),
(1235, 846, 55),
(1236, 847, 58),
(1237, 848, 66),
(1238, 849, 74),
(1239, 850, 79),
(1240, 850, 80),
(1241, 850, 81),
(1242, 851, 86),
(1243, 852, 90),
(1244, 853, 93),
(1245, 854, 1),
(1246, 855, 6),
(1247, 856, 10),
(1248, 857, 14),
(1249, 858, 18),
(1250, 858, 17),
(1251, 859, 22),
(1252, 859, 23),
(1253, 860, 30),
(1254, 860, 31),
(1255, 860, 32),
(1256, 861, 38),
(1257, 861, 39),
(1258, 862, 44),
(1259, 862, 45),
(1260, 862, 46),
(1261, 863, 52),
(1262, 864, 55),
(1263, 865, 58),
(1264, 866, 65),
(1265, 866, 66),
(1266, 866, 67),
(1267, 867, 2),
(1268, 867, 1),
(1269, 868, 4),
(1270, 869, 9),
(1271, 870, 13),
(1272, 871, 17),
(1273, 871, 18),
(1274, 872, 22),
(1275, 872, 23),
(1276, 873, 30),
(1277, 873, 31),
(1278, 873, 32),
(1279, 874, 38),
(1280, 874, 39),
(1281, 875, 44),
(1282, 875, 45),
(1283, 875, 46),
(1284, 876, 53),
(1285, 877, 55),
(1286, 878, 58),
(1287, 879, 65),
(1288, 879, 66),
(1289, 879, 67),
(1290, 880, 75),
(1291, 881, 79),
(1292, 881, 80),
(1293, 881, 81),
(1294, 882, 88),
(1295, 883, 90),
(1296, 884, 1),
(1297, 885, 5),
(1298, 886, 9),
(1299, 887, 13),
(1300, 888, 18),
(1301, 889, 24),
(1302, 890, 30),
(1303, 891, 40),
(1304, 892, 45),
(1305, 893, 52),
(1306, 894, 57),
(1307, 895, 60),
(1308, 896, 70),
(1309, 897, 78),
(1310, 898, 1),
(1311, 898, 2),
(1312, 898, 3),
(1313, 899, 4),
(1314, 900, 10),
(1315, 901, 13),
(1316, 902, 18),
(1317, 903, 22),
(1318, 904, 32),
(1319, 904, 30),
(1320, 905, 40),
(1321, 905, 39),
(1322, 906, 44),
(1323, 906, 46),
(1324, 906, 48),
(1325, 907, 52),
(1326, 908, 55),
(1327, 909, 59),
(1328, 910, 65),
(1329, 910, 69),
(1330, 910, 71),
(1331, 911, 74),
(1332, 912, 79),
(1333, 913, 86),
(1334, 914, 92),
(1335, 915, 93),
(1336, 916, 1),
(1337, 916, 2),
(1338, 917, 4),
(1339, 918, 9),
(1340, 919, 13),
(1341, 920, 17),
(1342, 920, 18),
(1343, 921, 22),
(1344, 921, 23),
(1345, 922, 30),
(1346, 922, 31),
(1347, 922, 32),
(1348, 923, 38),
(1349, 923, 39),
(1350, 924, 44),
(1351, 924, 45),
(1352, 924, 46),
(1353, 925, 52),
(1354, 926, 55),
(1355, 927, 59),
(1356, 928, 65),
(1357, 928, 66),
(1358, 928, 67),
(1359, 929, 74),
(1360, 930, 79),
(1361, 930, 80),
(1362, 930, 81),
(1363, 931, 86),
(1364, 932, 90),
(1365, 933, 1),
(1366, 934, 5),
(1367, 935, 9),
(1368, 936, 15),
(1369, 937, 17),
(1370, 938, 24),
(1371, 938, 23),
(1372, 939, 32),
(1373, 939, 33),
(1374, 940, 42),
(1375, 940, 41),
(1376, 941, 47),
(1377, 941, 48),
(1378, 941, 49),
(1379, 942, 54),
(1380, 943, 55),
(1381, 944, 58),
(1382, 945, 65),
(1383, 946, 74),
(1384, 947, 2),
(1385, 948, 6),
(1386, 949, 11),
(1387, 950, 15),
(1388, 951, 19),
(1389, 952, 25),
(1390, 953, 33),
(1391, 954, 40),
(1392, 955, 46),
(1393, 956, 53),
(1394, 957, 57),
(1395, 958, 63),
(1396, 959, 68),
(1397, 959, 69),
(1398, 960, 78);

-- --------------------------------------------------------

--
-- Table structure for table `test_ques_comparisons`
--

CREATE TABLE `test_ques_comparisons` (
  `id` int(11) NOT NULL,
  `test_id_1` int(11) DEFAULT NULL COMMENT 'user_id 1',
  `test_id_2` int(11) DEFAULT NULL COMMENT 'user_id 2',
  `test_que_1` int(11) DEFAULT NULL,
  `test_que_2` int(11) DEFAULT NULL,
  `obtained_scores` decimal(10,2) NOT NULL,
  `max_allowed_scores` decimal(10,2) NOT NULL,
  `final_scores` decimal(10,2) NOT NULL
) ENGINE=InnoDB DEFAULT CHARSET=latin1;

--
-- Dumping data for table `test_ques_comparisons`
--

INSERT INTO `test_ques_comparisons` (`id`, `test_id_1`, `test_id_2`, `test_que_1`, `test_que_2`, `obtained_scores`, `max_allowed_scores`, `final_scores`) VALUES
(1, 1, 2, 1, 15, '0.00', '0.00', '0.00'),
(2, 1, 2, 2, 16, '0.00', '0.00', '0.00'),
(3, 1, 2, 3, 17, '20.00', '20.00', '20.00'),
(4, 1, 2, 4, 18, '0.00', '20.00', '0.00'),
(5, 1, 2, 5, 19, '40.00', '80.00', '40.00'),
(6, 1, 2, 6, 20, '25.00', '40.00', '25.00'),
(7, 1, 2, 7, 21, '45.00', '40.00', '40.00'),
(8, 1, 2, 8, 22, '25.00', '30.00', '25.00'),
(9, 1, 2, 9, 23, '6.75', '9.00', '6.75'),
(10, 1, 2, 10, 24, '20.00', '20.00', '20.00'),
(11, 1, 2, 11, 25, '5.00', '20.00', '5.00'),
(12, 1, 2, 12, 26, '5.00', '20.00', '5.00'),
(13, 1, 2, 13, 27, '45.00', '60.00', '45.00'),
(14, 1, 2, 14, 28, '5.00', '20.00', '5.00'),
(15, 2, 1, 15, 1, '0.00', '0.00', '0.00'),
(16, 2, 1, 16, 2, '0.00', '0.00', '0.00'),
(17, 2, 1, 17, 3, '20.00', '20.00', '20.00'),
(18, 2, 1, 18, 4, '0.00', '20.00', '0.00'),
(19, 2, 1, 19, 5, '40.00', '80.00', '40.00'),
(20, 2, 1, 20, 6, '25.00', '40.00', '25.00'),
(21, 2, 1, 21, 7, '45.00', '40.00', '40.00'),
(22, 2, 1, 22, 8, '25.00', '30.00', '25.00'),
(23, 2, 1, 23, 9, '6.75', '9.00', '6.75'),
(24, 2, 1, 24, 10, '20.00', '20.00', '20.00'),
(25, 2, 1, 25, 11, '5.00', '20.00', '5.00'),
(26, 2, 1, 26, 12, '5.00', '20.00', '5.00'),
(27, 2, 1, 27, 13, '45.00', '60.00', '45.00'),
(28, 2, 1, 28, 14, '5.00', '20.00', '5.00'),
(89, 1, 4, 1, 63, '0.00', '0.00', '0.00'),
(90, 1, 4, 2, 64, '0.00', '0.00', '0.00'),
(91, 1, 4, 3, 65, '20.00', '20.00', '20.00'),
(92, 1, 4, 4, 66, '0.00', '20.00', '0.00'),
(93, 1, 4, 5, 67, '40.00', '80.00', '40.00'),
(94, 1, 4, 6, 68, '40.00', '40.00', '40.00'),
(95, 1, 4, 7, 69, '60.00', '40.00', '40.00'),
(96, 1, 4, 8, 70, '40.00', '30.00', '30.00'),
(97, 1, 4, 9, 71, '9.00', '9.00', '9.00'),
(98, 1, 4, 10, 72, '5.00', '20.00', '5.00'),
(99, 1, 4, 11, 73, '5.00', '20.00', '5.00'),
(100, 1, 4, 12, 74, '20.00', '20.00', '20.00'),
(101, 1, 4, 13, 75, '60.00', '60.00', '60.00'),
(102, 1, 4, 14, 76, '20.00', '20.00', '20.00'),
(103, 2, 4, 15, 63, '0.00', '0.00', '0.00'),
(104, 2, 4, 16, 64, '0.00', '0.00', '0.00'),
(105, 2, 4, 17, 65, '20.00', '20.00', '20.00'),
(106, 2, 4, 18, 66, '20.00', '20.00', '20.00'),
(107, 2, 4, 19, 67, '40.00', '80.00', '40.00'),
(108, 2, 4, 20, 68, '25.00', '40.00', '25.00'),
(109, 2, 4, 21, 69, '45.00', '40.00', '40.00'),
(110, 2, 4, 22, 70, '25.00', '30.00', '25.00'),
(111, 2, 4, 23, 71, '6.75', '9.00', '6.75'),
(112, 2, 4, 24, 72, '5.00', '20.00', '5.00'),
(113, 2, 4, 25, 73, '20.00', '20.00', '20.00'),
(114, 2, 4, 26, 74, '5.00', '20.00', '5.00'),
(115, 2, 4, 27, 75, '45.00', '60.00', '45.00'),
(116, 2, 4, 28, 76, '5.00', '20.00', '5.00'),
(131, 4, 1, 63, 1, '0.00', '0.00', '0.00'),
(132, 4, 1, 64, 2, '0.00', '0.00', '0.00'),
(133, 4, 1, 65, 3, '20.00', '20.00', '20.00'),
(134, 4, 1, 66, 4, '0.00', '20.00', '0.00'),
(135, 4, 1, 67, 5, '40.00', '80.00', '40.00'),
(136, 4, 1, 68, 6, '40.00', '40.00', '40.00'),
(137, 4, 1, 69, 7, '60.00', '40.00', '40.00'),
(138, 4, 1, 70, 8, '40.00', '30.00', '30.00'),
(139, 4, 1, 71, 9, '9.00', '9.00', '9.00'),
(140, 4, 1, 72, 10, '5.00', '20.00', '5.00'),
(141, 4, 1, 73, 11, '5.00', '20.00', '5.00'),
(142, 4, 1, 74, 12, '20.00', '20.00', '20.00'),
(143, 4, 1, 75, 13, '60.00', '60.00', '60.00'),
(144, 4, 1, 76, 14, '20.00', '20.00', '20.00'),
(145, 4, 2, 63, 15, '0.00', '0.00', '0.00'),
(146, 4, 2, 64, 16, '0.00', '0.00', '0.00'),
(147, 4, 2, 65, 17, '20.00', '20.00', '20.00'),
(148, 4, 2, 66, 18, '20.00', '20.00', '20.00'),
(149, 4, 2, 67, 19, '40.00', '80.00', '40.00'),
(150, 4, 2, 68, 20, '25.00', '40.00', '25.00'),
(151, 4, 2, 69, 21, '45.00', '40.00', '40.00'),
(152, 4, 2, 70, 22, '25.00', '30.00', '25.00'),
(153, 4, 2, 71, 23, '6.75', '9.00', '6.75'),
(154, 4, 2, 72, 24, '5.00', '20.00', '5.00'),
(155, 4, 2, 73, 25, '20.00', '20.00', '20.00'),
(156, 4, 2, 74, 26, '5.00', '20.00', '5.00'),
(157, 4, 2, 75, 27, '45.00', '60.00', '45.00'),
(158, 4, 2, 76, 28, '5.00', '20.00', '5.00'),
(173, 2, 4, 29, 77, '60.00', '60.00', '60.00'),
(174, 2, 4, 30, 78, '20.00', '20.00', '20.00'),
(175, 2, 4, 31, 79, '20.00', '20.00', '20.00'),
(176, 2, 4, 32, 80, '20.00', '20.00', '20.00'),
(177, 4, 2, 77, 29, '60.00', '60.00', '60.00'),
(178, 4, 2, 78, 30, '20.00', '20.00', '20.00'),
(179, 4, 2, 79, 31, '20.00', '20.00', '20.00'),
(180, 4, 2, 80, 32, '20.00', '20.00', '20.00'),
(193, 1, 5, 1, 110, '0.00', '0.00', '0.00'),
(194, 1, 5, 2, 111, '0.00', '0.00', '0.00'),
(195, 1, 5, 3, 112, '5.00', '20.00', '5.00'),
(196, 1, 5, 4, 113, '0.00', '20.00', '0.00'),
(197, 1, 5, 5, 114, '20.00', '80.00', '20.00'),
(198, 1, 5, 6, 115, '5.00', '40.00', '5.00'),
(199, 1, 5, 7, 116, '10.00', '40.00', '10.00'),
(200, 1, 5, 8, 117, '5.00', '30.00', '5.00'),
(201, 1, 5, 9, 118, '0.75', '9.00', '0.75'),
(202, 1, 5, 10, 119, '10.00', '20.00', '10.00'),
(203, 1, 5, 11, 120, '20.00', '20.00', '20.00'),
(204, 1, 5, 12, 121, '20.00', '20.00', '20.00'),
(205, 1, 5, 13, 122, '5.00', '60.00', '5.00'),
(206, 1, 5, 14, 123, '5.00', '20.00', '5.00'),
(208, 2, 5, 15, 110, '0.00', '0.00', '0.00'),
(209, 2, 5, 16, 111, '0.00', '0.00', '0.00'),
(210, 2, 5, 17, 112, '5.00', '20.00', '5.00'),
(211, 2, 5, 18, 113, '20.00', '20.00', '20.00'),
(212, 2, 5, 19, 114, '0.00', '80.00', '0.00'),
(213, 2, 5, 20, 115, '5.00', '40.00', '5.00'),
(214, 2, 5, 21, 116, '10.00', '40.00', '10.00'),
(215, 2, 5, 22, 117, '5.00', '30.00', '5.00'),
(216, 2, 5, 23, 118, '0.75', '9.00', '0.75'),
(217, 2, 5, 24, 119, '10.00', '20.00', '10.00'),
(218, 2, 5, 25, 120, '5.00', '20.00', '5.00'),
(219, 2, 5, 26, 121, '5.00', '20.00', '5.00'),
(220, 2, 5, 27, 122, '20.00', '60.00', '20.00'),
(221, 2, 5, 28, 123, '5.00', '20.00', '5.00'),
(239, 4, 5, 63, 110, '0.00', '0.00', '0.00'),
(240, 4, 5, 64, 111, '0.00', '0.00', '0.00'),
(241, 4, 5, 65, 112, '5.00', '20.00', '5.00'),
(242, 4, 5, 66, 113, '20.00', '20.00', '20.00'),
(243, 4, 5, 67, 114, '20.00', '80.00', '20.00'),
(244, 4, 5, 68, 115, '10.00', '40.00', '10.00'),
(245, 4, 5, 69, 116, '10.00', '40.00', '10.00'),
(246, 4, 5, 70, 117, '5.00', '30.00', '5.00'),
(247, 4, 5, 71, 118, '0.75', '9.00', '0.75'),
(248, 4, 5, 72, 119, '5.00', '20.00', '5.00'),
(249, 4, 5, 73, 120, '5.00', '20.00', '5.00'),
(250, 4, 5, 74, 121, '20.00', '20.00', '20.00'),
(251, 4, 5, 75, 122, '5.00', '60.00', '5.00'),
(252, 4, 5, 76, 123, '5.00', '20.00', '5.00'),
(253, 5, 1, 110, 1, '0.00', '0.00', '0.00'),
(254, 5, 1, 111, 2, '0.00', '0.00', '0.00'),
(255, 5, 1, 112, 3, '5.00', '20.00', '5.00'),
(256, 5, 1, 113, 4, '0.00', '20.00', '0.00'),
(257, 5, 1, 114, 5, '20.00', '80.00', '20.00'),
(258, 5, 1, 115, 6, '5.00', '40.00', '5.00'),
(259, 5, 1, 116, 7, '10.00', '40.00', '10.00'),
(260, 5, 1, 117, 8, '5.00', '30.00', '5.00'),
(261, 5, 1, 118, 9, '0.75', '9.00', '0.75'),
(262, 5, 1, 119, 10, '10.00', '20.00', '10.00'),
(263, 5, 1, 120, 11, '20.00', '20.00', '20.00'),
(264, 5, 1, 121, 12, '20.00', '20.00', '20.00'),
(265, 5, 1, 122, 13, '5.00', '60.00', '5.00'),
(266, 5, 1, 123, 14, '5.00', '20.00', '5.00'),
(267, 5, 2, 110, 15, '0.00', '0.00', '0.00'),
(268, 5, 2, 111, 16, '0.00', '0.00', '0.00'),
(269, 5, 2, 112, 17, '5.00', '20.00', '5.00'),
(270, 5, 2, 113, 18, '20.00', '20.00', '20.00'),
(271, 5, 2, 114, 19, '0.00', '80.00', '0.00'),
(272, 5, 2, 115, 20, '5.00', '40.00', '5.00'),
(273, 5, 2, 116, 21, '10.00', '40.00', '10.00'),
(274, 5, 2, 117, 22, '5.00', '30.00', '5.00'),
(275, 5, 2, 118, 23, '0.75', '9.00', '0.75'),
(276, 5, 2, 119, 24, '10.00', '20.00', '10.00'),
(277, 5, 2, 120, 25, '5.00', '20.00', '5.00'),
(278, 5, 2, 121, 26, '5.00', '20.00', '5.00'),
(279, 5, 2, 122, 27, '20.00', '60.00', '20.00'),
(280, 5, 2, 123, 28, '5.00', '20.00', '5.00'),
(295, 5, 4, 110, 63, '0.00', '0.00', '0.00'),
(296, 5, 4, 111, 64, '0.00', '0.00', '0.00'),
(297, 5, 4, 112, 65, '5.00', '20.00', '5.00'),
(298, 5, 4, 113, 66, '20.00', '20.00', '20.00'),
(299, 5, 4, 114, 67, '20.00', '80.00', '20.00'),
(300, 5, 4, 115, 68, '10.00', '40.00', '10.00'),
(301, 5, 4, 116, 69, '10.00', '40.00', '10.00'),
(302, 5, 4, 117, 70, '5.00', '30.00', '5.00'),
(303, 5, 4, 118, 71, '0.75', '9.00', '0.75'),
(304, 5, 4, 119, 72, '5.00', '20.00', '5.00'),
(305, 5, 4, 120, 73, '5.00', '20.00', '5.00'),
(306, 5, 4, 121, 74, '20.00', '20.00', '20.00'),
(307, 5, 4, 122, 75, '5.00', '60.00', '5.00'),
(308, 5, 4, 123, 76, '5.00', '20.00', '5.00'),
(337, 1, 6, 1, 181, '0.00', '0.00', '0.00'),
(338, 1, 6, 2, 182, '0.00', '0.00', '0.00'),
(353, 2, 6, 15, 181, '0.00', '0.00', '0.00'),
(354, 2, 6, 16, 182, '0.00', '0.00', '0.00'),
(369, 4, 6, 63, 181, '0.00', '0.00', '0.00'),
(370, 4, 6, 64, 182, '0.00', '0.00', '0.00'),
(385, 5, 6, 110, 181, '0.00', '0.00', '0.00'),
(386, 5, 6, 111, 182, '0.00', '0.00', '0.00'),
(401, 6, 1, 181, 1, '0.00', '0.00', '0.00'),
(402, 6, 1, 182, 2, '0.00', '0.00', '0.00'),
(403, 6, 2, 181, 15, '0.00', '0.00', '0.00'),
(404, 6, 2, 182, 16, '0.00', '0.00', '0.00'),
(405, 6, 4, 181, 63, '0.00', '0.00', '0.00'),
(406, 6, 4, 182, 64, '0.00', '0.00', '0.00'),
(407, 6, 5, 181, 110, '0.00', '0.00', '0.00'),
(408, 6, 5, 182, 111, '0.00', '0.00', '0.00'),
(485, 1, 6, 3, 203, '10.00', '20.00', '10.00'),
(486, 1, 6, 4, 204, '40.00', '20.00', '20.00'),
(487, 1, 6, 5, 209, '20.00', '80.00', '20.00'),
(488, 1, 6, 6, 210, '30.00', '40.00', '30.00'),
(489, 1, 6, 7, 211, '15.00', '40.00', '15.00'),
(490, 1, 6, 8, 212, '20.00', '30.00', '20.00'),
(491, 1, 6, 9, 213, '3.00', '9.00', '3.00'),
(492, 1, 6, 10, 214, '20.00', '20.00', '20.00'),
(493, 1, 6, 11, 215, '5.00', '20.00', '5.00'),
(494, 1, 6, 12, 216, '20.00', '20.00', '20.00'),
(495, 1, 6, 13, 217, '30.00', '60.00', '30.00'),
(496, 1, 6, 14, 218, '20.00', '20.00', '20.00'),
(497, 2, 6, 17, 203, '10.00', '20.00', '10.00'),
(498, 2, 6, 18, 204, '0.00', '20.00', '0.00'),
(499, 2, 6, 19, 209, '0.00', '80.00', '0.00'),
(500, 2, 6, 20, 210, '25.00', '40.00', '25.00'),
(501, 2, 6, 21, 211, '30.00', '40.00', '30.00'),
(502, 2, 6, 22, 212, '20.00', '30.00', '20.00'),
(503, 2, 6, 23, 213, '3.00', '9.00', '3.00'),
(504, 2, 6, 24, 214, '20.00', '20.00', '20.00'),
(505, 2, 6, 25, 215, '20.00', '20.00', '20.00'),
(506, 2, 6, 26, 216, '5.00', '20.00', '5.00'),
(507, 2, 6, 27, 217, '30.00', '60.00', '30.00'),
(508, 2, 6, 28, 218, '5.00', '20.00', '5.00'),
(509, 4, 6, 65, 203, '10.00', '20.00', '10.00'),
(510, 4, 6, 66, 204, '0.00', '20.00', '0.00'),
(511, 4, 6, 67, 209, '20.00', '80.00', '20.00'),
(512, 4, 6, 68, 210, '30.00', '40.00', '30.00'),
(513, 4, 6, 69, 211, '20.00', '40.00', '20.00'),
(514, 4, 6, 70, 212, '20.00', '30.00', '20.00'),
(515, 4, 6, 71, 213, '3.00', '9.00', '3.00'),
(516, 4, 6, 72, 214, '5.00', '20.00', '5.00'),
(517, 4, 6, 73, 215, '20.00', '20.00', '20.00'),
(518, 4, 6, 74, 216, '20.00', '20.00', '20.00'),
(519, 4, 6, 75, 217, '30.00', '60.00', '30.00'),
(520, 4, 6, 76, 218, '20.00', '20.00', '20.00'),
(521, 5, 6, 112, 203, '40.00', '20.00', '20.00'),
(522, 5, 6, 113, 204, '0.00', '20.00', '0.00'),
(523, 5, 6, 114, 209, '40.00', '80.00', '40.00'),
(524, 5, 6, 115, 210, '20.00', '40.00', '20.00'),
(525, 5, 6, 116, 211, '45.00', '40.00', '40.00'),
(526, 5, 6, 117, 212, '5.00', '30.00', '5.00'),
(527, 5, 6, 118, 213, '0.75', '9.00', '0.75'),
(528, 5, 6, 119, 214, '10.00', '20.00', '10.00'),
(529, 5, 6, 120, 215, '5.00', '20.00', '5.00'),
(530, 5, 6, 121, 216, '20.00', '20.00', '20.00'),
(531, 5, 6, 122, 217, '5.00', '60.00', '5.00'),
(532, 5, 6, 123, 218, '5.00', '20.00', '5.00'),
(533, 6, 1, 203, 3, '10.00', '20.00', '10.00'),
(534, 6, 1, 204, 4, '40.00', '20.00', '20.00'),
(535, 6, 1, 209, 5, '20.00', '80.00', '20.00'),
(536, 6, 1, 210, 6, '30.00', '40.00', '30.00'),
(537, 6, 1, 211, 7, '15.00', '40.00', '15.00'),
(538, 6, 1, 212, 8, '20.00', '30.00', '20.00'),
(539, 6, 1, 213, 9, '3.00', '9.00', '3.00'),
(540, 6, 1, 214, 10, '20.00', '20.00', '20.00'),
(541, 6, 1, 215, 11, '5.00', '20.00', '5.00'),
(542, 6, 1, 216, 12, '20.00', '20.00', '20.00'),
(543, 6, 1, 217, 13, '30.00', '60.00', '30.00'),
(544, 6, 1, 218, 14, '20.00', '20.00', '20.00'),
(545, 6, 2, 203, 17, '10.00', '20.00', '10.00'),
(546, 6, 2, 204, 18, '0.00', '20.00', '0.00'),
(547, 6, 2, 209, 19, '0.00', '80.00', '0.00'),
(548, 6, 2, 210, 20, '25.00', '40.00', '25.00'),
(549, 6, 2, 211, 21, '30.00', '40.00', '30.00'),
(550, 6, 2, 212, 22, '20.00', '30.00', '20.00'),
(551, 6, 2, 213, 23, '3.00', '9.00', '3.00'),
(552, 6, 2, 214, 24, '20.00', '20.00', '20.00'),
(553, 6, 2, 215, 25, '20.00', '20.00', '20.00'),
(554, 6, 2, 216, 26, '5.00', '20.00', '5.00'),
(555, 6, 2, 217, 27, '30.00', '60.00', '30.00'),
(556, 6, 2, 218, 28, '5.00', '20.00', '5.00'),
(557, 6, 4, 203, 65, '10.00', '20.00', '10.00'),
(558, 6, 4, 204, 66, '0.00', '20.00', '0.00'),
(559, 6, 4, 209, 67, '20.00', '80.00', '20.00'),
(560, 6, 4, 210, 68, '30.00', '40.00', '30.00'),
(561, 6, 4, 211, 69, '20.00', '40.00', '20.00'),
(562, 6, 4, 212, 70, '20.00', '30.00', '20.00'),
(563, 6, 4, 213, 71, '3.00', '9.00', '3.00'),
(564, 6, 4, 214, 72, '5.00', '20.00', '5.00'),
(565, 6, 4, 215, 73, '20.00', '20.00', '20.00'),
(566, 6, 4, 216, 74, '20.00', '20.00', '20.00'),
(567, 6, 4, 217, 75, '30.00', '60.00', '30.00'),
(568, 6, 4, 218, 76, '20.00', '20.00', '20.00'),
(569, 6, 5, 203, 112, '40.00', '20.00', '20.00'),
(570, 6, 5, 204, 113, '0.00', '20.00', '0.00'),
(571, 6, 5, 209, 114, '40.00', '80.00', '40.00'),
(572, 6, 5, 210, 115, '20.00', '40.00', '20.00'),
(573, 6, 5, 211, 116, '40.00', '40.00', '40.00'),
(574, 6, 5, 212, 117, '5.00', '30.00', '5.00'),
(575, 6, 5, 213, 118, '0.75', '9.00', '0.75'),
(576, 6, 5, 214, 119, '10.00', '20.00', '10.00'),
(577, 6, 5, 215, 120, '5.00', '20.00', '5.00'),
(578, 6, 5, 216, 121, '20.00', '20.00', '20.00'),
(579, 6, 5, 217, 122, '5.00', '60.00', '5.00'),
(580, 6, 5, 218, 123, '5.00', '20.00', '5.00'),
(619, 2, 6, 29, 219, '50.00', '60.00', '50.00'),
(620, 2, 6, 30, 220, '20.00', '20.00', '20.00'),
(621, 2, 6, 31, 221, '10.00', '20.00', '10.00'),
(636, 4, 6, 77, 219, '50.00', '60.00', '50.00'),
(637, 4, 6, 78, 220, '20.00', '20.00', '20.00'),
(638, 4, 6, 79, 221, '10.00', '20.00', '10.00'),
(667, 6, 2, 219, 29, '45.00', '60.00', '45.00'),
(668, 6, 2, 220, 30, '20.00', '20.00', '20.00'),
(669, 6, 2, 221, 31, '10.00', '20.00', '10.00'),
(670, 6, 4, 219, 77, '45.00', '60.00', '45.00'),
(671, 6, 4, 220, 78, '20.00', '20.00', '20.00'),
(672, 6, 4, 221, 79, '10.00', '20.00', '10.00'),
(833, 1, 9, 1, 260, '0.00', '0.00', '0.00'),
(834, 1, 9, 2, 261, '0.00', '0.00', '0.00'),
(835, 1, 9, 3, 262, '5.00', '20.00', '5.00'),
(836, 1, 9, 4, 263, '0.00', '20.00', '0.00'),
(837, 1, 9, 5, 264, '40.00', '80.00', '40.00'),
(838, 1, 9, 6, 265, '15.00', '40.00', '15.00'),
(839, 1, 9, 7, 266, '45.00', '40.00', '40.00'),
(840, 1, 9, 8, 267, '40.00', '30.00', '30.00'),
(841, 1, 9, 9, 268, '6.75', '9.00', '6.75'),
(842, 1, 9, 10, 269, '10.00', '20.00', '10.00'),
(843, 1, 9, 11, 270, '20.00', '20.00', '20.00'),
(844, 1, 9, 12, 271, '20.00', '20.00', '20.00'),
(845, 1, 9, 13, 272, '45.00', '60.00', '45.00'),
(846, 1, 9, 14, 273, '20.00', '20.00', '20.00'),
(847, 2, 9, 15, 260, '0.00', '0.00', '0.00'),
(848, 2, 9, 16, 261, '0.00', '0.00', '0.00'),
(849, 2, 9, 17, 262, '5.00', '20.00', '5.00'),
(850, 2, 9, 18, 263, '20.00', '20.00', '20.00'),
(851, 2, 9, 19, 264, '0.00', '80.00', '0.00'),
(852, 2, 9, 20, 265, '25.00', '40.00', '25.00'),
(853, 2, 9, 21, 266, '45.00', '40.00', '40.00'),
(854, 2, 9, 22, 267, '25.00', '30.00', '25.00'),
(855, 2, 9, 23, 268, '4.50', '9.00', '4.50'),
(856, 2, 9, 24, 269, '10.00', '20.00', '10.00'),
(857, 2, 9, 25, 270, '5.00', '20.00', '5.00'),
(858, 2, 9, 26, 271, '5.00', '20.00', '5.00'),
(859, 2, 9, 27, 272, '45.00', '60.00', '45.00'),
(860, 2, 9, 28, 273, '5.00', '20.00', '5.00'),
(861, 4, 9, 63, 260, '0.00', '0.00', '0.00'),
(862, 4, 9, 64, 261, '0.00', '0.00', '0.00'),
(863, 4, 9, 65, 262, '5.00', '20.00', '5.00'),
(864, 4, 9, 66, 263, '20.00', '20.00', '20.00'),
(865, 4, 9, 67, 264, '40.00', '80.00', '40.00'),
(866, 4, 9, 68, 265, '10.00', '40.00', '10.00'),
(867, 4, 9, 69, 266, '50.00', '40.00', '40.00'),
(868, 4, 9, 70, 267, '40.00', '30.00', '30.00'),
(869, 4, 9, 71, 268, '6.75', '9.00', '6.75'),
(870, 4, 9, 72, 269, '5.00', '20.00', '5.00'),
(871, 4, 9, 73, 270, '5.00', '20.00', '5.00'),
(872, 4, 9, 74, 271, '20.00', '20.00', '20.00'),
(873, 4, 9, 75, 272, '45.00', '60.00', '45.00'),
(874, 4, 9, 76, 273, '20.00', '20.00', '20.00'),
(875, 5, 9, 110, 260, '0.00', '0.00', '0.00'),
(876, 5, 9, 111, 261, '0.00', '0.00', '0.00'),
(877, 5, 9, 112, 262, '20.00', '20.00', '20.00'),
(878, 5, 9, 113, 263, '20.00', '20.00', '20.00'),
(879, 5, 9, 114, 264, '40.00', '80.00', '40.00'),
(880, 5, 9, 115, 265, '5.00', '40.00', '5.00'),
(881, 5, 9, 116, 266, '25.00', '40.00', '25.00'),
(882, 5, 9, 117, 267, '5.00', '30.00', '5.00'),
(883, 5, 9, 118, 268, '3.00', '9.00', '3.00'),
(884, 5, 9, 119, 269, '20.00', '20.00', '20.00'),
(885, 5, 9, 120, 270, '20.00', '20.00', '20.00'),
(886, 5, 9, 121, 271, '20.00', '20.00', '20.00'),
(887, 5, 9, 122, 272, '20.00', '60.00', '20.00'),
(888, 5, 9, 123, 273, '5.00', '20.00', '5.00'),
(889, 6, 9, 181, 260, '0.00', '0.00', '0.00'),
(890, 6, 9, 182, 261, '0.00', '0.00', '0.00'),
(891, 6, 9, 203, 262, '40.00', '20.00', '20.00'),
(892, 6, 9, 204, 263, '0.00', '20.00', '0.00'),
(893, 6, 9, 209, 264, '40.00', '80.00', '40.00'),
(894, 6, 9, 210, 265, '15.00', '40.00', '15.00'),
(895, 6, 9, 211, 266, '30.00', '40.00', '30.00'),
(896, 6, 9, 212, 267, '20.00', '30.00', '20.00'),
(897, 6, 9, 213, 268, '3.00', '9.00', '3.00'),
(898, 6, 9, 214, 269, '10.00', '20.00', '10.00'),
(899, 6, 9, 215, 270, '5.00', '20.00', '5.00'),
(900, 6, 9, 216, 271, '20.00', '20.00', '20.00'),
(901, 6, 9, 217, 272, '30.00', '60.00', '30.00'),
(902, 6, 9, 218, 273, '20.00', '20.00', '20.00'),
(917, 9, 1, 260, 1, '0.00', '0.00', '0.00'),
(918, 9, 1, 261, 2, '0.00', '0.00', '0.00'),
(919, 9, 1, 262, 3, '5.00', '20.00', '5.00'),
(920, 9, 1, 263, 4, '0.00', '20.00', '0.00'),
(921, 9, 1, 264, 5, '40.00', '80.00', '40.00'),
(922, 9, 1, 265, 6, '15.00', '40.00', '15.00'),
(923, 9, 1, 266, 7, '45.00', '40.00', '40.00'),
(924, 9, 1, 267, 8, '40.00', '30.00', '30.00'),
(925, 9, 1, 268, 9, '6.75', '9.00', '6.75'),
(926, 9, 1, 269, 10, '10.00', '20.00', '10.00'),
(927, 9, 1, 270, 11, '20.00', '20.00', '20.00'),
(928, 9, 1, 271, 12, '20.00', '20.00', '20.00'),
(929, 9, 1, 272, 13, '45.00', '60.00', '45.00'),
(930, 9, 1, 273, 14, '20.00', '20.00', '20.00'),
(931, 9, 2, 260, 15, '0.00', '0.00', '0.00'),
(932, 9, 2, 261, 16, '0.00', '0.00', '0.00'),
(933, 9, 2, 262, 17, '5.00', '20.00', '5.00'),
(934, 9, 2, 263, 18, '20.00', '20.00', '20.00'),
(935, 9, 2, 264, 19, '0.00', '80.00', '0.00'),
(936, 9, 2, 265, 20, '25.00', '40.00', '25.00'),
(937, 9, 2, 266, 21, '45.00', '40.00', '40.00'),
(938, 9, 2, 267, 22, '25.00', '30.00', '25.00'),
(939, 9, 2, 268, 23, '4.50', '9.00', '4.50'),
(940, 9, 2, 269, 24, '10.00', '20.00', '10.00'),
(941, 9, 2, 270, 25, '5.00', '20.00', '5.00'),
(942, 9, 2, 271, 26, '5.00', '20.00', '5.00'),
(943, 9, 2, 272, 27, '45.00', '60.00', '45.00'),
(944, 9, 2, 273, 28, '5.00', '20.00', '5.00'),
(945, 9, 4, 260, 63, '0.00', '0.00', '0.00'),
(946, 9, 4, 261, 64, '0.00', '0.00', '0.00'),
(947, 9, 4, 262, 65, '5.00', '20.00', '5.00'),
(948, 9, 4, 263, 66, '20.00', '20.00', '20.00'),
(949, 9, 4, 264, 67, '40.00', '80.00', '40.00'),
(950, 9, 4, 265, 68, '10.00', '40.00', '10.00'),
(951, 9, 4, 266, 69, '45.00', '40.00', '40.00'),
(952, 9, 4, 267, 70, '40.00', '30.00', '30.00'),
(953, 9, 4, 268, 71, '6.75', '9.00', '6.75'),
(954, 9, 4, 269, 72, '5.00', '20.00', '5.00'),
(955, 9, 4, 270, 73, '5.00', '20.00', '5.00'),
(956, 9, 4, 271, 74, '20.00', '20.00', '20.00'),
(957, 9, 4, 272, 75, '45.00', '60.00', '45.00'),
(958, 9, 4, 273, 76, '20.00', '20.00', '20.00'),
(959, 9, 5, 260, 110, '0.00', '0.00', '0.00'),
(960, 9, 5, 261, 111, '0.00', '0.00', '0.00'),
(961, 9, 5, 262, 112, '20.00', '20.00', '20.00'),
(962, 9, 5, 263, 113, '20.00', '20.00', '20.00'),
(963, 9, 5, 264, 114, '40.00', '80.00', '40.00'),
(964, 9, 5, 265, 115, '5.00', '40.00', '5.00'),
(965, 9, 5, 266, 116, '25.00', '40.00', '25.00'),
(966, 9, 5, 267, 117, '5.00', '30.00', '5.00'),
(967, 9, 5, 268, 118, '3.00', '9.00', '3.00'),
(968, 9, 5, 269, 119, '20.00', '20.00', '20.00'),
(969, 9, 5, 270, 120, '20.00', '20.00', '20.00'),
(970, 9, 5, 271, 121, '20.00', '20.00', '20.00'),
(971, 9, 5, 272, 122, '20.00', '60.00', '20.00'),
(972, 9, 5, 273, 123, '5.00', '20.00', '5.00'),
(973, 9, 6, 260, 181, '0.00', '0.00', '0.00'),
(974, 9, 6, 261, 182, '0.00', '0.00', '0.00'),
(975, 9, 6, 262, 203, '40.00', '20.00', '20.00'),
(976, 9, 6, 263, 204, '0.00', '20.00', '0.00'),
(977, 9, 6, 264, 209, '40.00', '80.00', '40.00'),
(978, 9, 6, 265, 210, '15.00', '40.00', '15.00'),
(979, 9, 6, 266, 211, '30.00', '40.00', '30.00'),
(980, 9, 6, 267, 212, '20.00', '30.00', '20.00'),
(981, 9, 6, 268, 213, '3.00', '9.00', '3.00'),
(982, 9, 6, 269, 214, '10.00', '20.00', '10.00'),
(983, 9, 6, 270, 215, '5.00', '20.00', '5.00'),
(984, 9, 6, 271, 216, '20.00', '20.00', '20.00'),
(985, 9, 6, 272, 217, '30.00', '60.00', '30.00'),
(986, 9, 6, 273, 218, '20.00', '20.00', '20.00'),
(1001, 2, 9, 29, 274, '60.00', '60.00', '60.00'),
(1002, 2, 9, 30, 275, '0.00', '20.00', '0.00'),
(1003, 2, 9, 31, 276, '10.00', '20.00', '10.00'),
(1004, 2, 9, 32, 277, '10.00', '20.00', '10.00'),
(1005, 4, 9, 77, 274, '60.00', '60.00', '60.00'),
(1006, 4, 9, 78, 275, '0.00', '20.00', '0.00'),
(1007, 4, 9, 79, 276, '10.00', '20.00', '10.00'),
(1008, 4, 9, 80, 277, '10.00', '20.00', '10.00'),
(1009, 6, 9, 219, 274, '45.00', '60.00', '45.00'),
(1010, 6, 9, 220, 275, '0.00', '20.00', '0.00'),
(1011, 6, 9, 221, 276, '20.00', '20.00', '20.00'),
(1016, 9, 2, 274, 29, '60.00', '60.00', '60.00'),
(1017, 9, 2, 275, 30, '0.00', '20.00', '0.00'),
(1018, 9, 2, 276, 31, '10.00', '20.00', '10.00'),
(1019, 9, 2, 277, 32, '10.00', '20.00', '10.00'),
(1020, 9, 4, 274, 77, '60.00', '60.00', '60.00'),
(1021, 9, 4, 275, 78, '0.00', '20.00', '0.00'),
(1022, 9, 4, 276, 79, '10.00', '20.00', '10.00'),
(1023, 9, 4, 277, 80, '10.00', '20.00', '10.00'),
(1024, 9, 6, 274, 219, '50.00', '60.00', '50.00'),
(1025, 9, 6, 275, 220, '0.00', '20.00', '0.00'),
(1026, 9, 6, 276, 221, '20.00', '20.00', '20.00'),
(1695, 1, 6, 5, 333, '100.00', '80.00', '80.00'),
(1696, 1, 6, 7, 335, '35.00', '40.00', '35.00'),
(1697, 2, 6, 19, 333, '40.00', '80.00', '40.00'),
(1699, 4, 6, 67, 333, '60.00', '80.00', '60.00'),
(1700, 4, 6, 69, 335, '40.00', '40.00', '40.00'),
(1702, 5, 6, 119, 338, '30.00', '20.00', '20.00'),
(1703, 5, 6, 122, 341, '25.00', '60.00', '25.00'),
(1704, 6, 1, 333, 5, '100.00', '80.00', '80.00'),
(1705, 6, 1, 335, 7, '35.00', '40.00', '35.00'),
(1706, 6, 2, 333, 19, '40.00', '80.00', '40.00'),
(1707, 6, 4, 333, 67, '60.00', '80.00', '60.00'),
(1708, 6, 4, 335, 69, '40.00', '40.00', '40.00'),
(1709, 6, 5, 338, 119, '30.00', '20.00', '20.00'),
(1710, 6, 5, 341, 122, '25.00', '60.00', '25.00'),
(1713, 6, 9, 338, 269, '30.00', '20.00', '20.00'),
(1722, 9, 6, 269, 338, '30.00', '20.00', '20.00'),
(1733, 2, 6, 32, 346, '0.00', '20.00', '0.00'),
(1734, 4, 6, 80, 346, '0.00', '20.00', '0.00'),
(1735, 6, 2, 346, 32, '0.00', '20.00', '0.00'),
(1736, 6, 4, 346, 80, '0.00', '20.00', '0.00'),
(1739, 6, 9, 346, 277, '10.00', '20.00', '10.00'),
(1742, 9, 6, 277, 346, '10.00', '20.00', '10.00'),
(1743, 1, 13, 1, 347, '0.00', '0.00', '0.00'),
(1744, 1, 13, 2, 348, '0.00', '0.00', '0.00'),
(1745, 1, 13, 3, 349, '5.00', '20.00', '5.00'),
(1746, 1, 13, 4, 350, '20.00', '20.00', '20.00'),
(1747, 1, 13, 5, 351, '60.00', '80.00', '60.00'),
(1748, 1, 13, 6, 352, '20.00', '40.00', '20.00'),
(1749, 1, 13, 7, 353, '35.00', '40.00', '35.00'),
(1750, 1, 13, 8, 354, '25.00', '30.00', '25.00'),
(1751, 1, 13, 9, 355, '9.00', '9.00', '9.00'),
(1752, 1, 13, 10, 356, '5.00', '20.00', '5.00'),
(1753, 1, 13, 11, 357, '20.00', '20.00', '20.00'),
(1754, 1, 13, 12, 358, '20.00', '20.00', '20.00'),
(1755, 1, 13, 13, 359, '60.00', '60.00', '60.00'),
(1756, 1, 13, 14, 360, '20.00', '20.00', '20.00'),
(1757, 2, 13, 15, 347, '0.00', '0.00', '0.00'),
(1758, 2, 13, 16, 348, '0.00', '0.00', '0.00'),
(1759, 2, 13, 17, 349, '5.00', '20.00', '5.00'),
(1760, 2, 13, 18, 350, '0.00', '20.00', '0.00'),
(1761, 2, 13, 19, 351, '40.00', '80.00', '40.00'),
(1762, 2, 13, 20, 352, '25.00', '40.00', '25.00'),
(1763, 2, 13, 21, 353, '45.00', '40.00', '40.00'),
(1764, 2, 13, 22, 354, '40.00', '30.00', '30.00'),
(1765, 2, 13, 23, 355, '6.75', '9.00', '6.75'),
(1766, 2, 13, 24, 356, '5.00', '20.00', '5.00'),
(1767, 2, 13, 25, 357, '5.00', '20.00', '5.00'),
(1768, 2, 13, 26, 358, '5.00', '20.00', '5.00'),
(1769, 2, 13, 27, 359, '45.00', '60.00', '45.00'),
(1770, 2, 13, 28, 360, '5.00', '20.00', '5.00'),
(1771, 4, 13, 63, 347, '0.00', '0.00', '0.00'),
(1772, 4, 13, 64, 348, '0.00', '0.00', '0.00'),
(1773, 4, 13, 65, 349, '5.00', '20.00', '5.00'),
(1774, 4, 13, 66, 350, '0.00', '20.00', '0.00'),
(1775, 4, 13, 67, 351, '0.00', '80.00', '0.00'),
(1776, 4, 13, 68, 352, '10.00', '40.00', '10.00'),
(1777, 4, 13, 69, 353, '30.00', '40.00', '30.00'),
(1778, 4, 13, 70, 354, '25.00', '30.00', '25.00'),
(1779, 4, 13, 71, 355, '9.00', '9.00', '9.00'),
(1780, 4, 13, 72, 356, '20.00', '20.00', '20.00'),
(1781, 4, 13, 73, 357, '5.00', '20.00', '5.00'),
(1782, 4, 13, 74, 358, '20.00', '20.00', '20.00'),
(1783, 4, 13, 75, 359, '60.00', '60.00', '60.00'),
(1784, 4, 13, 76, 360, '20.00', '20.00', '20.00'),
(1785, 5, 13, 110, 347, '0.00', '0.00', '0.00'),
(1786, 5, 13, 111, 348, '0.00', '0.00', '0.00'),
(1787, 5, 13, 112, 349, '20.00', '20.00', '20.00'),
(1788, 5, 13, 113, 350, '0.00', '20.00', '0.00'),
(1789, 5, 13, 114, 351, '40.00', '80.00', '40.00'),
(1790, 5, 13, 115, 352, '20.00', '40.00', '20.00'),
(1791, 5, 13, 116, 353, '25.00', '40.00', '25.00'),
(1792, 5, 13, 117, 354, '5.00', '30.00', '5.00'),
(1793, 5, 13, 118, 355, '0.75', '9.00', '0.75'),
(1794, 5, 13, 119, 356, '5.00', '20.00', '5.00'),
(1795, 5, 13, 120, 357, '20.00', '20.00', '20.00'),
(1796, 5, 13, 121, 358, '20.00', '20.00', '20.00'),
(1797, 5, 13, 122, 359, '5.00', '60.00', '5.00'),
(1798, 5, 13, 123, 360, '5.00', '20.00', '5.00'),
(1799, 6, 13, 181, 347, '0.00', '0.00', '0.00'),
(1800, 6, 13, 182, 348, '0.00', '0.00', '0.00'),
(1801, 6, 13, 203, 349, '50.00', '20.00', '20.00'),
(1802, 6, 13, 204, 350, '40.00', '20.00', '20.00'),
(1803, 6, 13, 209, 351, '100.00', '80.00', '80.00'),
(1804, 6, 13, 210, 352, '35.00', '40.00', '35.00'),
(1805, 6, 13, 211, 353, '70.00', '40.00', '40.00'),
(1806, 6, 13, 212, 354, '50.00', '30.00', '30.00'),
(1807, 6, 13, 213, 355, '9.75', '9.00', '9.00'),
(1808, 6, 13, 214, 356, '5.00', '20.00', '5.00'),
(1809, 6, 13, 215, 357, '5.00', '20.00', '5.00'),
(1810, 6, 13, 216, 358, '40.00', '20.00', '20.00'),
(1811, 6, 13, 217, 359, '50.00', '60.00', '50.00'),
(1812, 6, 13, 218, 360, '20.00', '20.00', '20.00'),
(1827, 9, 13, 260, 347, '0.00', '0.00', '0.00'),
(1828, 9, 13, 261, 348, '0.00', '0.00', '0.00'),
(1829, 9, 13, 262, 349, '20.00', '20.00', '20.00'),
(1830, 9, 13, 263, 350, '0.00', '20.00', '0.00'),
(1831, 9, 13, 264, 351, '40.00', '80.00', '40.00'),
(1832, 9, 13, 265, 352, '25.00', '40.00', '25.00'),
(1833, 9, 13, 266, 353, '45.00', '40.00', '40.00'),
(1834, 9, 13, 267, 354, '25.00', '30.00', '25.00'),
(1835, 9, 13, 268, 355, '6.75', '9.00', '6.75'),
(1836, 9, 13, 269, 356, '5.00', '20.00', '5.00'),
(1837, 9, 13, 270, 357, '20.00', '20.00', '20.00'),
(1838, 9, 13, 271, 358, '20.00', '20.00', '20.00'),
(1839, 9, 13, 272, 359, '45.00', '60.00', '45.00'),
(1840, 9, 13, 273, 360, '20.00', '20.00', '20.00'),
(1855, 13, 1, 347, 1, '0.00', '0.00', '0.00'),
(1856, 13, 1, 348, 2, '0.00', '0.00', '0.00'),
(1857, 13, 1, 349, 3, '5.00', '20.00', '5.00'),
(1858, 13, 1, 350, 4, '20.00', '20.00', '20.00'),
(1859, 13, 1, 351, 5, '60.00', '80.00', '60.00'),
(1860, 13, 1, 352, 6, '20.00', '40.00', '20.00'),
(1861, 13, 1, 353, 7, '35.00', '40.00', '35.00'),
(1862, 13, 1, 354, 8, '25.00', '30.00', '25.00'),
(1863, 13, 1, 355, 9, '9.00', '9.00', '9.00'),
(1864, 13, 1, 356, 10, '5.00', '20.00', '5.00'),
(1865, 13, 1, 357, 11, '20.00', '20.00', '20.00'),
(1866, 13, 1, 358, 12, '20.00', '20.00', '20.00'),
(1867, 13, 1, 359, 13, '60.00', '60.00', '60.00'),
(1868, 13, 1, 360, 14, '20.00', '20.00', '20.00'),
(1869, 13, 2, 347, 15, '0.00', '0.00', '0.00'),
(1870, 13, 2, 348, 16, '0.00', '0.00', '0.00'),
(1871, 13, 2, 349, 17, '5.00', '20.00', '5.00'),
(1872, 13, 2, 350, 18, '0.00', '20.00', '0.00'),
(1873, 13, 2, 351, 19, '40.00', '80.00', '40.00'),
(1874, 13, 2, 352, 20, '25.00', '40.00', '25.00'),
(1875, 13, 2, 353, 21, '45.00', '40.00', '40.00'),
(1876, 13, 2, 354, 22, '40.00', '30.00', '30.00'),
(1877, 13, 2, 355, 23, '6.75', '9.00', '6.75'),
(1878, 13, 2, 356, 24, '5.00', '20.00', '5.00'),
(1879, 13, 2, 357, 25, '5.00', '20.00', '5.00'),
(1880, 13, 2, 358, 26, '5.00', '20.00', '5.00'),
(1881, 13, 2, 359, 27, '45.00', '60.00', '45.00'),
(1882, 13, 2, 360, 28, '5.00', '20.00', '5.00'),
(1883, 13, 4, 347, 63, '0.00', '0.00', '0.00'),
(1884, 13, 4, 348, 64, '0.00', '0.00', '0.00'),
(1885, 13, 4, 349, 65, '5.00', '20.00', '5.00'),
(1886, 13, 4, 350, 66, '0.00', '20.00', '0.00'),
(1887, 13, 4, 351, 67, '0.00', '80.00', '0.00'),
(1888, 13, 4, 352, 68, '10.00', '40.00', '10.00'),
(1889, 13, 4, 353, 69, '30.00', '40.00', '30.00'),
(1890, 13, 4, 354, 70, '25.00', '30.00', '25.00'),
(1891, 13, 4, 355, 71, '9.00', '9.00', '9.00'),
(1892, 13, 4, 356, 72, '20.00', '20.00', '20.00'),
(1893, 13, 4, 357, 73, '5.00', '20.00', '5.00'),
(1894, 13, 4, 358, 74, '20.00', '20.00', '20.00'),
(1895, 13, 4, 359, 75, '60.00', '60.00', '60.00'),
(1896, 13, 4, 360, 76, '20.00', '20.00', '20.00'),
(1897, 13, 5, 347, 110, '0.00', '0.00', '0.00'),
(1898, 13, 5, 348, 111, '0.00', '0.00', '0.00'),
(1899, 13, 5, 349, 112, '20.00', '20.00', '20.00'),
(1900, 13, 5, 350, 113, '0.00', '20.00', '0.00'),
(1901, 13, 5, 351, 114, '40.00', '80.00', '40.00'),
(1902, 13, 5, 352, 115, '20.00', '40.00', '20.00'),
(1903, 13, 5, 353, 116, '25.00', '40.00', '25.00'),
(1904, 13, 5, 354, 117, '5.00', '30.00', '5.00'),
(1905, 13, 5, 355, 118, '0.75', '9.00', '0.75'),
(1906, 13, 5, 356, 119, '5.00', '20.00', '5.00'),
(1907, 13, 5, 357, 120, '20.00', '20.00', '20.00'),
(1908, 13, 5, 358, 121, '20.00', '20.00', '20.00'),
(1909, 13, 5, 359, 122, '5.00', '60.00', '5.00'),
(1910, 13, 5, 360, 123, '5.00', '20.00', '5.00'),
(1911, 13, 6, 347, 181, '0.00', '0.00', '0.00'),
(1912, 13, 6, 348, 182, '0.00', '0.00', '0.00'),
(1913, 13, 6, 349, 203, '50.00', '20.00', '20.00'),
(1914, 13, 6, 350, 204, '40.00', '20.00', '20.00'),
(1915, 13, 6, 351, 209, '100.00', '80.00', '80.00'),
(1916, 13, 6, 352, 210, '35.00', '40.00', '35.00'),
(1917, 13, 6, 353, 211, '70.00', '40.00', '40.00'),
(1918, 13, 6, 354, 212, '50.00', '30.00', '30.00'),
(1919, 13, 6, 355, 213, '9.00', '9.00', '9.00'),
(1920, 13, 6, 356, 214, '5.00', '20.00', '5.00'),
(1921, 13, 6, 357, 215, '5.00', '20.00', '5.00'),
(1922, 13, 6, 358, 216, '40.00', '20.00', '20.00'),
(1923, 13, 6, 359, 217, '50.00', '60.00', '50.00'),
(1924, 13, 6, 360, 218, '20.00', '20.00', '20.00'),
(1939, 13, 9, 347, 260, '0.00', '0.00', '0.00'),
(1940, 13, 9, 348, 261, '0.00', '0.00', '0.00'),
(1941, 13, 9, 349, 262, '20.00', '20.00', '20.00'),
(1942, 13, 9, 350, 263, '0.00', '20.00', '0.00'),
(1943, 13, 9, 351, 264, '40.00', '80.00', '40.00'),
(1944, 13, 9, 352, 265, '25.00', '40.00', '25.00'),
(1945, 13, 9, 353, 266, '45.00', '40.00', '40.00'),
(1946, 13, 9, 354, 267, '25.00', '30.00', '25.00'),
(1947, 13, 9, 355, 268, '6.75', '9.00', '6.75'),
(1948, 13, 9, 356, 269, '5.00', '20.00', '5.00'),
(1949, 13, 9, 357, 270, '20.00', '20.00', '20.00'),
(1950, 13, 9, 358, 271, '20.00', '20.00', '20.00'),
(1951, 13, 9, 359, 272, '45.00', '60.00', '45.00'),
(1952, 13, 9, 360, 273, '20.00', '20.00', '20.00'),
(1967, 2, 13, 29, 361, '60.00', '60.00', '60.00'),
(1968, 2, 13, 30, 362, '20.00', '20.00', '20.00'),
(1969, 2, 13, 31, 363, '20.00', '20.00', '20.00'),
(1970, 2, 13, 32, 364, '20.00', '20.00', '20.00'),
(1971, 4, 13, 77, 361, '60.00', '60.00', '60.00'),
(1972, 4, 13, 78, 362, '20.00', '20.00', '20.00'),
(1973, 4, 13, 79, 363, '20.00', '20.00', '20.00'),
(1974, 4, 13, 80, 364, '20.00', '20.00', '20.00'),
(1975, 6, 13, 219, 361, '50.00', '60.00', '50.00'),
(1976, 6, 13, 220, 362, '20.00', '20.00', '20.00'),
(1977, 6, 13, 221, 363, '10.00', '20.00', '10.00'),
(1978, 6, 13, 346, 364, '0.00', '20.00', '0.00'),
(1983, 9, 13, 274, 361, '60.00', '60.00', '60.00'),
(1984, 9, 13, 275, 362, '0.00', '20.00', '0.00'),
(1985, 9, 13, 276, 363, '10.00', '20.00', '10.00'),
(1986, 9, 13, 277, 364, '10.00', '20.00', '10.00'),
(1988, 13, 2, 361, 29, '60.00', '60.00', '60.00'),
(1989, 13, 2, 362, 30, '20.00', '20.00', '20.00'),
(1990, 13, 2, 363, 31, '20.00', '20.00', '20.00'),
(1991, 13, 2, 364, 32, '20.00', '20.00', '20.00'),
(1992, 13, 4, 361, 77, '60.00', '60.00', '60.00'),
(1993, 13, 4, 362, 78, '20.00', '20.00', '20.00'),
(1994, 13, 4, 363, 79, '20.00', '20.00', '20.00'),
(1995, 13, 4, 364, 80, '20.00', '20.00', '20.00'),
(1996, 13, 6, 361, 219, '50.00', '60.00', '50.00'),
(1997, 13, 6, 362, 220, '20.00', '20.00', '20.00'),
(1998, 13, 6, 363, 221, '10.00', '20.00', '10.00'),
(1999, 13, 6, 364, 346, '0.00', '20.00', '0.00'),
(2004, 13, 9, 361, 274, '60.00', '60.00', '60.00'),
(2005, 13, 9, 362, 275, '0.00', '20.00', '0.00'),
(2006, 13, 9, 363, 276, '10.00', '20.00', '10.00'),
(2007, 13, 9, 364, 277, '10.00', '20.00', '10.00'),
(2275, 1, 15, 1, 383, '0.00', '0.00', '0.00'),
(2276, 1, 15, 2, 386, '0.00', '0.00', '0.00'),
(2277, 1, 15, 3, 387, '20.00', '20.00', '20.00'),
(2278, 1, 15, 4, 388, '20.00', '20.00', '20.00'),
(2279, 1, 15, 5, 389, '40.00', '80.00', '40.00'),
(2280, 1, 15, 6, 390, '10.00', '40.00', '10.00'),
(2281, 1, 15, 7, 391, '20.00', '40.00', '20.00'),
(2282, 1, 15, 8, 392, '5.00', '30.00', '5.00'),
(2283, 1, 15, 9, 393, '3.00', '9.00', '3.00'),
(2284, 1, 15, 10, 394, '10.00', '20.00', '10.00'),
(2285, 1, 15, 11, 395, '0.00', '20.00', '0.00'),
(2286, 1, 15, 12, 396, '5.00', '20.00', '5.00'),
(2287, 1, 15, 13, 397, '5.00', '60.00', '5.00'),
(2288, 1, 15, 14, 398, '5.00', '20.00', '5.00'),
(2289, 2, 15, 15, 385, '0.00', '0.00', '0.00'),
(2290, 2, 15, 16, 386, '0.00', '0.00', '0.00'),
(2291, 2, 15, 17, 387, '20.00', '20.00', '20.00'),
(2292, 2, 15, 18, 388, '0.00', '20.00', '0.00'),
(2293, 2, 15, 19, 389, '0.00', '80.00', '0.00'),
(2294, 2, 15, 20, 390, '20.00', '40.00', '20.00'),
(2295, 2, 15, 21, 391, '20.00', '40.00', '20.00'),
(2296, 2, 15, 22, 392, '20.00', '30.00', '20.00'),
(2297, 2, 15, 23, 393, '3.00', '9.00', '3.00'),
(2298, 2, 15, 24, 394, '10.00', '20.00', '10.00'),
(2299, 2, 15, 25, 395, '0.00', '20.00', '0.00'),
(2300, 2, 15, 26, 396, '5.00', '20.00', '5.00'),
(2301, 2, 15, 27, 397, '20.00', '60.00', '20.00'),
(2302, 2, 15, 28, 398, '5.00', '20.00', '5.00'),
(2303, 4, 15, 63, 385, '0.00', '0.00', '0.00'),
(2304, 4, 15, 64, 386, '0.00', '0.00', '0.00'),
(2305, 4, 15, 65, 387, '20.00', '20.00', '20.00'),
(2306, 4, 15, 66, 388, '0.00', '20.00', '0.00'),
(2307, 4, 15, 67, 389, '40.00', '80.00', '40.00'),
(2308, 4, 15, 68, 390, '5.00', '40.00', '5.00'),
(2309, 4, 15, 69, 391, '20.00', '40.00', '20.00'),
(2310, 4, 15, 70, 392, '5.00', '30.00', '5.00'),
(2311, 4, 15, 71, 393, '3.00', '9.00', '3.00'),
(2312, 4, 15, 72, 394, '5.00', '20.00', '5.00'),
(2313, 4, 15, 73, 395, '0.00', '20.00', '0.00'),
(2314, 4, 15, 74, 396, '5.00', '20.00', '5.00'),
(2315, 4, 15, 75, 397, '5.00', '60.00', '5.00'),
(2316, 4, 15, 76, 398, '5.00', '20.00', '5.00'),
(2317, 5, 15, 110, 385, '0.00', '0.00', '0.00'),
(2318, 5, 15, 111, 386, '0.00', '0.00', '0.00'),
(2319, 5, 15, 112, 387, '5.00', '20.00', '5.00'),
(2320, 5, 15, 113, 388, '0.00', '20.00', '0.00'),
(2321, 5, 15, 114, 389, '20.00', '80.00', '20.00'),
(2322, 5, 15, 115, 390, '5.00', '40.00', '5.00'),
(2323, 5, 15, 116, 391, '5.00', '40.00', '5.00'),
(2324, 5, 15, 117, 392, '5.00', '30.00', '5.00'),
(2325, 5, 15, 118, 393, '0.75', '9.00', '0.75'),
(2326, 5, 15, 119, 394, '20.00', '20.00', '20.00'),
(2327, 5, 15, 120, 395, '0.00', '20.00', '0.00'),
(2328, 5, 15, 121, 396, '5.00', '20.00', '5.00'),
(2329, 5, 15, 122, 397, '20.00', '60.00', '20.00'),
(2330, 5, 15, 123, 398, '20.00', '20.00', '20.00'),
(2331, 6, 15, 181, 385, '0.00', '0.00', '0.00'),
(2332, 6, 15, 182, 386, '0.00', '0.00', '0.00'),
(2333, 6, 15, 203, 387, '15.00', '20.00', '15.00'),
(2334, 6, 15, 204, 388, '40.00', '20.00', '20.00'),
(2335, 6, 15, 333, 389, '60.00', '80.00', '60.00'),
(2336, 6, 15, 210, 390, '10.00', '40.00', '10.00'),
(2337, 6, 15, 211, 391, '5.00', '40.00', '5.00'),
(2338, 6, 15, 336, 392, '25.00', '30.00', '25.00'),
(2339, 6, 15, 213, 393, '0.75', '9.00', '0.75'),
(2340, 6, 15, 338, 394, '30.00', '20.00', '20.00'),
(2341, 6, 15, 339, 395, '20.00', '20.00', '20.00'),
(2342, 6, 15, 216, 396, '5.00', '20.00', '5.00'),
(2343, 6, 15, 341, 397, '25.00', '60.00', '25.00'),
(2344, 6, 15, 218, 398, '5.00', '20.00', '5.00'),
(2345, 9, 15, 260, 385, '0.00', '0.00', '0.00'),
(2346, 9, 15, 261, 386, '0.00', '0.00', '0.00'),
(2347, 9, 15, 262, 387, '5.00', '20.00', '5.00'),
(2348, 9, 15, 263, 388, '0.00', '20.00', '0.00'),
(2349, 9, 15, 264, 389, '40.00', '80.00', '40.00'),
(2350, 9, 15, 265, 390, '20.00', '40.00', '20.00'),
(2351, 9, 15, 266, 391, '20.00', '40.00', '20.00'),
(2352, 9, 15, 267, 392, '5.00', '30.00', '5.00'),
(2353, 9, 15, 268, 393, '0.75', '9.00', '0.75'),
(2354, 9, 15, 269, 394, '20.00', '20.00', '20.00'),
(2355, 9, 15, 270, 395, '0.00', '20.00', '0.00'),
(2356, 9, 15, 271, 396, '5.00', '20.00', '5.00'),
(2357, 9, 15, 272, 397, '20.00', '60.00', '20.00'),
(2358, 9, 15, 273, 398, '5.00', '20.00', '5.00'),
(2373, 13, 15, 347, 385, '0.00', '0.00', '0.00'),
(2374, 13, 15, 348, 386, '0.00', '0.00', '0.00'),
(2375, 13, 15, 349, 387, '5.00', '20.00', '5.00'),
(2376, 13, 15, 350, 388, '20.00', '20.00', '20.00'),
(2377, 13, 15, 351, 389, '0.00', '80.00', '0.00'),
(2378, 13, 15, 352, 390, '20.00', '40.00', '20.00'),
(2379, 13, 15, 353, 391, '20.00', '40.00', '20.00'),
(2380, 13, 15, 354, 392, '20.00', '30.00', '20.00'),
(2381, 13, 15, 355, 393, '3.00', '9.00', '3.00'),
(2382, 13, 15, 356, 394, '5.00', '20.00', '5.00'),
(2383, 13, 15, 357, 395, '0.00', '20.00', '0.00'),
(2384, 13, 15, 358, 396, '5.00', '20.00', '5.00'),
(2385, 13, 15, 359, 397, '5.00', '60.00', '5.00'),
(2386, 13, 15, 360, 398, '5.00', '20.00', '5.00'),
(2401, 15, 1, 383, 1, '0.00', '0.00', '0.00'),
(2402, 15, 1, 386, 2, '0.00', '0.00', '0.00'),
(2403, 15, 1, 387, 3, '20.00', '20.00', '20.00'),
(2404, 15, 1, 388, 4, '20.00', '20.00', '20.00'),
(2405, 15, 1, 389, 5, '40.00', '80.00', '40.00'),
(2406, 15, 1, 390, 6, '10.00', '40.00', '10.00'),
(2407, 15, 1, 391, 7, '20.00', '40.00', '20.00'),
(2408, 15, 1, 392, 8, '5.00', '30.00', '5.00'),
(2409, 15, 1, 393, 9, '3.00', '9.00', '3.00'),
(2410, 15, 1, 394, 10, '10.00', '20.00', '10.00'),
(2411, 15, 1, 395, 11, '0.00', '20.00', '0.00'),
(2412, 15, 1, 396, 12, '5.00', '20.00', '5.00'),
(2413, 15, 1, 397, 13, '5.00', '60.00', '5.00'),
(2414, 15, 1, 398, 14, '5.00', '20.00', '5.00'),
(2415, 15, 2, 385, 15, '0.00', '0.00', '0.00'),
(2416, 15, 2, 386, 16, '0.00', '0.00', '0.00'),
(2417, 15, 2, 387, 17, '20.00', '20.00', '20.00'),
(2418, 15, 2, 388, 18, '0.00', '20.00', '0.00'),
(2419, 15, 2, 389, 19, '0.00', '80.00', '0.00'),
(2420, 15, 2, 390, 20, '20.00', '40.00', '20.00'),
(2421, 15, 2, 391, 21, '20.00', '40.00', '20.00'),
(2422, 15, 2, 392, 22, '20.00', '30.00', '20.00'),
(2423, 15, 2, 393, 23, '3.00', '9.00', '3.00'),
(2424, 15, 2, 394, 24, '10.00', '20.00', '10.00'),
(2425, 15, 2, 395, 25, '0.00', '20.00', '0.00'),
(2426, 15, 2, 396, 26, '5.00', '20.00', '5.00'),
(2427, 15, 2, 397, 27, '20.00', '60.00', '20.00'),
(2428, 15, 2, 398, 28, '5.00', '20.00', '5.00'),
(2429, 15, 4, 385, 63, '0.00', '0.00', '0.00'),
(2430, 15, 4, 386, 64, '0.00', '0.00', '0.00'),
(2431, 15, 4, 387, 65, '20.00', '20.00', '20.00'),
(2432, 15, 4, 388, 66, '0.00', '20.00', '0.00'),
(2433, 15, 4, 389, 67, '40.00', '80.00', '40.00'),
(2434, 15, 4, 390, 68, '5.00', '40.00', '5.00'),
(2435, 15, 4, 391, 69, '20.00', '40.00', '20.00'),
(2436, 15, 4, 392, 70, '5.00', '30.00', '5.00'),
(2437, 15, 4, 393, 71, '3.00', '9.00', '3.00'),
(2438, 15, 4, 394, 72, '5.00', '20.00', '5.00'),
(2439, 15, 4, 395, 73, '0.00', '20.00', '0.00'),
(2440, 15, 4, 396, 74, '5.00', '20.00', '5.00'),
(2441, 15, 4, 397, 75, '5.00', '60.00', '5.00'),
(2442, 15, 4, 398, 76, '5.00', '20.00', '5.00'),
(2443, 15, 5, 385, 110, '0.00', '0.00', '0.00'),
(2444, 15, 5, 386, 111, '0.00', '0.00', '0.00'),
(2445, 15, 5, 387, 112, '5.00', '20.00', '5.00'),
(2446, 15, 5, 388, 113, '0.00', '20.00', '0.00'),
(2447, 15, 5, 389, 114, '20.00', '80.00', '20.00'),
(2448, 15, 5, 390, 115, '5.00', '40.00', '5.00'),
(2449, 15, 5, 391, 116, '5.00', '40.00', '5.00'),
(2450, 15, 5, 392, 117, '5.00', '30.00', '5.00'),
(2451, 15, 5, 393, 118, '0.75', '9.00', '0.75'),
(2452, 15, 5, 394, 119, '20.00', '20.00', '20.00'),
(2453, 15, 5, 395, 120, '0.00', '20.00', '0.00'),
(2454, 15, 5, 396, 121, '5.00', '20.00', '5.00'),
(2455, 15, 5, 397, 122, '20.00', '60.00', '20.00'),
(2456, 15, 5, 398, 123, '20.00', '20.00', '20.00'),
(2457, 15, 6, 385, 181, '0.00', '0.00', '0.00'),
(2458, 15, 6, 386, 182, '0.00', '0.00', '0.00'),
(2459, 15, 6, 387, 203, '15.00', '20.00', '15.00'),
(2460, 15, 6, 388, 204, '40.00', '20.00', '20.00'),
(2461, 15, 6, 389, 333, '60.00', '80.00', '60.00'),
(2462, 15, 6, 390, 210, '10.00', '40.00', '10.00'),
(2463, 15, 6, 391, 211, '5.00', '40.00', '5.00'),
(2464, 15, 6, 392, 336, '25.00', '30.00', '25.00'),
(2465, 15, 6, 393, 213, '0.75', '9.00', '0.75'),
(2466, 15, 6, 394, 338, '30.00', '20.00', '20.00'),
(2467, 15, 6, 395, 339, '20.00', '20.00', '20.00'),
(2468, 15, 6, 396, 216, '5.00', '20.00', '5.00'),
(2469, 15, 6, 397, 341, '25.00', '60.00', '25.00'),
(2470, 15, 6, 398, 218, '5.00', '20.00', '5.00'),
(2471, 15, 9, 385, 260, '0.00', '0.00', '0.00'),
(2472, 15, 9, 386, 261, '0.00', '0.00', '0.00'),
(2473, 15, 9, 387, 262, '5.00', '20.00', '5.00'),
(2474, 15, 9, 388, 263, '0.00', '20.00', '0.00'),
(2475, 15, 9, 389, 264, '40.00', '80.00', '40.00'),
(2476, 15, 9, 390, 265, '20.00', '40.00', '20.00'),
(2477, 15, 9, 391, 266, '20.00', '40.00', '20.00'),
(2478, 15, 9, 392, 267, '5.00', '30.00', '5.00'),
(2479, 15, 9, 393, 268, '0.75', '9.00', '0.75'),
(2480, 15, 9, 394, 269, '20.00', '20.00', '20.00'),
(2481, 15, 9, 395, 270, '0.00', '20.00', '0.00'),
(2482, 15, 9, 396, 271, '5.00', '20.00', '5.00'),
(2483, 15, 9, 397, 272, '20.00', '60.00', '20.00'),
(2484, 15, 9, 398, 273, '5.00', '20.00', '5.00'),
(2499, 15, 13, 385, 347, '0.00', '0.00', '0.00'),
(2500, 15, 13, 386, 348, '0.00', '0.00', '0.00'),
(2501, 15, 13, 387, 349, '5.00', '20.00', '5.00'),
(2502, 15, 13, 388, 350, '20.00', '20.00', '20.00'),
(2503, 15, 13, 389, 351, '0.00', '80.00', '0.00'),
(2504, 15, 13, 390, 352, '20.00', '40.00', '20.00'),
(2505, 15, 13, 391, 353, '20.00', '40.00', '20.00'),
(2506, 15, 13, 392, 354, '20.00', '30.00', '20.00'),
(2507, 15, 13, 393, 355, '3.00', '9.00', '3.00'),
(2508, 15, 13, 394, 356, '5.00', '20.00', '5.00'),
(2509, 15, 13, 395, 357, '0.00', '20.00', '0.00'),
(2510, 15, 13, 396, 358, '5.00', '20.00', '5.00'),
(2511, 15, 13, 397, 359, '5.00', '60.00', '5.00'),
(2512, 15, 13, 398, 360, '5.00', '20.00', '5.00'),
(2527, 2, 15, 29, 399, '20.00', '60.00', '20.00'),
(2528, 2, 15, 30, 400, '0.00', '20.00', '0.00'),
(2529, 2, 15, 31, 401, '10.00', '20.00', '10.00'),
(2530, 2, 15, 32, 402, '10.00', '20.00', '10.00'),
(2531, 4, 15, 77, 399, '20.00', '60.00', '20.00'),
(2532, 4, 15, 78, 400, '0.00', '20.00', '0.00'),
(2533, 4, 15, 79, 401, '10.00', '20.00', '10.00'),
(2534, 4, 15, 80, 402, '10.00', '20.00', '10.00'),
(2535, 6, 15, 219, 399, '25.00', '60.00', '25.00'),
(2536, 6, 15, 220, 400, '0.00', '20.00', '0.00'),
(2537, 6, 15, 221, 401, '30.00', '20.00', '20.00'),
(2538, 6, 15, 346, 402, '10.00', '20.00', '10.00'),
(2539, 9, 15, 274, 399, '20.00', '60.00', '20.00'),
(2540, 9, 15, 275, 400, '20.00', '20.00', '20.00'),
(2541, 9, 15, 276, 401, '20.00', '20.00', '20.00'),
(2542, 9, 15, 277, 402, '20.00', '20.00', '20.00'),
(2544, 13, 15, 361, 399, '20.00', '60.00', '20.00'),
(2545, 13, 15, 362, 400, '0.00', '20.00', '0.00'),
(2546, 13, 15, 363, 401, '10.00', '20.00', '10.00'),
(2547, 13, 15, 364, 402, '10.00', '20.00', '10.00'),
(2552, 15, 2, 399, 29, '20.00', '60.00', '20.00'),
(2553, 15, 2, 400, 30, '0.00', '20.00', '0.00'),
(2554, 15, 2, 401, 31, '10.00', '20.00', '10.00'),
(2555, 15, 2, 402, 32, '10.00', '20.00', '10.00'),
(2556, 15, 4, 399, 77, '20.00', '60.00', '20.00'),
(2557, 15, 4, 400, 78, '0.00', '20.00', '0.00'),
(2558, 15, 4, 401, 79, '10.00', '20.00', '10.00'),
(2559, 15, 4, 402, 80, '10.00', '20.00', '10.00'),
(2560, 15, 6, 399, 219, '25.00', '60.00', '25.00'),
(2561, 15, 6, 400, 220, '0.00', '20.00', '0.00'),
(2562, 15, 6, 401, 221, '30.00', '20.00', '20.00'),
(2563, 15, 6, 402, 346, '10.00', '20.00', '10.00'),
(2564, 15, 9, 399, 274, '20.00', '60.00', '20.00'),
(2565, 15, 9, 400, 275, '20.00', '20.00', '20.00'),
(2566, 15, 9, 401, 276, '20.00', '20.00', '20.00'),
(2567, 15, 9, 402, 277, '20.00', '20.00', '20.00'),
(2569, 15, 13, 399, 361, '20.00', '60.00', '20.00'),
(2570, 15, 13, 400, 362, '0.00', '20.00', '0.00'),
(2571, 15, 13, 401, 363, '10.00', '20.00', '10.00'),
(2572, 15, 13, 402, 364, '10.00', '20.00', '10.00'),
(3472, 2, 15, 19, 554, '40.00', '80.00', '40.00'),
(3473, 13, 15, 351, 554, '40.00', '80.00', '40.00'),
(3474, 15, 2, 554, 19, '40.00', '80.00', '40.00'),
(3475, 15, 13, 554, 351, '40.00', '80.00', '40.00'),
(3518, 5, 15, 112, 566, '10.00', '20.00', '10.00'),
(3533, 6, 15, 331, 566, '30.00', '20.00', '20.00'),
(3548, 9, 15, 262, 566, '10.00', '20.00', '10.00'),
(3563, 13, 15, 349, 566, '10.00', '20.00', '10.00'),
(3578, 15, 5, 566, 112, '10.00', '20.00', '10.00'),
(3579, 15, 6, 566, 331, '30.00', '20.00', '20.00'),
(3580, 15, 9, 566, 262, '10.00', '20.00', '10.00'),
(3581, 15, 13, 566, 349, '10.00', '20.00', '10.00'),
(4252, 1, 27, 1, 617, '0.00', '0.00', '0.00'),
(4253, 1, 27, 2, 618, '0.00', '0.00', '0.00'),
(4254, 1, 27, 3, 619, '5.00', '20.00', '5.00'),
(4255, 1, 27, 4, 620, '20.00', '20.00', '20.00'),
(4256, 1, 27, 5, 621, '40.00', '80.00', '40.00'),
(4257, 1, 27, 6, 622, '25.00', '40.00', '25.00'),
(4258, 1, 27, 7, 623, '30.00', '40.00', '30.00'),
(4259, 1, 27, 8, 624, '25.00', '30.00', '25.00'),
(4260, 1, 27, 9, 625, '6.75', '9.00', '6.75'),
(4261, 1, 27, 10, 626, '5.00', '20.00', '5.00'),
(4262, 1, 27, 11, 627, '5.00', '20.00', '5.00'),
(4263, 1, 27, 12, 628, '10.00', '20.00', '10.00'),
(4264, 1, 27, 13, 629, '30.00', '60.00', '30.00'),
(4265, 1, 27, 14, 630, '5.00', '20.00', '5.00'),
(4266, 2, 27, 15, 617, '0.00', '0.00', '0.00'),
(4267, 2, 27, 16, 618, '0.00', '0.00', '0.00'),
(4268, 2, 27, 17, 619, '5.00', '20.00', '5.00'),
(4269, 2, 27, 18, 620, '0.00', '20.00', '0.00'),
(4270, 2, 27, 19, 621, '40.00', '80.00', '40.00'),
(4271, 2, 27, 20, 622, '40.00', '40.00', '40.00'),
(4272, 2, 27, 21, 623, '45.00', '40.00', '40.00'),
(4273, 2, 27, 22, 624, '30.00', '30.00', '30.00'),
(4274, 2, 27, 23, 625, '9.00', '9.00', '9.00'),
(4275, 2, 27, 24, 626, '5.00', '20.00', '5.00'),
(4276, 2, 27, 25, 627, '20.00', '20.00', '20.00'),
(4277, 2, 27, 26, 628, '5.00', '20.00', '5.00'),
(4278, 2, 27, 27, 629, '30.00', '60.00', '30.00'),
(4279, 2, 27, 28, 630, '20.00', '20.00', '20.00'),
(4280, 4, 27, 63, 617, '0.00', '0.00', '0.00'),
(4281, 4, 27, 64, 618, '0.00', '0.00', '0.00'),
(4282, 4, 27, 65, 619, '5.00', '20.00', '5.00'),
(4283, 4, 27, 66, 620, '0.00', '20.00', '0.00'),
(4284, 4, 27, 67, 621, '80.00', '80.00', '80.00'),
(4285, 4, 27, 68, 622, '25.00', '40.00', '25.00'),
(4286, 4, 27, 69, 623, '35.00', '40.00', '35.00'),
(4287, 4, 27, 70, 624, '25.00', '30.00', '25.00'),
(4288, 4, 27, 71, 625, '6.75', '9.00', '6.75'),
(4289, 4, 27, 72, 626, '20.00', '20.00', '20.00'),
(4290, 4, 27, 73, 627, '20.00', '20.00', '20.00'),
(4291, 4, 27, 74, 628, '10.00', '20.00', '10.00'),
(4292, 4, 27, 75, 629, '30.00', '60.00', '30.00'),
(4293, 4, 27, 76, 630, '5.00', '20.00', '5.00'),
(4294, 5, 27, 110, 617, '0.00', '0.00', '0.00'),
(4295, 5, 27, 111, 618, '0.00', '0.00', '0.00'),
(4296, 5, 27, 112, 619, '20.00', '20.00', '20.00'),
(4297, 5, 27, 113, 620, '0.00', '20.00', '0.00'),
(4298, 5, 27, 114, 621, '20.00', '80.00', '20.00'),
(4299, 5, 27, 115, 622, '5.00', '40.00', '5.00'),
(4300, 5, 27, 116, 623, '25.00', '40.00', '25.00'),
(4301, 5, 27, 117, 624, '5.00', '30.00', '5.00'),
(4302, 5, 27, 118, 625, '0.75', '9.00', '0.75'),
(4303, 5, 27, 119, 626, '5.00', '20.00', '5.00'),
(4304, 5, 27, 120, 627, '5.00', '20.00', '5.00'),
(4305, 5, 27, 121, 628, '10.00', '20.00', '10.00'),
(4306, 5, 27, 122, 629, '5.00', '60.00', '5.00'),
(4307, 5, 27, 123, 630, '5.00', '20.00', '5.00'),
(4308, 6, 27, 181, 617, '0.00', '0.00', '0.00'),
(4309, 6, 27, 182, 618, '0.00', '0.00', '0.00'),
(4310, 6, 27, 203, 619, '50.00', '20.00', '20.00'),
(4311, 6, 27, 204, 620, '40.00', '20.00', '20.00'),
(4312, 6, 27, 333, 621, '60.00', '80.00', '60.00'),
(4313, 6, 27, 210, 622, '45.00', '40.00', '40.00'),
(4314, 6, 27, 211, 623, '70.00', '40.00', '40.00'),
(4315, 6, 27, 212, 624, '45.00', '30.00', '30.00'),
(4316, 6, 27, 213, 625, '6.75', '9.00', '6.75'),
(4317, 6, 27, 214, 626, '5.00', '20.00', '5.00'),
(4318, 6, 27, 215, 627, '20.00', '20.00', '20.00'),
(4319, 6, 27, 216, 628, '10.00', '20.00', '10.00'),
(4320, 6, 27, 217, 629, '70.00', '60.00', '60.00'),
(4321, 6, 27, 218, 630, '5.00', '20.00', '5.00'),
(4322, 9, 27, 260, 617, '0.00', '0.00', '0.00'),
(4323, 9, 27, 261, 618, '0.00', '0.00', '0.00'),
(4324, 9, 27, 262, 619, '20.00', '20.00', '20.00'),
(4325, 9, 27, 263, 620, '0.00', '20.00', '0.00'),
(4326, 9, 27, 264, 621, '40.00', '80.00', '40.00'),
(4327, 9, 27, 265, 622, '25.00', '40.00', '25.00'),
(4328, 9, 27, 266, 623, '45.00', '40.00', '40.00'),
(4329, 9, 27, 267, 624, '25.00', '30.00', '25.00'),
(4330, 9, 27, 268, 625, '4.50', '9.00', '4.50'),
(4331, 9, 27, 269, 626, '5.00', '20.00', '5.00'),
(4332, 9, 27, 270, 627, '5.00', '20.00', '5.00'),
(4333, 9, 27, 271, 628, '10.00', '20.00', '10.00'),
(4334, 9, 27, 272, 629, '15.00', '60.00', '15.00'),
(4335, 9, 27, 273, 630, '5.00', '20.00', '5.00'),
(4336, 13, 27, 347, 617, '0.00', '0.00', '0.00'),
(4337, 13, 27, 348, 618, '0.00', '0.00', '0.00'),
(4338, 13, 27, 349, 619, '20.00', '20.00', '20.00'),
(4339, 13, 27, 350, 620, '20.00', '20.00', '20.00'),
(4340, 13, 27, 351, 621, '0.00', '80.00', '0.00'),
(4341, 13, 27, 352, 622, '25.00', '40.00', '25.00'),
(4342, 13, 27, 353, 623, '50.00', '40.00', '40.00'),
(4343, 13, 27, 354, 624, '30.00', '30.00', '30.00'),
(4344, 13, 27, 355, 625, '6.75', '9.00', '6.75'),
(4345, 13, 27, 356, 626, '20.00', '20.00', '20.00'),
(4346, 13, 27, 357, 627, '5.00', '20.00', '5.00'),
(4347, 13, 27, 358, 628, '10.00', '20.00', '10.00'),
(4348, 13, 27, 359, 629, '30.00', '60.00', '30.00'),
(4349, 13, 27, 360, 630, '5.00', '20.00', '5.00'),
(4350, 15, 27, 383, 617, '0.00', '0.00', '0.00'),
(4351, 15, 27, 409, 618, '0.00', '0.00', '0.00'),
(4352, 15, 27, 566, 619, '10.00', '20.00', '10.00'),
(4353, 15, 27, 388, 620, '20.00', '20.00', '20.00'),
(4354, 15, 27, 389, 621, '40.00', '80.00', '40.00'),
(4355, 15, 27, 390, 622, '40.00', '40.00', '40.00'),
(4356, 15, 27, 391, 623, '5.00', '40.00', '5.00'),
(4357, 15, 27, 392, 624, '10.00', '30.00', '10.00'),
(4358, 15, 27, 393, 625, '6.00', '9.00', '6.00'),
(4359, 15, 27, 394, 626, '5.00', '20.00', '5.00'),
(4360, 15, 27, 395, 627, '0.00', '20.00', '0.00'),
(4361, 15, 27, 396, 628, '5.00', '20.00', '5.00'),
(4362, 15, 27, 397, 629, '5.00', '60.00', '5.00'),
(4363, 15, 27, 398, 630, '5.00', '20.00', '5.00'),
(4378, 27, 1, 617, 1, '0.00', '0.00', '0.00'),
(4379, 27, 1, 618, 2, '0.00', '0.00', '0.00'),
(4380, 27, 1, 619, 3, '5.00', '20.00', '5.00'),
(4381, 27, 1, 620, 4, '20.00', '20.00', '20.00'),
(4382, 27, 1, 621, 5, '40.00', '80.00', '40.00'),
(4383, 27, 1, 622, 6, '25.00', '40.00', '25.00'),
(4384, 27, 1, 623, 7, '30.00', '40.00', '30.00'),
(4385, 27, 1, 624, 8, '25.00', '30.00', '25.00'),
(4386, 27, 1, 625, 9, '6.75', '9.00', '6.75'),
(4387, 27, 1, 626, 10, '5.00', '20.00', '5.00'),
(4388, 27, 1, 627, 11, '5.00', '20.00', '5.00');
INSERT INTO `test_ques_comparisons` (`id`, `test_id_1`, `test_id_2`, `test_que_1`, `test_que_2`, `obtained_scores`, `max_allowed_scores`, `final_scores`) VALUES
(4389, 27, 1, 628, 12, '10.00', '20.00', '10.00'),
(4390, 27, 1, 629, 13, '30.00', '60.00', '30.00'),
(4391, 27, 1, 630, 14, '5.00', '20.00', '5.00'),
(4392, 27, 2, 617, 15, '0.00', '0.00', '0.00'),
(4393, 27, 2, 618, 16, '0.00', '0.00', '0.00'),
(4394, 27, 2, 619, 17, '5.00', '20.00', '5.00'),
(4395, 27, 2, 620, 18, '0.00', '20.00', '0.00'),
(4396, 27, 2, 621, 19, '40.00', '80.00', '40.00'),
(4397, 27, 2, 622, 20, '40.00', '40.00', '40.00'),
(4398, 27, 2, 623, 21, '45.00', '40.00', '40.00'),
(4399, 27, 2, 624, 22, '30.00', '30.00', '30.00'),
(4400, 27, 2, 625, 23, '9.00', '9.00', '9.00'),
(4401, 27, 2, 626, 24, '5.00', '20.00', '5.00'),
(4402, 27, 2, 627, 25, '20.00', '20.00', '20.00'),
(4403, 27, 2, 628, 26, '5.00', '20.00', '5.00'),
(4404, 27, 2, 629, 27, '30.00', '60.00', '30.00'),
(4405, 27, 2, 630, 28, '20.00', '20.00', '20.00'),
(4406, 27, 4, 617, 63, '0.00', '0.00', '0.00'),
(4407, 27, 4, 618, 64, '0.00', '0.00', '0.00'),
(4408, 27, 4, 619, 65, '5.00', '20.00', '5.00'),
(4409, 27, 4, 620, 66, '0.00', '20.00', '0.00'),
(4410, 27, 4, 621, 67, '80.00', '80.00', '80.00'),
(4411, 27, 4, 622, 68, '25.00', '40.00', '25.00'),
(4412, 27, 4, 623, 69, '35.00', '40.00', '35.00'),
(4413, 27, 4, 624, 70, '25.00', '30.00', '25.00'),
(4414, 27, 4, 625, 71, '6.75', '9.00', '6.75'),
(4415, 27, 4, 626, 72, '20.00', '20.00', '20.00'),
(4416, 27, 4, 627, 73, '20.00', '20.00', '20.00'),
(4417, 27, 4, 628, 74, '10.00', '20.00', '10.00'),
(4418, 27, 4, 629, 75, '30.00', '60.00', '30.00'),
(4419, 27, 4, 630, 76, '5.00', '20.00', '5.00'),
(4420, 27, 5, 617, 110, '0.00', '0.00', '0.00'),
(4421, 27, 5, 618, 111, '0.00', '0.00', '0.00'),
(4422, 27, 5, 619, 112, '20.00', '20.00', '20.00'),
(4423, 27, 5, 620, 113, '0.00', '20.00', '0.00'),
(4424, 27, 5, 621, 114, '20.00', '80.00', '20.00'),
(4425, 27, 5, 622, 115, '5.00', '40.00', '5.00'),
(4426, 27, 5, 623, 116, '25.00', '40.00', '25.00'),
(4427, 27, 5, 624, 117, '5.00', '30.00', '5.00'),
(4428, 27, 5, 625, 118, '0.75', '9.00', '0.75'),
(4429, 27, 5, 626, 119, '5.00', '20.00', '5.00'),
(4430, 27, 5, 627, 120, '5.00', '20.00', '5.00'),
(4431, 27, 5, 628, 121, '10.00', '20.00', '10.00'),
(4432, 27, 5, 629, 122, '5.00', '60.00', '5.00'),
(4433, 27, 5, 630, 123, '5.00', '20.00', '5.00'),
(4434, 27, 6, 617, 181, '0.00', '0.00', '0.00'),
(4435, 27, 6, 618, 182, '0.00', '0.00', '0.00'),
(4436, 27, 6, 619, 203, '50.00', '20.00', '20.00'),
(4437, 27, 6, 620, 204, '40.00', '20.00', '20.00'),
(4438, 27, 6, 621, 333, '60.00', '80.00', '60.00'),
(4439, 27, 6, 622, 210, '45.00', '40.00', '40.00'),
(4440, 27, 6, 623, 211, '70.00', '40.00', '40.00'),
(4441, 27, 6, 624, 212, '45.00', '30.00', '30.00'),
(4442, 27, 6, 625, 213, '6.75', '9.00', '6.75'),
(4443, 27, 6, 626, 214, '5.00', '20.00', '5.00'),
(4444, 27, 6, 627, 215, '20.00', '20.00', '20.00'),
(4445, 27, 6, 628, 216, '10.00', '20.00', '10.00'),
(4446, 27, 6, 629, 217, '70.00', '60.00', '60.00'),
(4447, 27, 6, 630, 218, '5.00', '20.00', '5.00'),
(4448, 27, 9, 617, 260, '0.00', '0.00', '0.00'),
(4449, 27, 9, 618, 261, '0.00', '0.00', '0.00'),
(4450, 27, 9, 619, 262, '20.00', '20.00', '20.00'),
(4451, 27, 9, 620, 263, '0.00', '20.00', '0.00'),
(4452, 27, 9, 621, 264, '40.00', '80.00', '40.00'),
(4453, 27, 9, 622, 265, '25.00', '40.00', '25.00'),
(4454, 27, 9, 623, 266, '45.00', '40.00', '40.00'),
(4455, 27, 9, 624, 267, '25.00', '30.00', '25.00'),
(4456, 27, 9, 625, 268, '4.50', '9.00', '4.50'),
(4457, 27, 9, 626, 269, '5.00', '20.00', '5.00'),
(4458, 27, 9, 627, 270, '5.00', '20.00', '5.00'),
(4459, 27, 9, 628, 271, '10.00', '20.00', '10.00'),
(4460, 27, 9, 629, 272, '15.00', '60.00', '15.00'),
(4461, 27, 9, 630, 273, '5.00', '20.00', '5.00'),
(4462, 27, 13, 617, 347, '0.00', '0.00', '0.00'),
(4463, 27, 13, 618, 348, '0.00', '0.00', '0.00'),
(4464, 27, 13, 619, 349, '20.00', '20.00', '20.00'),
(4465, 27, 13, 620, 350, '20.00', '20.00', '20.00'),
(4466, 27, 13, 621, 351, '0.00', '80.00', '0.00'),
(4467, 27, 13, 622, 352, '25.00', '40.00', '25.00'),
(4468, 27, 13, 623, 353, '45.00', '40.00', '40.00'),
(4469, 27, 13, 624, 354, '30.00', '30.00', '30.00'),
(4470, 27, 13, 625, 355, '6.75', '9.00', '6.75'),
(4471, 27, 13, 626, 356, '20.00', '20.00', '20.00'),
(4472, 27, 13, 627, 357, '5.00', '20.00', '5.00'),
(4473, 27, 13, 628, 358, '10.00', '20.00', '10.00'),
(4474, 27, 13, 629, 359, '30.00', '60.00', '30.00'),
(4475, 27, 13, 630, 360, '5.00', '20.00', '5.00'),
(4476, 27, 15, 617, 383, '0.00', '0.00', '0.00'),
(4477, 27, 15, 618, 409, '0.00', '0.00', '0.00'),
(4478, 27, 15, 619, 566, '10.00', '20.00', '10.00'),
(4479, 27, 15, 620, 388, '20.00', '20.00', '20.00'),
(4480, 27, 15, 621, 389, '40.00', '80.00', '40.00'),
(4481, 27, 15, 622, 390, '40.00', '40.00', '40.00'),
(4482, 27, 15, 623, 391, '5.00', '40.00', '5.00'),
(4483, 27, 15, 624, 392, '10.00', '30.00', '10.00'),
(4484, 27, 15, 625, 393, '6.00', '9.00', '6.00'),
(4485, 27, 15, 626, 394, '5.00', '20.00', '5.00'),
(4486, 27, 15, 627, 395, '0.00', '20.00', '0.00'),
(4487, 27, 15, 628, 396, '5.00', '20.00', '5.00'),
(4488, 27, 15, 629, 397, '5.00', '60.00', '5.00'),
(4489, 27, 15, 630, 398, '5.00', '20.00', '5.00'),
(4504, 1, 28, 1, 631, '0.00', '0.00', '0.00'),
(4505, 1, 28, 2, 632, '0.00', '0.00', '0.00'),
(4506, 1, 28, 3, 633, '10.00', '20.00', '10.00'),
(4507, 1, 28, 4, 634, '0.00', '20.00', '0.00'),
(4508, 1, 28, 5, 635, '80.00', '80.00', '80.00'),
(4509, 1, 28, 6, 636, '40.00', '40.00', '40.00'),
(4510, 1, 28, 7, 637, '60.00', '40.00', '40.00'),
(4511, 1, 28, 8, 638, '25.00', '30.00', '25.00'),
(4512, 1, 28, 9, 639, '6.75', '9.00', '6.75'),
(4513, 1, 28, 10, 640, '20.00', '20.00', '20.00'),
(4514, 1, 28, 11, 641, '20.00', '20.00', '20.00'),
(4515, 1, 28, 12, 642, '20.00', '20.00', '20.00'),
(4516, 1, 28, 13, 643, '45.00', '60.00', '45.00'),
(4517, 1, 28, 14, 644, '20.00', '20.00', '20.00'),
(4518, 2, 28, 15, 631, '0.00', '0.00', '0.00'),
(4519, 2, 28, 16, 632, '0.00', '0.00', '0.00'),
(4520, 2, 28, 17, 633, '10.00', '20.00', '10.00'),
(4521, 2, 28, 18, 634, '20.00', '20.00', '20.00'),
(4522, 2, 28, 19, 635, '40.00', '80.00', '40.00'),
(4523, 2, 28, 20, 636, '25.00', '40.00', '25.00'),
(4524, 2, 28, 21, 637, '45.00', '40.00', '40.00'),
(4525, 2, 28, 22, 638, '20.00', '30.00', '20.00'),
(4526, 2, 28, 23, 639, '4.50', '9.00', '4.50'),
(4527, 2, 28, 24, 640, '20.00', '20.00', '20.00'),
(4528, 2, 28, 25, 641, '5.00', '20.00', '5.00'),
(4529, 2, 28, 26, 642, '5.00', '20.00', '5.00'),
(4530, 2, 28, 27, 643, '45.00', '60.00', '45.00'),
(4531, 2, 28, 28, 644, '5.00', '20.00', '5.00'),
(4532, 4, 28, 63, 631, '0.00', '0.00', '0.00'),
(4533, 4, 28, 64, 632, '0.00', '0.00', '0.00'),
(4534, 4, 28, 65, 633, '10.00', '20.00', '10.00'),
(4535, 4, 28, 66, 634, '20.00', '20.00', '20.00'),
(4536, 4, 28, 67, 635, '40.00', '80.00', '40.00'),
(4537, 4, 28, 68, 636, '40.00', '40.00', '40.00'),
(4538, 4, 28, 69, 637, '60.00', '40.00', '40.00'),
(4539, 4, 28, 70, 638, '25.00', '30.00', '25.00'),
(4540, 4, 28, 71, 639, '6.75', '9.00', '6.75'),
(4541, 4, 28, 72, 640, '5.00', '20.00', '5.00'),
(4542, 4, 28, 73, 641, '5.00', '20.00', '5.00'),
(4543, 4, 28, 74, 642, '20.00', '20.00', '20.00'),
(4544, 4, 28, 75, 643, '45.00', '60.00', '45.00'),
(4545, 4, 28, 76, 644, '20.00', '20.00', '20.00'),
(4546, 5, 28, 110, 631, '0.00', '0.00', '0.00'),
(4547, 5, 28, 111, 632, '0.00', '0.00', '0.00'),
(4548, 5, 28, 112, 633, '5.00', '20.00', '5.00'),
(4549, 5, 28, 113, 634, '20.00', '20.00', '20.00'),
(4550, 5, 28, 114, 635, '20.00', '80.00', '20.00'),
(4551, 5, 28, 115, 636, '10.00', '40.00', '10.00'),
(4552, 5, 28, 116, 637, '10.00', '40.00', '10.00'),
(4553, 5, 28, 117, 638, '5.00', '30.00', '5.00'),
(4554, 5, 28, 118, 639, '3.00', '9.00', '3.00'),
(4555, 5, 28, 119, 640, '10.00', '20.00', '10.00'),
(4556, 5, 28, 120, 641, '20.00', '20.00', '20.00'),
(4557, 5, 28, 121, 642, '20.00', '20.00', '20.00'),
(4558, 5, 28, 122, 643, '20.00', '60.00', '20.00'),
(4559, 5, 28, 123, 644, '5.00', '20.00', '5.00'),
(4560, 6, 28, 181, 631, '0.00', '0.00', '0.00'),
(4561, 6, 28, 182, 632, '0.00', '0.00', '0.00'),
(4562, 6, 28, 203, 633, '15.00', '20.00', '15.00'),
(4563, 6, 28, 204, 634, '0.00', '20.00', '0.00'),
(4564, 6, 28, 333, 635, '100.00', '80.00', '80.00'),
(4565, 6, 28, 210, 636, '50.00', '40.00', '40.00'),
(4566, 6, 28, 335, 637, '40.00', '40.00', '40.00'),
(4567, 6, 28, 212, 638, '20.00', '30.00', '20.00'),
(4568, 6, 28, 337, 639, '3.75', '9.00', '3.75'),
(4569, 6, 28, 214, 640, '30.00', '20.00', '20.00'),
(4570, 6, 28, 215, 641, '5.00', '20.00', '5.00'),
(4571, 6, 28, 216, 642, '40.00', '20.00', '20.00'),
(4572, 6, 28, 217, 643, '70.00', '60.00', '60.00'),
(4573, 6, 28, 218, 644, '20.00', '20.00', '20.00'),
(4574, 9, 28, 260, 631, '0.00', '0.00', '0.00'),
(4575, 9, 28, 261, 632, '0.00', '0.00', '0.00'),
(4576, 9, 28, 262, 633, '5.00', '20.00', '5.00'),
(4577, 9, 28, 263, 634, '20.00', '20.00', '20.00'),
(4578, 9, 28, 264, 635, '40.00', '80.00', '40.00'),
(4579, 9, 28, 265, 636, '10.00', '40.00', '10.00'),
(4580, 9, 28, 266, 637, '45.00', '40.00', '40.00'),
(4581, 9, 28, 267, 638, '25.00', '30.00', '25.00'),
(4582, 9, 28, 268, 639, '6.75', '9.00', '6.75'),
(4583, 9, 28, 269, 640, '10.00', '20.00', '10.00'),
(4584, 9, 28, 270, 641, '20.00', '20.00', '20.00'),
(4585, 9, 28, 271, 642, '20.00', '20.00', '20.00'),
(4586, 9, 28, 272, 643, '60.00', '60.00', '60.00'),
(4587, 9, 28, 273, 644, '20.00', '20.00', '20.00'),
(4588, 13, 28, 347, 631, '0.00', '0.00', '0.00'),
(4589, 13, 28, 348, 632, '0.00', '0.00', '0.00'),
(4590, 13, 28, 349, 633, '5.00', '20.00', '5.00'),
(4591, 13, 28, 350, 634, '0.00', '20.00', '0.00'),
(4592, 13, 28, 351, 635, '60.00', '80.00', '60.00'),
(4593, 13, 28, 352, 636, '10.00', '40.00', '10.00'),
(4594, 13, 28, 353, 637, '30.00', '40.00', '30.00'),
(4595, 13, 28, 354, 638, '20.00', '30.00', '20.00'),
(4596, 13, 28, 355, 639, '6.75', '9.00', '6.75'),
(4597, 13, 28, 356, 640, '5.00', '20.00', '5.00'),
(4598, 13, 28, 357, 641, '20.00', '20.00', '20.00'),
(4599, 13, 28, 358, 642, '20.00', '20.00', '20.00'),
(4600, 13, 28, 359, 643, '45.00', '60.00', '45.00'),
(4601, 13, 28, 360, 644, '20.00', '20.00', '20.00'),
(4602, 15, 28, 385, 631, '0.00', '0.00', '0.00'),
(4603, 15, 28, 386, 632, '0.00', '0.00', '0.00'),
(4604, 15, 28, 387, 633, '10.00', '20.00', '10.00'),
(4605, 15, 28, 388, 634, '0.00', '20.00', '0.00'),
(4606, 15, 28, 389, 635, '80.00', '80.00', '80.00'),
(4607, 15, 28, 390, 636, '5.00', '40.00', '5.00'),
(4608, 15, 28, 391, 637, '40.00', '40.00', '40.00'),
(4609, 15, 28, 392, 638, '5.00', '30.00', '5.00'),
(4610, 15, 28, 393, 639, '3.75', '9.00', '3.75'),
(4611, 15, 28, 394, 640, '10.00', '20.00', '10.00'),
(4612, 15, 28, 395, 641, '0.00', '20.00', '0.00'),
(4613, 15, 28, 396, 642, '5.00', '20.00', '5.00'),
(4614, 15, 28, 397, 643, '40.00', '60.00', '40.00'),
(4615, 15, 28, 398, 644, '5.00', '20.00', '5.00'),
(4630, 27, 28, 617, 631, '0.00', '0.00', '0.00'),
(4631, 27, 28, 618, 632, '0.00', '0.00', '0.00'),
(4632, 27, 28, 619, 633, '5.00', '20.00', '5.00'),
(4633, 27, 28, 620, 634, '0.00', '20.00', '0.00'),
(4634, 27, 28, 621, 635, '40.00', '80.00', '40.00'),
(4635, 27, 28, 622, 636, '25.00', '40.00', '25.00'),
(4636, 27, 28, 623, 637, '35.00', '40.00', '35.00'),
(4637, 27, 28, 624, 638, '10.00', '30.00', '10.00'),
(4638, 27, 28, 625, 639, '4.50', '9.00', '4.50'),
(4639, 27, 28, 626, 640, '5.00', '20.00', '5.00'),
(4640, 27, 28, 627, 641, '5.00', '20.00', '5.00'),
(4641, 27, 28, 628, 642, '10.00', '20.00', '10.00'),
(4642, 27, 28, 629, 643, '15.00', '60.00', '15.00'),
(4643, 27, 28, 630, 644, '5.00', '20.00', '5.00'),
(4644, 28, 1, 631, 1, '0.00', '0.00', '0.00'),
(4645, 28, 1, 632, 2, '0.00', '0.00', '0.00'),
(4646, 28, 1, 633, 3, '10.00', '20.00', '10.00'),
(4647, 28, 1, 634, 4, '0.00', '20.00', '0.00'),
(4648, 28, 1, 635, 5, '80.00', '80.00', '80.00'),
(4649, 28, 1, 636, 6, '40.00', '40.00', '40.00'),
(4650, 28, 1, 637, 7, '60.00', '40.00', '40.00'),
(4651, 28, 1, 638, 8, '25.00', '30.00', '25.00'),
(4652, 28, 1, 639, 9, '6.75', '9.00', '6.75'),
(4653, 28, 1, 640, 10, '20.00', '20.00', '20.00'),
(4654, 28, 1, 641, 11, '20.00', '20.00', '20.00'),
(4655, 28, 1, 642, 12, '20.00', '20.00', '20.00'),
(4656, 28, 1, 643, 13, '45.00', '60.00', '45.00'),
(4657, 28, 1, 644, 14, '20.00', '20.00', '20.00'),
(4658, 28, 2, 631, 15, '0.00', '0.00', '0.00'),
(4659, 28, 2, 632, 16, '0.00', '0.00', '0.00'),
(4660, 28, 2, 633, 17, '10.00', '20.00', '10.00'),
(4661, 28, 2, 634, 18, '20.00', '20.00', '20.00'),
(4662, 28, 2, 635, 19, '40.00', '80.00', '40.00'),
(4663, 28, 2, 636, 20, '25.00', '40.00', '25.00'),
(4664, 28, 2, 637, 21, '45.00', '40.00', '40.00'),
(4665, 28, 2, 638, 22, '20.00', '30.00', '20.00'),
(4666, 28, 2, 639, 23, '4.50', '9.00', '4.50'),
(4667, 28, 2, 640, 24, '20.00', '20.00', '20.00'),
(4668, 28, 2, 641, 25, '5.00', '20.00', '5.00'),
(4669, 28, 2, 642, 26, '5.00', '20.00', '5.00'),
(4670, 28, 2, 643, 27, '45.00', '60.00', '45.00'),
(4671, 28, 2, 644, 28, '5.00', '20.00', '5.00'),
(4672, 28, 4, 631, 63, '0.00', '0.00', '0.00'),
(4673, 28, 4, 632, 64, '0.00', '0.00', '0.00'),
(4674, 28, 4, 633, 65, '10.00', '20.00', '10.00'),
(4675, 28, 4, 634, 66, '20.00', '20.00', '20.00'),
(4676, 28, 4, 635, 67, '40.00', '80.00', '40.00'),
(4677, 28, 4, 636, 68, '40.00', '40.00', '40.00'),
(4678, 28, 4, 637, 69, '60.00', '40.00', '40.00'),
(4679, 28, 4, 638, 70, '25.00', '30.00', '25.00'),
(4680, 28, 4, 639, 71, '6.75', '9.00', '6.75'),
(4681, 28, 4, 640, 72, '5.00', '20.00', '5.00'),
(4682, 28, 4, 641, 73, '5.00', '20.00', '5.00'),
(4683, 28, 4, 642, 74, '20.00', '20.00', '20.00'),
(4684, 28, 4, 643, 75, '45.00', '60.00', '45.00'),
(4685, 28, 4, 644, 76, '20.00', '20.00', '20.00'),
(4686, 28, 5, 631, 110, '0.00', '0.00', '0.00'),
(4687, 28, 5, 632, 111, '0.00', '0.00', '0.00'),
(4688, 28, 5, 633, 112, '5.00', '20.00', '5.00'),
(4689, 28, 5, 634, 113, '20.00', '20.00', '20.00'),
(4690, 28, 5, 635, 114, '20.00', '80.00', '20.00'),
(4691, 28, 5, 636, 115, '10.00', '40.00', '10.00'),
(4692, 28, 5, 637, 116, '10.00', '40.00', '10.00'),
(4693, 28, 5, 638, 117, '5.00', '30.00', '5.00'),
(4694, 28, 5, 639, 118, '3.00', '9.00', '3.00'),
(4695, 28, 5, 640, 119, '10.00', '20.00', '10.00'),
(4696, 28, 5, 641, 120, '20.00', '20.00', '20.00'),
(4697, 28, 5, 642, 121, '20.00', '20.00', '20.00'),
(4698, 28, 5, 643, 122, '20.00', '60.00', '20.00'),
(4699, 28, 5, 644, 123, '5.00', '20.00', '5.00'),
(4700, 28, 6, 631, 181, '0.00', '0.00', '0.00'),
(4701, 28, 6, 632, 182, '0.00', '0.00', '0.00'),
(4702, 28, 6, 633, 203, '15.00', '20.00', '15.00'),
(4703, 28, 6, 634, 204, '0.00', '20.00', '0.00'),
(4704, 28, 6, 635, 333, '100.00', '80.00', '80.00'),
(4705, 28, 6, 636, 210, '50.00', '40.00', '40.00'),
(4706, 28, 6, 637, 335, '40.00', '40.00', '40.00'),
(4707, 28, 6, 638, 212, '20.00', '30.00', '20.00'),
(4708, 28, 6, 639, 337, '3.75', '9.00', '3.75'),
(4709, 28, 6, 640, 214, '30.00', '20.00', '20.00'),
(4710, 28, 6, 641, 215, '5.00', '20.00', '5.00'),
(4711, 28, 6, 642, 216, '40.00', '20.00', '20.00'),
(4712, 28, 6, 643, 217, '70.00', '60.00', '60.00'),
(4713, 28, 6, 644, 218, '20.00', '20.00', '20.00'),
(4714, 28, 9, 631, 260, '0.00', '0.00', '0.00'),
(4715, 28, 9, 632, 261, '0.00', '0.00', '0.00'),
(4716, 28, 9, 633, 262, '5.00', '20.00', '5.00'),
(4717, 28, 9, 634, 263, '20.00', '20.00', '20.00'),
(4718, 28, 9, 635, 264, '40.00', '80.00', '40.00'),
(4719, 28, 9, 636, 265, '10.00', '40.00', '10.00'),
(4720, 28, 9, 637, 266, '50.00', '40.00', '40.00'),
(4721, 28, 9, 638, 267, '25.00', '30.00', '25.00'),
(4722, 28, 9, 639, 268, '6.75', '9.00', '6.75'),
(4723, 28, 9, 640, 269, '10.00', '20.00', '10.00'),
(4724, 28, 9, 641, 270, '20.00', '20.00', '20.00'),
(4725, 28, 9, 642, 271, '20.00', '20.00', '20.00'),
(4726, 28, 9, 643, 272, '60.00', '60.00', '60.00'),
(4727, 28, 9, 644, 273, '20.00', '20.00', '20.00'),
(4728, 28, 13, 631, 347, '0.00', '0.00', '0.00'),
(4729, 28, 13, 632, 348, '0.00', '0.00', '0.00'),
(4730, 28, 13, 633, 349, '5.00', '20.00', '5.00'),
(4731, 28, 13, 634, 350, '0.00', '20.00', '0.00'),
(4732, 28, 13, 635, 351, '60.00', '80.00', '60.00'),
(4733, 28, 13, 636, 352, '10.00', '40.00', '10.00'),
(4734, 28, 13, 637, 353, '30.00', '40.00', '30.00'),
(4735, 28, 13, 638, 354, '20.00', '30.00', '20.00'),
(4736, 28, 13, 639, 355, '6.75', '9.00', '6.75'),
(4737, 28, 13, 640, 356, '5.00', '20.00', '5.00'),
(4738, 28, 13, 641, 357, '20.00', '20.00', '20.00'),
(4739, 28, 13, 642, 358, '20.00', '20.00', '20.00'),
(4740, 28, 13, 643, 359, '45.00', '60.00', '45.00'),
(4741, 28, 13, 644, 360, '20.00', '20.00', '20.00'),
(4742, 28, 15, 631, 385, '0.00', '0.00', '0.00'),
(4743, 28, 15, 632, 386, '0.00', '0.00', '0.00'),
(4744, 28, 15, 633, 387, '10.00', '20.00', '10.00'),
(4745, 28, 15, 634, 388, '0.00', '20.00', '0.00'),
(4746, 28, 15, 635, 389, '80.00', '80.00', '80.00'),
(4747, 28, 15, 636, 390, '5.00', '40.00', '5.00'),
(4748, 28, 15, 637, 391, '40.00', '40.00', '40.00'),
(4749, 28, 15, 638, 392, '5.00', '30.00', '5.00'),
(4750, 28, 15, 639, 393, '3.75', '9.00', '3.75'),
(4751, 28, 15, 640, 394, '10.00', '20.00', '10.00'),
(4752, 28, 15, 641, 395, '0.00', '20.00', '0.00'),
(4753, 28, 15, 642, 396, '5.00', '20.00', '5.00'),
(4754, 28, 15, 643, 397, '40.00', '60.00', '40.00'),
(4755, 28, 15, 644, 398, '5.00', '20.00', '5.00'),
(4770, 28, 27, 631, 617, '0.00', '0.00', '0.00'),
(4771, 28, 27, 632, 618, '0.00', '0.00', '0.00'),
(4772, 28, 27, 633, 619, '5.00', '20.00', '5.00'),
(4773, 28, 27, 634, 620, '0.00', '20.00', '0.00'),
(4774, 28, 27, 635, 621, '40.00', '80.00', '40.00'),
(4775, 28, 27, 636, 622, '25.00', '40.00', '25.00'),
(4776, 28, 27, 637, 623, '35.00', '40.00', '35.00'),
(4777, 28, 27, 638, 624, '10.00', '30.00', '10.00'),
(4778, 28, 27, 639, 625, '4.50', '9.00', '4.50'),
(4779, 28, 27, 640, 626, '5.00', '20.00', '5.00'),
(4780, 28, 27, 641, 627, '5.00', '20.00', '5.00'),
(4781, 28, 27, 642, 628, '10.00', '20.00', '10.00'),
(4782, 28, 27, 643, 629, '15.00', '60.00', '15.00'),
(4783, 28, 27, 644, 630, '5.00', '20.00', '5.00'),
(4784, 2, 28, 29, 645, '60.00', '60.00', '60.00'),
(4785, 2, 28, 30, 646, '20.00', '20.00', '20.00'),
(4786, 2, 28, 31, 647, '20.00', '20.00', '20.00'),
(4787, 2, 28, 32, 648, '20.00', '20.00', '20.00'),
(4788, 4, 28, 77, 645, '60.00', '60.00', '60.00'),
(4789, 4, 28, 78, 646, '20.00', '20.00', '20.00'),
(4790, 4, 28, 79, 647, '20.00', '20.00', '20.00'),
(4791, 4, 28, 80, 648, '20.00', '20.00', '20.00'),
(4792, 6, 28, 219, 645, '50.00', '60.00', '50.00'),
(4793, 6, 28, 220, 646, '20.00', '20.00', '20.00'),
(4794, 6, 28, 221, 647, '10.00', '20.00', '10.00'),
(4795, 6, 28, 346, 648, '0.00', '20.00', '0.00'),
(4796, 9, 28, 274, 645, '60.00', '60.00', '60.00'),
(4797, 9, 28, 275, 646, '0.00', '20.00', '0.00'),
(4798, 9, 28, 276, 647, '10.00', '20.00', '10.00'),
(4799, 9, 28, 277, 648, '10.00', '20.00', '10.00'),
(4800, 13, 28, 361, 645, '60.00', '60.00', '60.00'),
(4801, 13, 28, 362, 646, '20.00', '20.00', '20.00'),
(4802, 13, 28, 363, 647, '20.00', '20.00', '20.00'),
(4803, 13, 28, 364, 648, '20.00', '20.00', '20.00'),
(4804, 15, 28, 399, 645, '20.00', '60.00', '20.00'),
(4805, 15, 28, 400, 646, '0.00', '20.00', '0.00'),
(4806, 15, 28, 401, 647, '10.00', '20.00', '10.00'),
(4807, 15, 28, 402, 648, '10.00', '20.00', '10.00'),
(4808, 28, 2, 645, 29, '60.00', '60.00', '60.00'),
(4809, 28, 2, 646, 30, '20.00', '20.00', '20.00'),
(4810, 28, 2, 647, 31, '20.00', '20.00', '20.00'),
(4811, 28, 2, 648, 32, '20.00', '20.00', '20.00'),
(4812, 28, 4, 645, 77, '60.00', '60.00', '60.00'),
(4813, 28, 4, 646, 78, '20.00', '20.00', '20.00'),
(4814, 28, 4, 647, 79, '20.00', '20.00', '20.00'),
(4815, 28, 4, 648, 80, '20.00', '20.00', '20.00'),
(4816, 28, 6, 645, 219, '50.00', '60.00', '50.00'),
(4817, 28, 6, 646, 220, '20.00', '20.00', '20.00'),
(4818, 28, 6, 647, 221, '10.00', '20.00', '10.00'),
(4819, 28, 6, 648, 346, '0.00', '20.00', '0.00'),
(4820, 28, 9, 645, 274, '60.00', '60.00', '60.00'),
(4821, 28, 9, 646, 275, '0.00', '20.00', '0.00'),
(4822, 28, 9, 647, 276, '10.00', '20.00', '10.00'),
(4823, 28, 9, 648, 277, '10.00', '20.00', '10.00'),
(4824, 28, 13, 645, 361, '60.00', '60.00', '60.00'),
(4825, 28, 13, 646, 362, '20.00', '20.00', '20.00'),
(4826, 28, 13, 647, 363, '20.00', '20.00', '20.00'),
(4827, 28, 13, 648, 364, '20.00', '20.00', '20.00'),
(4828, 28, 15, 645, 399, '20.00', '60.00', '20.00'),
(4829, 28, 15, 646, 400, '0.00', '20.00', '0.00'),
(4830, 28, 15, 647, 401, '10.00', '20.00', '10.00'),
(4831, 28, 15, 648, 402, '10.00', '20.00', '10.00'),
(5196, 1, 30, 1, 667, '0.00', '0.00', '0.00'),
(5197, 1, 30, 2, 668, '0.00', '0.00', '0.00'),
(5198, 1, 30, 3, 669, '20.00', '20.00', '20.00'),
(5199, 1, 30, 4, 670, '0.00', '20.00', '0.00'),
(5200, 1, 30, 5, 671, '40.00', '80.00', '40.00'),
(5201, 1, 30, 6, 672, '40.00', '40.00', '40.00'),
(5202, 1, 30, 7, 673, '60.00', '40.00', '40.00'),
(5203, 1, 30, 8, 674, '40.00', '30.00', '30.00'),
(5204, 1, 30, 9, 675, '9.00', '9.00', '9.00'),
(5205, 1, 30, 10, 676, '5.00', '20.00', '5.00'),
(5206, 1, 30, 11, 677, '5.00', '20.00', '5.00'),
(5207, 1, 30, 12, 678, '20.00', '20.00', '20.00'),
(5208, 1, 30, 13, 679, '60.00', '60.00', '60.00'),
(5209, 1, 30, 14, 680, '20.00', '20.00', '20.00'),
(5210, 2, 30, 15, 667, '0.00', '0.00', '0.00'),
(5211, 2, 30, 16, 668, '0.00', '0.00', '0.00'),
(5212, 2, 30, 17, 669, '20.00', '20.00', '20.00'),
(5213, 2, 30, 18, 670, '20.00', '20.00', '20.00'),
(5214, 2, 30, 19, 671, '40.00', '80.00', '40.00'),
(5215, 2, 30, 20, 672, '25.00', '40.00', '25.00'),
(5216, 2, 30, 21, 673, '45.00', '40.00', '40.00'),
(5217, 2, 30, 22, 674, '25.00', '30.00', '25.00'),
(5218, 2, 30, 23, 675, '6.75', '9.00', '6.75'),
(5219, 2, 30, 24, 676, '5.00', '20.00', '5.00'),
(5220, 2, 30, 25, 677, '20.00', '20.00', '20.00'),
(5221, 2, 30, 26, 678, '5.00', '20.00', '5.00'),
(5222, 2, 30, 27, 679, '45.00', '60.00', '45.00'),
(5223, 2, 30, 28, 680, '5.00', '20.00', '5.00'),
(5224, 4, 30, 63, 667, '0.00', '0.00', '0.00'),
(5225, 4, 30, 64, 668, '0.00', '0.00', '0.00'),
(5226, 4, 30, 65, 669, '20.00', '20.00', '20.00'),
(5227, 4, 30, 66, 670, '20.00', '20.00', '20.00'),
(5228, 4, 30, 67, 671, '80.00', '80.00', '80.00'),
(5229, 4, 30, 68, 672, '40.00', '40.00', '40.00'),
(5230, 4, 30, 69, 673, '60.00', '40.00', '40.00'),
(5231, 4, 30, 70, 674, '40.00', '30.00', '30.00'),
(5232, 4, 30, 71, 675, '9.00', '9.00', '9.00'),
(5233, 4, 30, 72, 676, '20.00', '20.00', '20.00'),
(5234, 4, 30, 73, 677, '20.00', '20.00', '20.00'),
(5235, 4, 30, 74, 678, '20.00', '20.00', '20.00'),
(5236, 4, 30, 75, 679, '60.00', '60.00', '60.00'),
(5237, 4, 30, 76, 680, '20.00', '20.00', '20.00'),
(5238, 5, 30, 110, 667, '0.00', '0.00', '0.00'),
(5239, 5, 30, 111, 668, '0.00', '0.00', '0.00'),
(5240, 5, 30, 112, 669, '5.00', '20.00', '5.00'),
(5241, 5, 30, 113, 670, '20.00', '20.00', '20.00'),
(5242, 5, 30, 114, 671, '20.00', '80.00', '20.00'),
(5243, 5, 30, 115, 672, '10.00', '40.00', '10.00'),
(5244, 5, 30, 116, 673, '10.00', '40.00', '10.00'),
(5245, 5, 30, 117, 674, '5.00', '30.00', '5.00'),
(5246, 5, 30, 118, 675, '0.75', '9.00', '0.75'),
(5247, 5, 30, 119, 676, '5.00', '20.00', '5.00'),
(5248, 5, 30, 120, 677, '5.00', '20.00', '5.00'),
(5249, 5, 30, 121, 678, '20.00', '20.00', '20.00'),
(5250, 5, 30, 122, 679, '5.00', '60.00', '5.00'),
(5251, 5, 30, 123, 680, '5.00', '20.00', '5.00'),
(5252, 6, 30, 181, 667, '0.00', '0.00', '0.00'),
(5253, 6, 30, 182, 668, '0.00', '0.00', '0.00'),
(5254, 6, 30, 203, 669, '15.00', '20.00', '15.00'),
(5255, 6, 30, 204, 670, '0.00', '20.00', '0.00'),
(5256, 6, 30, 333, 671, '60.00', '80.00', '60.00'),
(5257, 6, 30, 210, 672, '50.00', '40.00', '40.00'),
(5258, 6, 30, 335, 673, '40.00', '40.00', '40.00'),
(5259, 6, 30, 212, 674, '35.00', '30.00', '30.00'),
(5260, 6, 30, 213, 675, '9.75', '9.00', '9.00'),
(5261, 6, 30, 214, 676, '5.00', '20.00', '5.00'),
(5262, 6, 30, 215, 677, '20.00', '20.00', '20.00'),
(5263, 6, 30, 216, 678, '40.00', '20.00', '20.00'),
(5264, 6, 30, 217, 679, '50.00', '60.00', '50.00'),
(5265, 6, 30, 218, 680, '20.00', '20.00', '20.00'),
(5266, 9, 30, 260, 667, '0.00', '0.00', '0.00'),
(5267, 9, 30, 261, 668, '0.00', '0.00', '0.00'),
(5268, 9, 30, 262, 669, '5.00', '20.00', '5.00'),
(5269, 9, 30, 263, 670, '20.00', '20.00', '20.00'),
(5270, 9, 30, 264, 671, '40.00', '80.00', '40.00'),
(5271, 9, 30, 265, 672, '10.00', '40.00', '10.00'),
(5272, 9, 30, 266, 673, '45.00', '40.00', '40.00'),
(5273, 9, 30, 267, 674, '40.00', '30.00', '30.00'),
(5274, 9, 30, 268, 675, '6.75', '9.00', '6.75'),
(5275, 9, 30, 269, 676, '5.00', '20.00', '5.00'),
(5276, 9, 30, 270, 677, '5.00', '20.00', '5.00'),
(5277, 9, 30, 271, 678, '20.00', '20.00', '20.00'),
(5278, 9, 30, 272, 679, '45.00', '60.00', '45.00'),
(5279, 9, 30, 273, 680, '20.00', '20.00', '20.00'),
(5280, 13, 30, 347, 667, '0.00', '0.00', '0.00'),
(5281, 13, 30, 348, 668, '0.00', '0.00', '0.00'),
(5282, 13, 30, 349, 669, '5.00', '20.00', '5.00'),
(5283, 13, 30, 350, 670, '0.00', '20.00', '0.00'),
(5284, 13, 30, 351, 671, '0.00', '80.00', '0.00'),
(5285, 13, 30, 352, 672, '10.00', '40.00', '10.00'),
(5286, 13, 30, 353, 673, '30.00', '40.00', '30.00'),
(5287, 13, 30, 354, 674, '25.00', '30.00', '25.00'),
(5288, 13, 30, 355, 675, '9.00', '9.00', '9.00'),
(5289, 13, 30, 356, 676, '20.00', '20.00', '20.00'),
(5290, 13, 30, 357, 677, '5.00', '20.00', '5.00'),
(5291, 13, 30, 358, 678, '20.00', '20.00', '20.00'),
(5292, 13, 30, 359, 679, '60.00', '60.00', '60.00'),
(5293, 13, 30, 360, 680, '20.00', '20.00', '20.00'),
(5294, 15, 30, 385, 667, '0.00', '0.00', '0.00'),
(5295, 15, 30, 386, 668, '0.00', '0.00', '0.00'),
(5296, 15, 30, 387, 669, '25.00', '20.00', '20.00'),
(5297, 15, 30, 388, 670, '0.00', '20.00', '0.00'),
(5298, 15, 30, 389, 671, '40.00', '80.00', '40.00'),
(5299, 15, 30, 390, 672, '5.00', '40.00', '5.00'),
(5300, 15, 30, 391, 673, '40.00', '40.00', '40.00'),
(5301, 15, 30, 392, 674, '5.00', '30.00', '5.00'),
(5302, 15, 30, 393, 675, '3.75', '9.00', '3.75'),
(5303, 15, 30, 394, 676, '5.00', '20.00', '5.00'),
(5304, 15, 30, 395, 677, '0.00', '20.00', '0.00'),
(5305, 15, 30, 396, 678, '5.00', '20.00', '5.00'),
(5306, 15, 30, 397, 679, '5.00', '60.00', '5.00'),
(5307, 15, 30, 398, 680, '5.00', '20.00', '5.00'),
(5322, 27, 30, 617, 667, '0.00', '0.00', '0.00'),
(5323, 27, 30, 618, 668, '0.00', '0.00', '0.00'),
(5324, 27, 30, 619, 669, '5.00', '20.00', '5.00'),
(5325, 27, 30, 620, 670, '0.00', '20.00', '0.00'),
(5326, 27, 30, 621, 671, '80.00', '80.00', '80.00'),
(5327, 27, 30, 622, 672, '25.00', '40.00', '25.00'),
(5328, 27, 30, 623, 673, '35.00', '40.00', '35.00'),
(5329, 27, 30, 624, 674, '25.00', '30.00', '25.00'),
(5330, 27, 30, 625, 675, '6.75', '9.00', '6.75'),
(5331, 27, 30, 626, 676, '20.00', '20.00', '20.00'),
(5332, 27, 30, 627, 677, '20.00', '20.00', '20.00'),
(5333, 27, 30, 628, 678, '10.00', '20.00', '10.00'),
(5334, 27, 30, 629, 679, '30.00', '60.00', '30.00'),
(5335, 27, 30, 630, 680, '5.00', '20.00', '5.00'),
(5336, 28, 30, 631, 667, '0.00', '0.00', '0.00'),
(5337, 28, 30, 632, 668, '0.00', '0.00', '0.00'),
(5338, 28, 30, 633, 669, '10.00', '20.00', '10.00'),
(5339, 28, 30, 634, 670, '20.00', '20.00', '20.00'),
(5340, 28, 30, 635, 671, '40.00', '80.00', '40.00'),
(5341, 28, 30, 636, 672, '40.00', '40.00', '40.00'),
(5342, 28, 30, 637, 673, '60.00', '40.00', '40.00'),
(5343, 28, 30, 638, 674, '25.00', '30.00', '25.00'),
(5344, 28, 30, 639, 675, '6.75', '9.00', '6.75'),
(5345, 28, 30, 640, 676, '5.00', '20.00', '5.00'),
(5346, 28, 30, 641, 677, '5.00', '20.00', '5.00'),
(5347, 28, 30, 642, 678, '20.00', '20.00', '20.00'),
(5348, 28, 30, 643, 679, '45.00', '60.00', '45.00'),
(5349, 28, 30, 644, 680, '20.00', '20.00', '20.00'),
(5350, 30, 1, 667, 1, '0.00', '0.00', '0.00'),
(5351, 30, 1, 668, 2, '0.00', '0.00', '0.00'),
(5352, 30, 1, 669, 3, '20.00', '20.00', '20.00'),
(5353, 30, 1, 670, 4, '0.00', '20.00', '0.00'),
(5354, 30, 1, 671, 5, '40.00', '80.00', '40.00'),
(5355, 30, 1, 672, 6, '40.00', '40.00', '40.00'),
(5356, 30, 1, 673, 7, '60.00', '40.00', '40.00'),
(5357, 30, 1, 674, 8, '40.00', '30.00', '30.00'),
(5358, 30, 1, 675, 9, '9.00', '9.00', '9.00'),
(5359, 30, 1, 676, 10, '5.00', '20.00', '5.00'),
(5360, 30, 1, 677, 11, '5.00', '20.00', '5.00'),
(5361, 30, 1, 678, 12, '20.00', '20.00', '20.00'),
(5362, 30, 1, 679, 13, '60.00', '60.00', '60.00'),
(5363, 30, 1, 680, 14, '20.00', '20.00', '20.00'),
(5364, 30, 2, 667, 15, '0.00', '0.00', '0.00'),
(5365, 30, 2, 668, 16, '0.00', '0.00', '0.00'),
(5366, 30, 2, 669, 17, '20.00', '20.00', '20.00'),
(5367, 30, 2, 670, 18, '20.00', '20.00', '20.00'),
(5368, 30, 2, 671, 19, '40.00', '80.00', '40.00'),
(5369, 30, 2, 672, 20, '25.00', '40.00', '25.00'),
(5370, 30, 2, 673, 21, '45.00', '40.00', '40.00'),
(5371, 30, 2, 674, 22, '25.00', '30.00', '25.00'),
(5372, 30, 2, 675, 23, '6.75', '9.00', '6.75'),
(5373, 30, 2, 676, 24, '5.00', '20.00', '5.00'),
(5374, 30, 2, 677, 25, '20.00', '20.00', '20.00'),
(5375, 30, 2, 678, 26, '5.00', '20.00', '5.00'),
(5376, 30, 2, 679, 27, '45.00', '60.00', '45.00'),
(5377, 30, 2, 680, 28, '5.00', '20.00', '5.00'),
(5378, 30, 4, 667, 63, '0.00', '0.00', '0.00'),
(5379, 30, 4, 668, 64, '0.00', '0.00', '0.00'),
(5380, 30, 4, 669, 65, '20.00', '20.00', '20.00'),
(5381, 30, 4, 670, 66, '20.00', '20.00', '20.00'),
(5382, 30, 4, 671, 67, '80.00', '80.00', '80.00'),
(5383, 30, 4, 672, 68, '40.00', '40.00', '40.00'),
(5384, 30, 4, 673, 69, '60.00', '40.00', '40.00'),
(5385, 30, 4, 674, 70, '40.00', '30.00', '30.00'),
(5386, 30, 4, 675, 71, '9.00', '9.00', '9.00'),
(5387, 30, 4, 676, 72, '20.00', '20.00', '20.00'),
(5388, 30, 4, 677, 73, '20.00', '20.00', '20.00'),
(5389, 30, 4, 678, 74, '20.00', '20.00', '20.00'),
(5390, 30, 4, 679, 75, '60.00', '60.00', '60.00'),
(5391, 30, 4, 680, 76, '20.00', '20.00', '20.00'),
(5392, 30, 5, 667, 110, '0.00', '0.00', '0.00'),
(5393, 30, 5, 668, 111, '0.00', '0.00', '0.00'),
(5394, 30, 5, 669, 112, '5.00', '20.00', '5.00'),
(5395, 30, 5, 670, 113, '20.00', '20.00', '20.00'),
(5396, 30, 5, 671, 114, '20.00', '80.00', '20.00'),
(5397, 30, 5, 672, 115, '10.00', '40.00', '10.00'),
(5398, 30, 5, 673, 116, '10.00', '40.00', '10.00'),
(5399, 30, 5, 674, 117, '5.00', '30.00', '5.00'),
(5400, 30, 5, 675, 118, '0.75', '9.00', '0.75'),
(5401, 30, 5, 676, 119, '5.00', '20.00', '5.00'),
(5402, 30, 5, 677, 120, '5.00', '20.00', '5.00'),
(5403, 30, 5, 678, 121, '20.00', '20.00', '20.00'),
(5404, 30, 5, 679, 122, '5.00', '60.00', '5.00'),
(5405, 30, 5, 680, 123, '5.00', '20.00', '5.00'),
(5406, 30, 6, 667, 181, '0.00', '0.00', '0.00'),
(5407, 30, 6, 668, 182, '0.00', '0.00', '0.00'),
(5408, 30, 6, 669, 203, '15.00', '20.00', '15.00'),
(5409, 30, 6, 670, 204, '0.00', '20.00', '0.00'),
(5410, 30, 6, 671, 333, '60.00', '80.00', '60.00'),
(5411, 30, 6, 672, 210, '50.00', '40.00', '40.00'),
(5412, 30, 6, 673, 335, '40.00', '40.00', '40.00'),
(5413, 30, 6, 674, 212, '35.00', '30.00', '30.00'),
(5414, 30, 6, 675, 213, '9.00', '9.00', '9.00'),
(5415, 30, 6, 676, 214, '5.00', '20.00', '5.00'),
(5416, 30, 6, 677, 215, '20.00', '20.00', '20.00'),
(5417, 30, 6, 678, 216, '40.00', '20.00', '20.00'),
(5418, 30, 6, 679, 217, '50.00', '60.00', '50.00'),
(5419, 30, 6, 680, 218, '20.00', '20.00', '20.00'),
(5420, 30, 9, 667, 260, '0.00', '0.00', '0.00'),
(5421, 30, 9, 668, 261, '0.00', '0.00', '0.00'),
(5422, 30, 9, 669, 262, '5.00', '20.00', '5.00'),
(5423, 30, 9, 670, 263, '20.00', '20.00', '20.00'),
(5424, 30, 9, 671, 264, '40.00', '80.00', '40.00'),
(5425, 30, 9, 672, 265, '10.00', '40.00', '10.00'),
(5426, 30, 9, 673, 266, '50.00', '40.00', '40.00'),
(5427, 30, 9, 674, 267, '40.00', '30.00', '30.00'),
(5428, 30, 9, 675, 268, '6.75', '9.00', '6.75'),
(5429, 30, 9, 676, 269, '5.00', '20.00', '5.00'),
(5430, 30, 9, 677, 270, '5.00', '20.00', '5.00'),
(5431, 30, 9, 678, 271, '20.00', '20.00', '20.00'),
(5432, 30, 9, 679, 272, '45.00', '60.00', '45.00'),
(5433, 30, 9, 680, 273, '20.00', '20.00', '20.00'),
(5434, 30, 13, 667, 347, '0.00', '0.00', '0.00'),
(5435, 30, 13, 668, 348, '0.00', '0.00', '0.00'),
(5436, 30, 13, 669, 349, '5.00', '20.00', '5.00'),
(5437, 30, 13, 670, 350, '0.00', '20.00', '0.00'),
(5438, 30, 13, 671, 351, '0.00', '80.00', '0.00'),
(5439, 30, 13, 672, 352, '10.00', '40.00', '10.00'),
(5440, 30, 13, 673, 353, '30.00', '40.00', '30.00'),
(5441, 30, 13, 674, 354, '25.00', '30.00', '25.00'),
(5442, 30, 13, 675, 355, '9.00', '9.00', '9.00'),
(5443, 30, 13, 676, 356, '20.00', '20.00', '20.00'),
(5444, 30, 13, 677, 357, '5.00', '20.00', '5.00'),
(5445, 30, 13, 678, 358, '20.00', '20.00', '20.00'),
(5446, 30, 13, 679, 359, '60.00', '60.00', '60.00'),
(5447, 30, 13, 680, 360, '20.00', '20.00', '20.00'),
(5448, 30, 15, 667, 385, '0.00', '0.00', '0.00'),
(5449, 30, 15, 668, 386, '0.00', '0.00', '0.00'),
(5450, 30, 15, 669, 387, '25.00', '20.00', '20.00'),
(5451, 30, 15, 670, 388, '0.00', '20.00', '0.00'),
(5452, 30, 15, 671, 389, '40.00', '80.00', '40.00'),
(5453, 30, 15, 672, 390, '5.00', '40.00', '5.00'),
(5454, 30, 15, 673, 391, '40.00', '40.00', '40.00'),
(5455, 30, 15, 674, 392, '5.00', '30.00', '5.00'),
(5456, 30, 15, 675, 393, '3.75', '9.00', '3.75'),
(5457, 30, 15, 676, 394, '5.00', '20.00', '5.00'),
(5458, 30, 15, 677, 395, '0.00', '20.00', '0.00'),
(5459, 30, 15, 678, 396, '5.00', '20.00', '5.00'),
(5460, 30, 15, 679, 397, '5.00', '60.00', '5.00'),
(5461, 30, 15, 680, 398, '5.00', '20.00', '5.00'),
(5476, 30, 27, 667, 617, '0.00', '0.00', '0.00'),
(5477, 30, 27, 668, 618, '0.00', '0.00', '0.00'),
(5478, 30, 27, 669, 619, '5.00', '20.00', '5.00'),
(5479, 30, 27, 670, 620, '0.00', '20.00', '0.00'),
(5480, 30, 27, 671, 621, '80.00', '80.00', '80.00'),
(5481, 30, 27, 672, 622, '25.00', '40.00', '25.00'),
(5482, 30, 27, 673, 623, '35.00', '40.00', '35.00'),
(5483, 30, 27, 674, 624, '25.00', '30.00', '25.00'),
(5484, 30, 27, 675, 625, '6.75', '9.00', '6.75'),
(5485, 30, 27, 676, 626, '20.00', '20.00', '20.00'),
(5486, 30, 27, 677, 627, '20.00', '20.00', '20.00'),
(5487, 30, 27, 678, 628, '10.00', '20.00', '10.00'),
(5488, 30, 27, 679, 629, '30.00', '60.00', '30.00'),
(5489, 30, 27, 680, 630, '5.00', '20.00', '5.00'),
(5490, 30, 28, 667, 631, '0.00', '0.00', '0.00'),
(5491, 30, 28, 668, 632, '0.00', '0.00', '0.00'),
(5492, 30, 28, 669, 633, '10.00', '20.00', '10.00'),
(5493, 30, 28, 670, 634, '20.00', '20.00', '20.00'),
(5494, 30, 28, 671, 635, '40.00', '80.00', '40.00'),
(5495, 30, 28, 672, 636, '40.00', '40.00', '40.00'),
(5496, 30, 28, 673, 637, '60.00', '40.00', '40.00'),
(5497, 30, 28, 674, 638, '25.00', '30.00', '25.00'),
(5498, 30, 28, 675, 639, '6.75', '9.00', '6.75'),
(5499, 30, 28, 676, 640, '5.00', '20.00', '5.00'),
(5500, 30, 28, 677, 641, '5.00', '20.00', '5.00'),
(5501, 30, 28, 678, 642, '20.00', '20.00', '20.00'),
(5502, 30, 28, 679, 643, '45.00', '60.00', '45.00'),
(5503, 30, 28, 680, 644, '20.00', '20.00', '20.00'),
(5504, 2, 30, 29, 681, '60.00', '60.00', '60.00'),
(5505, 2, 30, 30, 682, '20.00', '20.00', '20.00'),
(5506, 2, 30, 31, 683, '20.00', '20.00', '20.00'),
(5507, 2, 30, 32, 684, '20.00', '20.00', '20.00'),
(5508, 4, 30, 77, 681, '60.00', '60.00', '60.00'),
(5509, 4, 30, 78, 682, '20.00', '20.00', '20.00'),
(5510, 4, 30, 79, 683, '20.00', '20.00', '20.00'),
(5511, 4, 30, 80, 684, '20.00', '20.00', '20.00'),
(5512, 6, 30, 219, 681, '50.00', '60.00', '50.00'),
(5513, 6, 30, 220, 682, '20.00', '20.00', '20.00'),
(5514, 6, 30, 221, 683, '10.00', '20.00', '10.00'),
(5515, 6, 30, 346, 684, '0.00', '20.00', '0.00'),
(5516, 9, 30, 274, 681, '60.00', '60.00', '60.00'),
(5517, 9, 30, 275, 682, '0.00', '20.00', '0.00'),
(5518, 9, 30, 276, 683, '10.00', '20.00', '10.00'),
(5519, 9, 30, 277, 684, '10.00', '20.00', '10.00'),
(5520, 13, 30, 361, 681, '60.00', '60.00', '60.00'),
(5521, 13, 30, 362, 682, '20.00', '20.00', '20.00'),
(5522, 13, 30, 363, 683, '20.00', '20.00', '20.00'),
(5523, 13, 30, 364, 684, '20.00', '20.00', '20.00'),
(5524, 15, 30, 399, 681, '20.00', '60.00', '20.00'),
(5525, 15, 30, 400, 682, '0.00', '20.00', '0.00'),
(5526, 15, 30, 401, 683, '10.00', '20.00', '10.00'),
(5527, 15, 30, 402, 684, '10.00', '20.00', '10.00'),
(5528, 28, 30, 645, 681, '60.00', '60.00', '60.00'),
(5529, 28, 30, 646, 682, '20.00', '20.00', '20.00'),
(5530, 28, 30, 647, 683, '20.00', '20.00', '20.00'),
(5531, 28, 30, 648, 684, '20.00', '20.00', '20.00'),
(5532, 30, 2, 681, 29, '60.00', '60.00', '60.00'),
(5533, 30, 2, 682, 30, '20.00', '20.00', '20.00'),
(5534, 30, 2, 683, 31, '20.00', '20.00', '20.00'),
(5535, 30, 2, 684, 32, '20.00', '20.00', '20.00'),
(5536, 30, 4, 681, 77, '60.00', '60.00', '60.00'),
(5537, 30, 4, 682, 78, '20.00', '20.00', '20.00'),
(5538, 30, 4, 683, 79, '20.00', '20.00', '20.00'),
(5539, 30, 4, 684, 80, '20.00', '20.00', '20.00'),
(5540, 30, 6, 681, 219, '50.00', '60.00', '50.00'),
(5541, 30, 6, 682, 220, '20.00', '20.00', '20.00'),
(5542, 30, 6, 683, 221, '10.00', '20.00', '10.00'),
(5543, 30, 6, 684, 346, '0.00', '20.00', '0.00'),
(5544, 30, 9, 681, 274, '60.00', '60.00', '60.00'),
(5545, 30, 9, 682, 275, '0.00', '20.00', '0.00'),
(5546, 30, 9, 683, 276, '10.00', '20.00', '10.00'),
(5547, 30, 9, 684, 277, '10.00', '20.00', '10.00'),
(5548, 30, 13, 681, 361, '60.00', '60.00', '60.00'),
(5549, 30, 13, 682, 362, '20.00', '20.00', '20.00'),
(5550, 30, 13, 683, 363, '20.00', '20.00', '20.00'),
(5551, 30, 13, 684, 364, '20.00', '20.00', '20.00'),
(5552, 30, 15, 681, 399, '20.00', '60.00', '20.00'),
(5553, 30, 15, 682, 400, '0.00', '20.00', '0.00'),
(5554, 30, 15, 683, 401, '10.00', '20.00', '10.00'),
(5555, 30, 15, 684, 402, '10.00', '20.00', '10.00'),
(5556, 30, 28, 681, 645, '60.00', '60.00', '60.00'),
(5557, 30, 28, 682, 646, '20.00', '20.00', '20.00'),
(5558, 30, 28, 683, 647, '20.00', '20.00', '20.00'),
(5559, 30, 28, 684, 648, '20.00', '20.00', '20.00'),
(6304, 1, 33, 1, 721, '0.00', '0.00', '0.00'),
(6305, 1, 33, 2, 722, '0.00', '0.00', '0.00'),
(6306, 1, 33, 3, 723, '20.00', '20.00', '20.00'),
(6307, 1, 33, 4, 724, '20.00', '20.00', '20.00'),
(6308, 1, 33, 5, 725, '40.00', '80.00', '40.00'),
(6309, 1, 33, 6, 726, '30.00', '40.00', '30.00'),
(6310, 1, 33, 7, 727, '20.00', '40.00', '20.00'),
(6311, 1, 33, 8, 728, '15.00', '30.00', '15.00'),
(6312, 1, 33, 9, 729, '6.75', '9.00', '6.75'),
(6313, 1, 33, 10, 730, '5.00', '20.00', '5.00'),
(6314, 1, 33, 11, 731, '20.00', '20.00', '20.00'),
(6315, 1, 33, 12, 732, '5.00', '20.00', '5.00'),
(6316, 1, 33, 13, 733, '30.00', '60.00', '30.00'),
(6317, 1, 33, 14, 734, '20.00', '20.00', '20.00'),
(6318, 2, 33, 15, 721, '0.00', '0.00', '0.00'),
(6319, 2, 33, 16, 722, '0.00', '0.00', '0.00'),
(6320, 2, 33, 17, 723, '20.00', '20.00', '20.00'),
(6321, 2, 33, 18, 724, '0.00', '20.00', '0.00'),
(6322, 2, 33, 19, 725, '40.00', '80.00', '40.00'),
(6323, 2, 33, 20, 726, '25.00', '40.00', '25.00'),
(6324, 2, 33, 21, 727, '30.00', '40.00', '30.00'),
(6325, 2, 33, 22, 728, '30.00', '30.00', '30.00'),
(6326, 2, 33, 23, 729, '6.75', '9.00', '6.75'),
(6327, 2, 33, 24, 730, '5.00', '20.00', '5.00'),
(6328, 2, 33, 25, 731, '5.00', '20.00', '5.00'),
(6329, 2, 33, 26, 732, '5.00', '20.00', '5.00'),
(6330, 2, 33, 27, 733, '30.00', '60.00', '30.00'),
(6331, 2, 33, 28, 734, '5.00', '20.00', '5.00'),
(6332, 4, 33, 63, 721, '0.00', '0.00', '0.00'),
(6333, 4, 33, 64, 722, '0.00', '0.00', '0.00'),
(6334, 4, 33, 65, 723, '20.00', '20.00', '20.00'),
(6335, 4, 33, 66, 724, '0.00', '20.00', '0.00'),
(6336, 4, 33, 67, 725, '80.00', '80.00', '80.00'),
(6337, 4, 33, 68, 726, '30.00', '40.00', '30.00'),
(6338, 4, 33, 69, 727, '15.00', '40.00', '15.00'),
(6339, 4, 33, 70, 728, '10.00', '30.00', '10.00'),
(6340, 4, 33, 71, 729, '6.75', '9.00', '6.75'),
(6341, 4, 33, 72, 730, '20.00', '20.00', '20.00'),
(6342, 4, 33, 73, 731, '5.00', '20.00', '5.00'),
(6343, 4, 33, 74, 732, '5.00', '20.00', '5.00'),
(6344, 4, 33, 75, 733, '30.00', '60.00', '30.00'),
(6345, 4, 33, 76, 734, '20.00', '20.00', '20.00'),
(6346, 5, 33, 110, 721, '0.00', '0.00', '0.00'),
(6347, 5, 33, 111, 722, '0.00', '0.00', '0.00'),
(6348, 5, 33, 112, 723, '5.00', '20.00', '5.00'),
(6349, 5, 33, 113, 724, '0.00', '20.00', '0.00'),
(6350, 5, 33, 114, 725, '20.00', '80.00', '20.00'),
(6351, 5, 33, 115, 726, '20.00', '40.00', '20.00'),
(6352, 5, 33, 116, 727, '25.00', '40.00', '25.00'),
(6353, 5, 33, 117, 728, '5.00', '30.00', '5.00'),
(6354, 5, 33, 118, 729, '0.75', '9.00', '0.75'),
(6355, 5, 33, 119, 730, '5.00', '20.00', '5.00'),
(6356, 5, 33, 120, 731, '20.00', '20.00', '20.00'),
(6357, 5, 33, 121, 732, '5.00', '20.00', '5.00'),
(6358, 5, 33, 122, 733, '5.00', '60.00', '5.00'),
(6359, 5, 33, 123, 734, '5.00', '20.00', '5.00'),
(6360, 6, 33, 181, 721, '0.00', '0.00', '0.00'),
(6361, 6, 33, 182, 722, '0.00', '0.00', '0.00'),
(6362, 6, 33, 203, 723, '15.00', '20.00', '15.00'),
(6363, 6, 33, 204, 724, '40.00', '20.00', '20.00'),
(6364, 6, 33, 333, 725, '60.00', '80.00', '60.00'),
(6365, 6, 33, 210, 726, '65.00', '40.00', '40.00'),
(6366, 6, 33, 211, 727, '70.00', '40.00', '40.00'),
(6367, 6, 33, 336, 728, '50.00', '30.00', '30.00'),
(6368, 6, 33, 337, 729, '3.75', '9.00', '3.75'),
(6369, 6, 33, 214, 730, '5.00', '20.00', '5.00'),
(6370, 6, 33, 215, 731, '5.00', '20.00', '5.00'),
(6371, 6, 33, 216, 732, '5.00', '20.00', '5.00'),
(6372, 6, 33, 217, 733, '35.00', '60.00', '35.00'),
(6373, 6, 33, 218, 734, '20.00', '20.00', '20.00'),
(6374, 9, 33, 260, 721, '0.00', '0.00', '0.00'),
(6375, 9, 33, 261, 722, '0.00', '0.00', '0.00'),
(6376, 9, 33, 262, 723, '5.00', '20.00', '5.00'),
(6377, 9, 33, 263, 724, '0.00', '20.00', '0.00'),
(6378, 9, 33, 264, 725, '40.00', '80.00', '40.00'),
(6379, 9, 33, 265, 726, '15.00', '40.00', '15.00'),
(6380, 9, 33, 266, 727, '30.00', '40.00', '30.00'),
(6381, 9, 33, 267, 728, '10.00', '30.00', '10.00'),
(6382, 9, 33, 268, 729, '4.50', '9.00', '4.50'),
(6383, 9, 33, 269, 730, '5.00', '20.00', '5.00'),
(6384, 9, 33, 270, 731, '20.00', '20.00', '20.00'),
(6385, 9, 33, 271, 732, '5.00', '20.00', '5.00'),
(6386, 9, 33, 272, 733, '15.00', '60.00', '15.00'),
(6387, 9, 33, 273, 734, '20.00', '20.00', '20.00'),
(6388, 13, 33, 347, 721, '0.00', '0.00', '0.00'),
(6389, 13, 33, 348, 722, '0.00', '0.00', '0.00'),
(6390, 13, 33, 349, 723, '5.00', '20.00', '5.00'),
(6391, 13, 33, 350, 724, '20.00', '20.00', '20.00'),
(6392, 13, 33, 351, 725, '0.00', '80.00', '0.00'),
(6393, 13, 33, 352, 726, '30.00', '40.00', '30.00'),
(6394, 13, 33, 353, 727, '45.00', '40.00', '40.00'),
(6395, 13, 33, 354, 728, '30.00', '30.00', '30.00'),
(6396, 13, 33, 355, 729, '6.75', '9.00', '6.75'),
(6397, 13, 33, 356, 730, '20.00', '20.00', '20.00'),
(6398, 13, 33, 357, 731, '20.00', '20.00', '20.00'),
(6399, 13, 33, 358, 732, '5.00', '20.00', '5.00'),
(6400, 13, 33, 359, 733, '30.00', '60.00', '30.00'),
(6401, 13, 33, 360, 734, '20.00', '20.00', '20.00'),
(6402, 15, 33, 385, 721, '0.00', '0.00', '0.00'),
(6403, 15, 33, 386, 722, '0.00', '0.00', '0.00'),
(6404, 15, 33, 387, 723, '25.00', '20.00', '20.00'),
(6405, 15, 33, 388, 724, '20.00', '20.00', '20.00'),
(6406, 15, 33, 389, 725, '40.00', '80.00', '40.00'),
(6407, 15, 33, 390, 726, '10.00', '40.00', '10.00'),
(6408, 15, 33, 391, 727, '5.00', '40.00', '5.00'),
(6409, 15, 33, 392, 728, '40.00', '30.00', '30.00'),
(6410, 15, 33, 393, 729, '6.00', '9.00', '6.00'),
(6411, 15, 33, 394, 730, '5.00', '20.00', '5.00'),
(6412, 15, 33, 395, 731, '0.00', '20.00', '0.00'),
(6413, 15, 33, 396, 732, '40.00', '20.00', '20.00'),
(6414, 15, 33, 397, 733, '5.00', '60.00', '5.00'),
(6415, 15, 33, 398, 734, '5.00', '20.00', '5.00'),
(6416, 27, 33, 617, 721, '0.00', '0.00', '0.00'),
(6417, 27, 33, 618, 722, '0.00', '0.00', '0.00'),
(6418, 27, 33, 619, 723, '5.00', '20.00', '5.00'),
(6419, 27, 33, 620, 724, '20.00', '20.00', '20.00'),
(6420, 27, 33, 621, 725, '80.00', '80.00', '80.00'),
(6421, 27, 33, 622, 726, '25.00', '40.00', '25.00'),
(6422, 27, 33, 623, 727, '50.00', '40.00', '40.00'),
(6423, 27, 33, 624, 728, '25.00', '30.00', '25.00'),
(6424, 27, 33, 625, 729, '6.75', '9.00', '6.75'),
(6425, 27, 33, 626, 730, '20.00', '20.00', '20.00'),
(6426, 27, 33, 627, 731, '5.00', '20.00', '5.00'),
(6427, 27, 33, 628, 732, '5.00', '20.00', '5.00'),
(6428, 27, 33, 629, 733, '45.00', '60.00', '45.00'),
(6429, 27, 33, 630, 734, '5.00', '20.00', '5.00'),
(6430, 28, 33, 631, 721, '0.00', '0.00', '0.00'),
(6431, 28, 33, 632, 722, '0.00', '0.00', '0.00'),
(6432, 28, 33, 633, 723, '10.00', '20.00', '10.00'),
(6433, 28, 33, 634, 724, '0.00', '20.00', '0.00'),
(6434, 28, 33, 635, 725, '40.00', '80.00', '40.00'),
(6435, 28, 33, 636, 726, '30.00', '40.00', '30.00'),
(6436, 28, 33, 637, 727, '15.00', '40.00', '15.00'),
(6437, 28, 33, 638, 728, '15.00', '30.00', '15.00'),
(6438, 28, 33, 639, 729, '6.75', '9.00', '6.75'),
(6439, 28, 33, 640, 730, '5.00', '20.00', '5.00'),
(6440, 28, 33, 641, 731, '20.00', '20.00', '20.00'),
(6441, 28, 33, 642, 732, '5.00', '20.00', '5.00'),
(6442, 28, 33, 643, 733, '15.00', '60.00', '15.00'),
(6443, 28, 33, 644, 734, '20.00', '20.00', '20.00'),
(6444, 30, 33, 667, 721, '0.00', '0.00', '0.00'),
(6445, 30, 33, 668, 722, '0.00', '0.00', '0.00'),
(6446, 30, 33, 669, 723, '20.00', '20.00', '20.00'),
(6447, 30, 33, 670, 724, '0.00', '20.00', '0.00'),
(6448, 30, 33, 671, 725, '80.00', '80.00', '80.00'),
(6449, 30, 33, 672, 726, '30.00', '40.00', '30.00'),
(6450, 30, 33, 673, 727, '15.00', '40.00', '15.00'),
(6451, 30, 33, 674, 728, '10.00', '30.00', '10.00'),
(6452, 30, 33, 675, 729, '6.75', '9.00', '6.75'),
(6453, 30, 33, 676, 730, '20.00', '20.00', '20.00'),
(6454, 30, 33, 677, 731, '5.00', '20.00', '5.00'),
(6455, 30, 33, 678, 732, '5.00', '20.00', '5.00'),
(6456, 30, 33, 679, 733, '30.00', '60.00', '30.00'),
(6457, 30, 33, 680, 734, '20.00', '20.00', '20.00'),
(6472, 33, 1, 721, 1, '0.00', '0.00', '0.00'),
(6473, 33, 1, 722, 2, '0.00', '0.00', '0.00'),
(6474, 33, 1, 723, 3, '20.00', '20.00', '20.00'),
(6475, 33, 1, 724, 4, '20.00', '20.00', '20.00'),
(6476, 33, 1, 725, 5, '40.00', '80.00', '40.00'),
(6477, 33, 1, 726, 6, '30.00', '40.00', '30.00'),
(6478, 33, 1, 727, 7, '20.00', '40.00', '20.00'),
(6479, 33, 1, 728, 8, '15.00', '30.00', '15.00'),
(6480, 33, 1, 729, 9, '6.75', '9.00', '6.75'),
(6481, 33, 1, 730, 10, '5.00', '20.00', '5.00'),
(6482, 33, 1, 731, 11, '20.00', '20.00', '20.00'),
(6483, 33, 1, 732, 12, '5.00', '20.00', '5.00'),
(6484, 33, 1, 733, 13, '30.00', '60.00', '30.00'),
(6485, 33, 1, 734, 14, '20.00', '20.00', '20.00'),
(6486, 33, 2, 721, 15, '0.00', '0.00', '0.00'),
(6487, 33, 2, 722, 16, '0.00', '0.00', '0.00'),
(6488, 33, 2, 723, 17, '20.00', '20.00', '20.00'),
(6489, 33, 2, 724, 18, '0.00', '20.00', '0.00'),
(6490, 33, 2, 725, 19, '40.00', '80.00', '40.00'),
(6491, 33, 2, 726, 20, '25.00', '40.00', '25.00'),
(6492, 33, 2, 727, 21, '30.00', '40.00', '30.00'),
(6493, 33, 2, 728, 22, '30.00', '30.00', '30.00'),
(6494, 33, 2, 729, 23, '6.75', '9.00', '6.75'),
(6495, 33, 2, 730, 24, '5.00', '20.00', '5.00'),
(6496, 33, 2, 731, 25, '5.00', '20.00', '5.00'),
(6497, 33, 2, 732, 26, '5.00', '20.00', '5.00'),
(6498, 33, 2, 733, 27, '30.00', '60.00', '30.00'),
(6499, 33, 2, 734, 28, '5.00', '20.00', '5.00'),
(6500, 33, 4, 721, 63, '0.00', '0.00', '0.00'),
(6501, 33, 4, 722, 64, '0.00', '0.00', '0.00'),
(6502, 33, 4, 723, 65, '20.00', '20.00', '20.00'),
(6503, 33, 4, 724, 66, '0.00', '20.00', '0.00'),
(6504, 33, 4, 725, 67, '80.00', '80.00', '80.00'),
(6505, 33, 4, 726, 68, '30.00', '40.00', '30.00'),
(6506, 33, 4, 727, 69, '15.00', '40.00', '15.00'),
(6507, 33, 4, 728, 70, '10.00', '30.00', '10.00'),
(6508, 33, 4, 729, 71, '6.75', '9.00', '6.75'),
(6509, 33, 4, 730, 72, '20.00', '20.00', '20.00'),
(6510, 33, 4, 731, 73, '5.00', '20.00', '5.00'),
(6511, 33, 4, 732, 74, '5.00', '20.00', '5.00'),
(6512, 33, 4, 733, 75, '30.00', '60.00', '30.00'),
(6513, 33, 4, 734, 76, '20.00', '20.00', '20.00'),
(6514, 33, 5, 721, 110, '0.00', '0.00', '0.00'),
(6515, 33, 5, 722, 111, '0.00', '0.00', '0.00'),
(6516, 33, 5, 723, 112, '5.00', '20.00', '5.00'),
(6517, 33, 5, 724, 113, '0.00', '20.00', '0.00'),
(6518, 33, 5, 725, 114, '20.00', '80.00', '20.00'),
(6519, 33, 5, 726, 115, '20.00', '40.00', '20.00'),
(6520, 33, 5, 727, 116, '25.00', '40.00', '25.00'),
(6521, 33, 5, 728, 117, '5.00', '30.00', '5.00'),
(6522, 33, 5, 729, 118, '0.75', '9.00', '0.75'),
(6523, 33, 5, 730, 119, '5.00', '20.00', '5.00'),
(6524, 33, 5, 731, 120, '20.00', '20.00', '20.00'),
(6525, 33, 5, 732, 121, '5.00', '20.00', '5.00'),
(6526, 33, 5, 733, 122, '5.00', '60.00', '5.00'),
(6527, 33, 5, 734, 123, '5.00', '20.00', '5.00'),
(6528, 33, 6, 721, 181, '0.00', '0.00', '0.00'),
(6529, 33, 6, 722, 182, '0.00', '0.00', '0.00'),
(6530, 33, 6, 723, 203, '15.00', '20.00', '15.00'),
(6531, 33, 6, 724, 204, '40.00', '20.00', '20.00'),
(6532, 33, 6, 725, 333, '60.00', '80.00', '60.00'),
(6533, 33, 6, 726, 210, '65.00', '40.00', '40.00'),
(6534, 33, 6, 727, 211, '70.00', '40.00', '40.00'),
(6535, 33, 6, 728, 336, '50.00', '30.00', '30.00'),
(6536, 33, 6, 729, 337, '3.75', '9.00', '3.75'),
(6537, 33, 6, 730, 214, '5.00', '20.00', '5.00'),
(6538, 33, 6, 731, 215, '5.00', '20.00', '5.00'),
(6539, 33, 6, 732, 216, '5.00', '20.00', '5.00'),
(6540, 33, 6, 733, 217, '35.00', '60.00', '35.00'),
(6541, 33, 6, 734, 218, '20.00', '20.00', '20.00'),
(6542, 33, 9, 721, 260, '0.00', '0.00', '0.00'),
(6543, 33, 9, 722, 261, '0.00', '0.00', '0.00'),
(6544, 33, 9, 723, 262, '5.00', '20.00', '5.00'),
(6545, 33, 9, 724, 263, '0.00', '20.00', '0.00'),
(6546, 33, 9, 725, 264, '40.00', '80.00', '40.00'),
(6547, 33, 9, 726, 265, '15.00', '40.00', '15.00'),
(6548, 33, 9, 727, 266, '30.00', '40.00', '30.00'),
(6549, 33, 9, 728, 267, '10.00', '30.00', '10.00'),
(6550, 33, 9, 729, 268, '4.50', '9.00', '4.50'),
(6551, 33, 9, 730, 269, '5.00', '20.00', '5.00'),
(6552, 33, 9, 731, 270, '20.00', '20.00', '20.00'),
(6553, 33, 9, 732, 271, '5.00', '20.00', '5.00'),
(6554, 33, 9, 733, 272, '15.00', '60.00', '15.00'),
(6555, 33, 9, 734, 273, '20.00', '20.00', '20.00'),
(6556, 33, 13, 721, 347, '0.00', '0.00', '0.00'),
(6557, 33, 13, 722, 348, '0.00', '0.00', '0.00'),
(6558, 33, 13, 723, 349, '5.00', '20.00', '5.00'),
(6559, 33, 13, 724, 350, '20.00', '20.00', '20.00'),
(6560, 33, 13, 725, 351, '0.00', '80.00', '0.00'),
(6561, 33, 13, 726, 352, '30.00', '40.00', '30.00'),
(6562, 33, 13, 727, 353, '45.00', '40.00', '40.00'),
(6563, 33, 13, 728, 354, '30.00', '30.00', '30.00'),
(6564, 33, 13, 729, 355, '6.75', '9.00', '6.75'),
(6565, 33, 13, 730, 356, '20.00', '20.00', '20.00'),
(6566, 33, 13, 731, 357, '20.00', '20.00', '20.00'),
(6567, 33, 13, 732, 358, '5.00', '20.00', '5.00'),
(6568, 33, 13, 733, 359, '30.00', '60.00', '30.00'),
(6569, 33, 13, 734, 360, '20.00', '20.00', '20.00'),
(6570, 33, 15, 721, 385, '0.00', '0.00', '0.00'),
(6571, 33, 15, 722, 386, '0.00', '0.00', '0.00'),
(6572, 33, 15, 723, 387, '25.00', '20.00', '20.00'),
(6573, 33, 15, 724, 388, '20.00', '20.00', '20.00'),
(6574, 33, 15, 725, 389, '40.00', '80.00', '40.00'),
(6575, 33, 15, 726, 390, '10.00', '40.00', '10.00'),
(6576, 33, 15, 727, 391, '5.00', '40.00', '5.00'),
(6577, 33, 15, 728, 392, '40.00', '30.00', '30.00'),
(6578, 33, 15, 729, 393, '6.00', '9.00', '6.00'),
(6579, 33, 15, 730, 394, '5.00', '20.00', '5.00'),
(6580, 33, 15, 731, 395, '0.00', '20.00', '0.00'),
(6581, 33, 15, 732, 396, '40.00', '20.00', '20.00'),
(6582, 33, 15, 733, 397, '5.00', '60.00', '5.00'),
(6583, 33, 15, 734, 398, '5.00', '20.00', '5.00'),
(6584, 33, 27, 721, 617, '0.00', '0.00', '0.00'),
(6585, 33, 27, 722, 618, '0.00', '0.00', '0.00'),
(6586, 33, 27, 723, 619, '5.00', '20.00', '5.00'),
(6587, 33, 27, 724, 620, '20.00', '20.00', '20.00'),
(6588, 33, 27, 725, 621, '80.00', '80.00', '80.00'),
(6589, 33, 27, 726, 622, '25.00', '40.00', '25.00'),
(6590, 33, 27, 727, 623, '45.00', '40.00', '40.00'),
(6591, 33, 27, 728, 624, '25.00', '30.00', '25.00'),
(6592, 33, 27, 729, 625, '6.75', '9.00', '6.75'),
(6593, 33, 27, 730, 626, '20.00', '20.00', '20.00'),
(6594, 33, 27, 731, 627, '5.00', '20.00', '5.00'),
(6595, 33, 27, 732, 628, '5.00', '20.00', '5.00'),
(6596, 33, 27, 733, 629, '50.00', '60.00', '50.00'),
(6597, 33, 27, 734, 630, '5.00', '20.00', '5.00');
INSERT INTO `test_ques_comparisons` (`id`, `test_id_1`, `test_id_2`, `test_que_1`, `test_que_2`, `obtained_scores`, `max_allowed_scores`, `final_scores`) VALUES
(6598, 33, 28, 721, 631, '0.00', '0.00', '0.00'),
(6599, 33, 28, 722, 632, '0.00', '0.00', '0.00'),
(6600, 33, 28, 723, 633, '10.00', '20.00', '10.00'),
(6601, 33, 28, 724, 634, '0.00', '20.00', '0.00'),
(6602, 33, 28, 725, 635, '40.00', '80.00', '40.00'),
(6603, 33, 28, 726, 636, '30.00', '40.00', '30.00'),
(6604, 33, 28, 727, 637, '15.00', '40.00', '15.00'),
(6605, 33, 28, 728, 638, '15.00', '30.00', '15.00'),
(6606, 33, 28, 729, 639, '6.75', '9.00', '6.75'),
(6607, 33, 28, 730, 640, '5.00', '20.00', '5.00'),
(6608, 33, 28, 731, 641, '20.00', '20.00', '20.00'),
(6609, 33, 28, 732, 642, '5.00', '20.00', '5.00'),
(6610, 33, 28, 733, 643, '15.00', '60.00', '15.00'),
(6611, 33, 28, 734, 644, '20.00', '20.00', '20.00'),
(6612, 33, 30, 721, 667, '0.00', '0.00', '0.00'),
(6613, 33, 30, 722, 668, '0.00', '0.00', '0.00'),
(6614, 33, 30, 723, 669, '20.00', '20.00', '20.00'),
(6615, 33, 30, 724, 670, '0.00', '20.00', '0.00'),
(6616, 33, 30, 725, 671, '80.00', '80.00', '80.00'),
(6617, 33, 30, 726, 672, '30.00', '40.00', '30.00'),
(6618, 33, 30, 727, 673, '15.00', '40.00', '15.00'),
(6619, 33, 30, 728, 674, '10.00', '30.00', '10.00'),
(6620, 33, 30, 729, 675, '6.75', '9.00', '6.75'),
(6621, 33, 30, 730, 676, '20.00', '20.00', '20.00'),
(6622, 33, 30, 731, 677, '5.00', '20.00', '5.00'),
(6623, 33, 30, 732, 678, '5.00', '20.00', '5.00'),
(6624, 33, 30, 733, 679, '30.00', '60.00', '30.00'),
(6625, 33, 30, 734, 680, '20.00', '20.00', '20.00'),
(6640, 2, 33, 29, 735, '35.00', '60.00', '35.00'),
(6641, 2, 33, 30, 736, '0.00', '20.00', '0.00'),
(6642, 2, 33, 31, 737, '20.00', '20.00', '20.00'),
(6643, 2, 33, 32, 738, '10.00', '20.00', '10.00'),
(6644, 4, 33, 77, 735, '35.00', '60.00', '35.00'),
(6645, 4, 33, 78, 736, '0.00', '20.00', '0.00'),
(6646, 4, 33, 79, 737, '20.00', '20.00', '20.00'),
(6647, 4, 33, 80, 738, '10.00', '20.00', '10.00'),
(6648, 6, 33, 219, 735, '50.00', '60.00', '50.00'),
(6649, 6, 33, 220, 736, '0.00', '20.00', '0.00'),
(6650, 6, 33, 221, 737, '10.00', '20.00', '10.00'),
(6651, 6, 33, 346, 738, '10.00', '20.00', '10.00'),
(6652, 9, 33, 274, 735, '35.00', '60.00', '35.00'),
(6653, 9, 33, 275, 736, '20.00', '20.00', '20.00'),
(6654, 9, 33, 276, 737, '10.00', '20.00', '10.00'),
(6655, 9, 33, 277, 738, '20.00', '20.00', '20.00'),
(6656, 13, 33, 361, 735, '35.00', '60.00', '35.00'),
(6657, 13, 33, 362, 736, '0.00', '20.00', '0.00'),
(6658, 13, 33, 363, 737, '20.00', '20.00', '20.00'),
(6659, 13, 33, 364, 738, '10.00', '20.00', '10.00'),
(6660, 15, 33, 399, 735, '5.00', '60.00', '5.00'),
(6661, 15, 33, 400, 736, '20.00', '20.00', '20.00'),
(6662, 15, 33, 401, 737, '10.00', '20.00', '10.00'),
(6663, 15, 33, 402, 738, '20.00', '20.00', '20.00'),
(6664, 28, 33, 645, 735, '35.00', '60.00', '35.00'),
(6665, 28, 33, 646, 736, '0.00', '20.00', '0.00'),
(6666, 28, 33, 647, 737, '20.00', '20.00', '20.00'),
(6667, 28, 33, 648, 738, '10.00', '20.00', '10.00'),
(6668, 30, 33, 681, 735, '35.00', '60.00', '35.00'),
(6669, 30, 33, 682, 736, '0.00', '20.00', '0.00'),
(6670, 30, 33, 683, 737, '20.00', '20.00', '20.00'),
(6671, 30, 33, 684, 738, '10.00', '20.00', '10.00'),
(6676, 33, 2, 735, 29, '35.00', '60.00', '35.00'),
(6677, 33, 2, 736, 30, '0.00', '20.00', '0.00'),
(6678, 33, 2, 737, 31, '20.00', '20.00', '20.00'),
(6679, 33, 2, 738, 32, '10.00', '20.00', '10.00'),
(6680, 33, 4, 735, 77, '35.00', '60.00', '35.00'),
(6681, 33, 4, 736, 78, '0.00', '20.00', '0.00'),
(6682, 33, 4, 737, 79, '20.00', '20.00', '20.00'),
(6683, 33, 4, 738, 80, '10.00', '20.00', '10.00'),
(6684, 33, 6, 735, 219, '50.00', '60.00', '50.00'),
(6685, 33, 6, 736, 220, '0.00', '20.00', '0.00'),
(6686, 33, 6, 737, 221, '10.00', '20.00', '10.00'),
(6687, 33, 6, 738, 346, '10.00', '20.00', '10.00'),
(6688, 33, 9, 735, 274, '35.00', '60.00', '35.00'),
(6689, 33, 9, 736, 275, '20.00', '20.00', '20.00'),
(6690, 33, 9, 737, 276, '10.00', '20.00', '10.00'),
(6691, 33, 9, 738, 277, '20.00', '20.00', '20.00'),
(6692, 33, 13, 735, 361, '35.00', '60.00', '35.00'),
(6693, 33, 13, 736, 362, '0.00', '20.00', '0.00'),
(6694, 33, 13, 737, 363, '20.00', '20.00', '20.00'),
(6695, 33, 13, 738, 364, '10.00', '20.00', '10.00'),
(6696, 33, 15, 735, 399, '5.00', '60.00', '5.00'),
(6697, 33, 15, 736, 400, '20.00', '20.00', '20.00'),
(6698, 33, 15, 737, 401, '10.00', '20.00', '10.00'),
(6699, 33, 15, 738, 402, '20.00', '20.00', '20.00'),
(6700, 33, 28, 735, 645, '35.00', '60.00', '35.00'),
(6701, 33, 28, 736, 646, '0.00', '20.00', '0.00'),
(6702, 33, 28, 737, 647, '20.00', '20.00', '20.00'),
(6703, 33, 28, 738, 648, '10.00', '20.00', '10.00'),
(6704, 33, 30, 735, 681, '35.00', '60.00', '35.00'),
(6705, 33, 30, 736, 682, '0.00', '20.00', '0.00'),
(6706, 33, 30, 737, 683, '20.00', '20.00', '20.00'),
(6707, 33, 30, 738, 684, '10.00', '20.00', '10.00'),
(6712, 2, 15, 26, 752, '25.00', '20.00', '20.00'),
(6713, 5, 15, 114, 745, '60.00', '80.00', '60.00'),
(6714, 5, 15, 116, 747, '25.00', '40.00', '25.00'),
(6715, 5, 15, 117, 748, '25.00', '30.00', '25.00'),
(6716, 5, 15, 118, 749, '3.75', '9.00', '3.75'),
(6717, 6, 15, 209, 745, '140.00', '80.00', '80.00'),
(6718, 6, 15, 211, 747, '45.00', '40.00', '40.00'),
(6719, 6, 15, 217, 753, '65.00', '60.00', '60.00'),
(6720, 9, 15, 268, 749, '4.50', '9.00', '4.50'),
(6721, 15, 2, 752, 26, '25.00', '20.00', '20.00'),
(6722, 15, 5, 745, 114, '60.00', '80.00', '60.00'),
(6723, 15, 5, 747, 116, '25.00', '40.00', '25.00'),
(6724, 15, 5, 748, 117, '25.00', '30.00', '25.00'),
(6725, 15, 5, 749, 118, '3.75', '9.00', '3.75'),
(6726, 15, 6, 747, 211, '45.00', '40.00', '40.00'),
(6727, 15, 9, 749, 268, '4.50', '9.00', '4.50'),
(6728, 15, 27, 753, 629, '25.00', '60.00', '25.00'),
(6729, 15, 28, 743, 633, '50.00', '20.00', '20.00'),
(6730, 15, 33, 753, 733, '25.00', '60.00', '25.00'),
(6731, 27, 15, 629, 753, '25.00', '60.00', '25.00'),
(6732, 28, 15, 633, 743, '50.00', '20.00', '20.00'),
(6733, 33, 15, 733, 753, '25.00', '60.00', '25.00'),
(6832, 15, 27, 761, 623, '50.00', '40.00', '40.00'),
(6833, 15, 27, 762, 624, '35.00', '30.00', '30.00'),
(6834, 15, 28, 762, 638, '30.00', '30.00', '30.00'),
(6835, 15, 33, 761, 727, '50.00', '40.00', '40.00'),
(6850, 27, 15, 623, 761, '50.00', '40.00', '40.00'),
(6851, 27, 15, 624, 762, '35.00', '30.00', '30.00'),
(6866, 28, 15, 638, 762, '30.00', '30.00', '30.00'),
(6909, 33, 15, 727, 761, '50.00', '40.00', '40.00'),
(7106, 1, 35, 1, 778, '0.00', '0.00', '0.00'),
(7107, 1, 36, 1, 779, '0.00', '0.00', '0.00'),
(7108, 1, 36, 2, 780, '0.00', '0.00', '0.00'),
(7109, 1, 36, 3, 781, '5.00', '20.00', '5.00'),
(7110, 1, 36, 4, 782, '5.00', '20.00', '5.00'),
(7111, 1, 36, 5, 783, '20.00', '80.00', '20.00'),
(7112, 1, 36, 6, 784, '5.00', '40.00', '5.00'),
(7113, 1, 36, 7, 785, '5.00', '40.00', '5.00'),
(7114, 1, 36, 8, 786, '5.00', '30.00', '5.00'),
(7115, 1, 36, 9, 787, '0.75', '9.00', '0.75'),
(7116, 1, 36, 10, 788, '10.00', '20.00', '10.00'),
(7117, 1, 36, 11, 789, '0.00', '20.00', '0.00'),
(7118, 1, 36, 12, 790, '5.00', '20.00', '5.00'),
(7119, 1, 36, 13, 791, '5.00', '60.00', '5.00'),
(7120, 1, 36, 14, 792, '0.00', '20.00', '0.00'),
(7121, 2, 35, 15, 778, '0.00', '0.00', '0.00'),
(7122, 2, 36, 15, 779, '0.00', '0.00', '0.00'),
(7123, 2, 36, 16, 780, '0.00', '0.00', '0.00'),
(7124, 2, 36, 17, 781, '5.00', '20.00', '5.00'),
(7125, 2, 36, 18, 782, '5.00', '20.00', '5.00'),
(7126, 2, 36, 19, 783, '0.00', '80.00', '0.00'),
(7127, 2, 36, 20, 784, '5.00', '40.00', '5.00'),
(7128, 2, 36, 21, 785, '5.00', '40.00', '5.00'),
(7129, 2, 36, 22, 786, '5.00', '30.00', '5.00'),
(7130, 2, 36, 23, 787, '0.75', '9.00', '0.75'),
(7131, 2, 36, 24, 788, '10.00', '20.00', '10.00'),
(7132, 2, 36, 25, 789, '0.00', '20.00', '0.00'),
(7133, 2, 36, 26, 790, '5.00', '20.00', '5.00'),
(7134, 2, 36, 27, 791, '5.00', '60.00', '5.00'),
(7135, 2, 36, 28, 792, '0.00', '20.00', '0.00'),
(7136, 4, 35, 63, 778, '0.00', '0.00', '0.00'),
(7137, 4, 36, 63, 779, '0.00', '0.00', '0.00'),
(7138, 4, 36, 64, 780, '0.00', '0.00', '0.00'),
(7139, 4, 36, 65, 781, '5.00', '20.00', '5.00'),
(7140, 4, 36, 66, 782, '5.00', '20.00', '5.00'),
(7141, 4, 36, 67, 783, '20.00', '80.00', '20.00'),
(7142, 4, 36, 68, 784, '5.00', '40.00', '5.00'),
(7143, 4, 36, 69, 785, '10.00', '40.00', '10.00'),
(7144, 4, 36, 70, 786, '5.00', '30.00', '5.00'),
(7145, 4, 36, 71, 787, '0.75', '9.00', '0.75'),
(7146, 4, 36, 72, 788, '5.00', '20.00', '5.00'),
(7147, 4, 36, 73, 789, '0.00', '20.00', '0.00'),
(7148, 4, 36, 74, 790, '5.00', '20.00', '5.00'),
(7149, 4, 36, 75, 791, '5.00', '60.00', '5.00'),
(7150, 4, 36, 76, 792, '0.00', '20.00', '0.00'),
(7151, 5, 35, 110, 778, '0.00', '0.00', '0.00'),
(7152, 5, 36, 110, 779, '0.00', '0.00', '0.00'),
(7153, 5, 36, 111, 780, '0.00', '0.00', '0.00'),
(7154, 5, 36, 112, 781, '10.00', '20.00', '10.00'),
(7155, 5, 36, 113, 782, '5.00', '20.00', '5.00'),
(7156, 5, 36, 114, 783, '40.00', '80.00', '40.00'),
(7157, 5, 36, 115, 784, '5.00', '40.00', '5.00'),
(7158, 5, 36, 116, 785, '20.00', '40.00', '20.00'),
(7159, 5, 36, 117, 786, '5.00', '30.00', '5.00'),
(7160, 5, 36, 118, 787, '0.75', '9.00', '0.75'),
(7161, 5, 36, 119, 788, '20.00', '20.00', '20.00'),
(7162, 5, 36, 120, 789, '0.00', '20.00', '0.00'),
(7163, 5, 36, 121, 790, '5.00', '20.00', '5.00'),
(7164, 5, 36, 122, 791, '5.00', '60.00', '5.00'),
(7165, 5, 36, 123, 792, '0.00', '20.00', '0.00'),
(7166, 6, 35, 181, 778, '0.00', '0.00', '0.00'),
(7167, 6, 36, 181, 779, '0.00', '0.00', '0.00'),
(7168, 6, 36, 330, 780, '0.00', '0.00', '0.00'),
(7169, 6, 36, 331, 781, '30.00', '20.00', '20.00'),
(7170, 6, 36, 204, 782, '5.00', '20.00', '5.00'),
(7171, 6, 36, 209, 783, '60.00', '80.00', '60.00'),
(7172, 6, 36, 210, 784, '5.00', '40.00', '5.00'),
(7173, 6, 36, 211, 785, '40.00', '40.00', '40.00'),
(7174, 6, 36, 212, 786, '5.00', '30.00', '5.00'),
(7175, 6, 36, 213, 787, '0.75', '9.00', '0.75'),
(7176, 6, 36, 338, 788, '30.00', '20.00', '20.00'),
(7177, 6, 36, 339, 789, '20.00', '20.00', '20.00'),
(7178, 6, 36, 216, 790, '5.00', '20.00', '5.00'),
(7179, 6, 36, 217, 791, '25.00', '60.00', '25.00'),
(7180, 6, 36, 342, 792, '20.00', '20.00', '20.00'),
(7181, 9, 35, 260, 778, '0.00', '0.00', '0.00'),
(7182, 9, 36, 260, 779, '0.00', '0.00', '0.00'),
(7183, 9, 36, 261, 780, '0.00', '0.00', '0.00'),
(7184, 9, 36, 262, 781, '10.00', '20.00', '10.00'),
(7185, 9, 36, 263, 782, '5.00', '20.00', '5.00'),
(7186, 9, 36, 264, 783, '40.00', '80.00', '40.00'),
(7187, 9, 36, 265, 784, '20.00', '40.00', '20.00'),
(7188, 9, 36, 266, 785, '20.00', '40.00', '20.00'),
(7189, 9, 36, 267, 786, '5.00', '30.00', '5.00'),
(7190, 9, 36, 268, 787, '0.75', '9.00', '0.75'),
(7191, 9, 36, 269, 788, '20.00', '20.00', '20.00'),
(7192, 9, 36, 270, 789, '0.00', '20.00', '0.00'),
(7193, 9, 36, 271, 790, '5.00', '20.00', '5.00'),
(7194, 9, 36, 272, 791, '5.00', '60.00', '5.00'),
(7195, 9, 36, 273, 792, '0.00', '20.00', '0.00'),
(7196, 13, 35, 347, 778, '0.00', '0.00', '0.00'),
(7197, 13, 36, 347, 779, '0.00', '0.00', '0.00'),
(7198, 13, 36, 348, 780, '0.00', '0.00', '0.00'),
(7199, 13, 36, 349, 781, '10.00', '20.00', '10.00'),
(7200, 13, 36, 350, 782, '5.00', '20.00', '5.00'),
(7201, 13, 36, 351, 783, '40.00', '80.00', '40.00'),
(7202, 13, 36, 352, 784, '5.00', '40.00', '5.00'),
(7203, 13, 36, 353, 785, '20.00', '40.00', '20.00'),
(7204, 13, 36, 354, 786, '5.00', '30.00', '5.00'),
(7205, 13, 36, 355, 787, '0.75', '9.00', '0.75'),
(7206, 13, 36, 356, 788, '5.00', '20.00', '5.00'),
(7207, 13, 36, 357, 789, '0.00', '20.00', '0.00'),
(7208, 13, 36, 358, 790, '5.00', '20.00', '5.00'),
(7209, 13, 36, 359, 791, '5.00', '60.00', '5.00'),
(7210, 13, 36, 360, 792, '0.00', '20.00', '0.00'),
(7211, 15, 35, 383, 778, '0.00', '0.00', '0.00'),
(7212, 15, 36, 385, 779, '0.00', '0.00', '0.00'),
(7213, 15, 36, 551, 780, '0.00', '0.00', '0.00'),
(7214, 15, 36, 566, 781, '55.00', '20.00', '20.00'),
(7215, 15, 36, 758, 782, '25.00', '20.00', '20.00'),
(7216, 15, 36, 745, 783, '60.00', '80.00', '60.00'),
(7217, 15, 36, 746, 784, '45.00', '40.00', '40.00'),
(7218, 15, 36, 761, 785, '25.00', '40.00', '25.00'),
(7219, 15, 36, 762, 786, '30.00', '30.00', '30.00'),
(7220, 15, 36, 393, 787, '0.75', '9.00', '0.75'),
(7221, 15, 36, 394, 788, '60.00', '20.00', '20.00'),
(7222, 15, 36, 395, 789, '60.00', '20.00', '20.00'),
(7223, 15, 36, 396, 790, '45.00', '20.00', '20.00'),
(7224, 15, 36, 753, 791, '25.00', '60.00', '25.00'),
(7225, 15, 36, 398, 792, '0.00', '20.00', '0.00'),
(7226, 27, 35, 617, 778, '0.00', '0.00', '0.00'),
(7227, 27, 36, 617, 779, '0.00', '0.00', '0.00'),
(7228, 27, 36, 618, 780, '0.00', '0.00', '0.00'),
(7229, 27, 36, 619, 781, '10.00', '20.00', '10.00'),
(7230, 27, 36, 620, 782, '5.00', '20.00', '5.00'),
(7231, 27, 36, 621, 783, '20.00', '80.00', '20.00'),
(7232, 27, 36, 622, 784, '5.00', '40.00', '5.00'),
(7233, 27, 36, 623, 785, '20.00', '40.00', '20.00'),
(7234, 27, 36, 624, 786, '5.00', '30.00', '5.00'),
(7235, 27, 36, 625, 787, '0.75', '9.00', '0.75'),
(7236, 27, 36, 626, 788, '5.00', '20.00', '5.00'),
(7237, 27, 36, 627, 789, '0.00', '20.00', '0.00'),
(7238, 27, 36, 628, 790, '5.00', '20.00', '5.00'),
(7239, 27, 36, 629, 791, '20.00', '60.00', '20.00'),
(7240, 27, 36, 630, 792, '0.00', '20.00', '0.00'),
(7241, 28, 35, 631, 778, '0.00', '0.00', '0.00'),
(7242, 28, 36, 631, 779, '0.00', '0.00', '0.00'),
(7243, 28, 36, 632, 780, '0.00', '0.00', '0.00'),
(7244, 28, 36, 633, 781, '5.00', '20.00', '5.00'),
(7245, 28, 36, 634, 782, '5.00', '20.00', '5.00'),
(7246, 28, 36, 635, 783, '20.00', '80.00', '20.00'),
(7247, 28, 36, 636, 784, '5.00', '40.00', '5.00'),
(7248, 28, 36, 637, 785, '10.00', '40.00', '10.00'),
(7249, 28, 36, 638, 786, '20.00', '30.00', '20.00'),
(7250, 28, 36, 639, 787, '0.75', '9.00', '0.75'),
(7251, 28, 36, 640, 788, '10.00', '20.00', '10.00'),
(7252, 28, 36, 641, 789, '0.00', '20.00', '0.00'),
(7253, 28, 36, 642, 790, '5.00', '20.00', '5.00'),
(7254, 28, 36, 643, 791, '5.00', '60.00', '5.00'),
(7255, 28, 36, 644, 792, '0.00', '20.00', '0.00'),
(7256, 30, 35, 667, 778, '0.00', '0.00', '0.00'),
(7257, 30, 36, 667, 779, '0.00', '0.00', '0.00'),
(7258, 30, 36, 668, 780, '0.00', '0.00', '0.00'),
(7259, 30, 36, 669, 781, '5.00', '20.00', '5.00'),
(7260, 30, 36, 670, 782, '5.00', '20.00', '5.00'),
(7261, 30, 36, 671, 783, '20.00', '80.00', '20.00'),
(7262, 30, 36, 672, 784, '5.00', '40.00', '5.00'),
(7263, 30, 36, 673, 785, '10.00', '40.00', '10.00'),
(7264, 30, 36, 674, 786, '5.00', '30.00', '5.00'),
(7265, 30, 36, 675, 787, '0.75', '9.00', '0.75'),
(7266, 30, 36, 676, 788, '5.00', '20.00', '5.00'),
(7267, 30, 36, 677, 789, '0.00', '20.00', '0.00'),
(7268, 30, 36, 678, 790, '5.00', '20.00', '5.00'),
(7269, 30, 36, 679, 791, '5.00', '60.00', '5.00'),
(7270, 30, 36, 680, 792, '0.00', '20.00', '0.00'),
(7286, 33, 35, 721, 778, '0.00', '0.00', '0.00'),
(7287, 33, 36, 721, 779, '0.00', '0.00', '0.00'),
(7288, 33, 36, 722, 780, '0.00', '0.00', '0.00'),
(7289, 33, 36, 723, 781, '5.00', '20.00', '5.00'),
(7290, 33, 36, 724, 782, '5.00', '20.00', '5.00'),
(7291, 33, 36, 725, 783, '20.00', '80.00', '20.00'),
(7292, 33, 36, 726, 784, '5.00', '40.00', '5.00'),
(7293, 33, 36, 727, 785, '20.00', '40.00', '20.00'),
(7294, 33, 36, 728, 786, '5.00', '30.00', '5.00'),
(7295, 33, 36, 729, 787, '0.75', '9.00', '0.75'),
(7296, 33, 36, 730, 788, '5.00', '20.00', '5.00'),
(7297, 33, 36, 731, 789, '0.00', '20.00', '0.00'),
(7298, 33, 36, 732, 790, '20.00', '20.00', '20.00'),
(7299, 33, 36, 733, 791, '20.00', '60.00', '20.00'),
(7300, 33, 36, 734, 792, '0.00', '20.00', '0.00'),
(7301, 35, 1, 778, 1, '0.00', '0.00', '0.00'),
(7302, 35, 2, 778, 15, '0.00', '0.00', '0.00'),
(7303, 35, 4, 778, 63, '0.00', '0.00', '0.00'),
(7304, 35, 5, 778, 110, '0.00', '0.00', '0.00'),
(7305, 35, 6, 778, 181, '0.00', '0.00', '0.00'),
(7306, 35, 9, 778, 260, '0.00', '0.00', '0.00'),
(7307, 35, 13, 778, 347, '0.00', '0.00', '0.00'),
(7308, 35, 15, 778, 383, '0.00', '0.00', '0.00'),
(7309, 35, 27, 778, 617, '0.00', '0.00', '0.00'),
(7310, 35, 28, 778, 631, '0.00', '0.00', '0.00'),
(7311, 35, 30, 778, 667, '0.00', '0.00', '0.00'),
(7313, 35, 33, 778, 721, '0.00', '0.00', '0.00'),
(7314, 35, 36, 778, 779, '0.00', '0.00', '0.00'),
(7315, 36, 1, 779, 1, '0.00', '0.00', '0.00'),
(7316, 36, 1, 780, 2, '0.00', '0.00', '0.00'),
(7317, 36, 1, 781, 3, '5.00', '20.00', '5.00'),
(7318, 36, 1, 782, 4, '5.00', '20.00', '5.00'),
(7319, 36, 1, 783, 5, '20.00', '80.00', '20.00'),
(7320, 36, 1, 784, 6, '5.00', '40.00', '5.00'),
(7321, 36, 1, 785, 7, '5.00', '40.00', '5.00'),
(7322, 36, 1, 786, 8, '5.00', '30.00', '5.00'),
(7323, 36, 1, 787, 9, '0.75', '9.00', '0.75'),
(7324, 36, 1, 788, 10, '10.00', '20.00', '10.00'),
(7325, 36, 1, 789, 11, '0.00', '20.00', '0.00'),
(7326, 36, 1, 790, 12, '5.00', '20.00', '5.00'),
(7327, 36, 1, 791, 13, '5.00', '60.00', '5.00'),
(7328, 36, 1, 792, 14, '0.00', '20.00', '0.00'),
(7329, 36, 2, 779, 15, '0.00', '0.00', '0.00'),
(7330, 36, 2, 780, 16, '0.00', '0.00', '0.00'),
(7331, 36, 2, 781, 17, '5.00', '20.00', '5.00'),
(7332, 36, 2, 782, 18, '5.00', '20.00', '5.00'),
(7333, 36, 2, 783, 19, '0.00', '80.00', '0.00'),
(7334, 36, 2, 784, 20, '5.00', '40.00', '5.00'),
(7335, 36, 2, 785, 21, '5.00', '40.00', '5.00'),
(7336, 36, 2, 786, 22, '5.00', '30.00', '5.00'),
(7337, 36, 2, 787, 23, '0.75', '9.00', '0.75'),
(7338, 36, 2, 788, 24, '10.00', '20.00', '10.00'),
(7339, 36, 2, 789, 25, '0.00', '20.00', '0.00'),
(7340, 36, 2, 790, 26, '5.00', '20.00', '5.00'),
(7341, 36, 2, 791, 27, '5.00', '60.00', '5.00'),
(7342, 36, 2, 792, 28, '0.00', '20.00', '0.00'),
(7343, 36, 4, 779, 63, '0.00', '0.00', '0.00'),
(7344, 36, 4, 780, 64, '0.00', '0.00', '0.00'),
(7345, 36, 4, 781, 65, '5.00', '20.00', '5.00'),
(7346, 36, 4, 782, 66, '5.00', '20.00', '5.00'),
(7347, 36, 4, 783, 67, '20.00', '80.00', '20.00'),
(7348, 36, 4, 784, 68, '5.00', '40.00', '5.00'),
(7349, 36, 4, 785, 69, '10.00', '40.00', '10.00'),
(7350, 36, 4, 786, 70, '5.00', '30.00', '5.00'),
(7351, 36, 4, 787, 71, '0.75', '9.00', '0.75'),
(7352, 36, 4, 788, 72, '5.00', '20.00', '5.00'),
(7353, 36, 4, 789, 73, '0.00', '20.00', '0.00'),
(7354, 36, 4, 790, 74, '5.00', '20.00', '5.00'),
(7355, 36, 4, 791, 75, '5.00', '60.00', '5.00'),
(7356, 36, 4, 792, 76, '0.00', '20.00', '0.00'),
(7357, 36, 5, 779, 110, '0.00', '0.00', '0.00'),
(7358, 36, 5, 780, 111, '0.00', '0.00', '0.00'),
(7359, 36, 5, 781, 112, '10.00', '20.00', '10.00'),
(7360, 36, 5, 782, 113, '5.00', '20.00', '5.00'),
(7361, 36, 5, 783, 114, '40.00', '80.00', '40.00'),
(7362, 36, 5, 784, 115, '5.00', '40.00', '5.00'),
(7363, 36, 5, 785, 116, '20.00', '40.00', '20.00'),
(7364, 36, 5, 786, 117, '5.00', '30.00', '5.00'),
(7365, 36, 5, 787, 118, '0.75', '9.00', '0.75'),
(7366, 36, 5, 788, 119, '20.00', '20.00', '20.00'),
(7367, 36, 5, 789, 120, '0.00', '20.00', '0.00'),
(7368, 36, 5, 790, 121, '5.00', '20.00', '5.00'),
(7369, 36, 5, 791, 122, '5.00', '60.00', '5.00'),
(7370, 36, 5, 792, 123, '0.00', '20.00', '0.00'),
(7371, 36, 6, 779, 181, '0.00', '0.00', '0.00'),
(7372, 36, 6, 780, 330, '0.00', '0.00', '0.00'),
(7373, 36, 6, 781, 331, '30.00', '20.00', '20.00'),
(7374, 36, 6, 782, 204, '5.00', '20.00', '5.00'),
(7375, 36, 6, 783, 209, '60.00', '80.00', '60.00'),
(7376, 36, 6, 784, 210, '5.00', '40.00', '5.00'),
(7377, 36, 6, 785, 211, '40.00', '40.00', '40.00'),
(7378, 36, 6, 786, 212, '5.00', '30.00', '5.00'),
(7379, 36, 6, 787, 213, '0.75', '9.00', '0.75'),
(7380, 36, 6, 788, 338, '30.00', '20.00', '20.00'),
(7381, 36, 6, 789, 339, '20.00', '20.00', '20.00'),
(7382, 36, 6, 790, 216, '5.00', '20.00', '5.00'),
(7383, 36, 6, 791, 217, '25.00', '60.00', '25.00'),
(7384, 36, 6, 792, 342, '20.00', '20.00', '20.00'),
(7385, 36, 9, 779, 260, '0.00', '0.00', '0.00'),
(7386, 36, 9, 780, 261, '0.00', '0.00', '0.00'),
(7387, 36, 9, 781, 262, '10.00', '20.00', '10.00'),
(7388, 36, 9, 782, 263, '5.00', '20.00', '5.00'),
(7389, 36, 9, 783, 264, '40.00', '80.00', '40.00'),
(7390, 36, 9, 784, 265, '20.00', '40.00', '20.00'),
(7391, 36, 9, 785, 266, '20.00', '40.00', '20.00'),
(7392, 36, 9, 786, 267, '5.00', '30.00', '5.00'),
(7393, 36, 9, 787, 268, '0.75', '9.00', '0.75'),
(7394, 36, 9, 788, 269, '20.00', '20.00', '20.00'),
(7395, 36, 9, 789, 270, '0.00', '20.00', '0.00'),
(7396, 36, 9, 790, 271, '5.00', '20.00', '5.00'),
(7397, 36, 9, 791, 272, '5.00', '60.00', '5.00'),
(7398, 36, 9, 792, 273, '0.00', '20.00', '0.00'),
(7399, 36, 13, 779, 347, '0.00', '0.00', '0.00'),
(7400, 36, 13, 780, 348, '0.00', '0.00', '0.00'),
(7401, 36, 13, 781, 349, '10.00', '20.00', '10.00'),
(7402, 36, 13, 782, 350, '5.00', '20.00', '5.00'),
(7403, 36, 13, 783, 351, '40.00', '80.00', '40.00'),
(7404, 36, 13, 784, 352, '5.00', '40.00', '5.00'),
(7405, 36, 13, 785, 353, '20.00', '40.00', '20.00'),
(7406, 36, 13, 786, 354, '5.00', '30.00', '5.00'),
(7407, 36, 13, 787, 355, '0.75', '9.00', '0.75'),
(7408, 36, 13, 788, 356, '5.00', '20.00', '5.00'),
(7409, 36, 13, 789, 357, '0.00', '20.00', '0.00'),
(7410, 36, 13, 790, 358, '5.00', '20.00', '5.00'),
(7411, 36, 13, 791, 359, '5.00', '60.00', '5.00'),
(7412, 36, 13, 792, 360, '0.00', '20.00', '0.00'),
(7413, 36, 15, 779, 385, '0.00', '0.00', '0.00'),
(7414, 36, 15, 780, 551, '0.00', '0.00', '0.00'),
(7415, 36, 15, 781, 566, '55.00', '20.00', '20.00'),
(7416, 36, 15, 782, 758, '25.00', '20.00', '20.00'),
(7417, 36, 15, 783, 745, '60.00', '80.00', '60.00'),
(7418, 36, 15, 784, 746, '45.00', '40.00', '40.00'),
(7419, 36, 15, 785, 761, '25.00', '40.00', '25.00'),
(7420, 36, 15, 786, 762, '30.00', '30.00', '30.00'),
(7421, 36, 15, 787, 393, '0.75', '9.00', '0.75'),
(7422, 36, 15, 788, 394, '60.00', '20.00', '20.00'),
(7423, 36, 15, 789, 395, '60.00', '20.00', '20.00'),
(7424, 36, 15, 790, 396, '45.00', '20.00', '20.00'),
(7425, 36, 15, 791, 753, '25.00', '60.00', '25.00'),
(7426, 36, 15, 792, 398, '0.00', '20.00', '0.00'),
(7427, 36, 27, 779, 617, '0.00', '0.00', '0.00'),
(7428, 36, 27, 780, 618, '0.00', '0.00', '0.00'),
(7429, 36, 27, 781, 619, '10.00', '20.00', '10.00'),
(7430, 36, 27, 782, 620, '5.00', '20.00', '5.00'),
(7431, 36, 27, 783, 621, '20.00', '80.00', '20.00'),
(7432, 36, 27, 784, 622, '5.00', '40.00', '5.00'),
(7433, 36, 27, 785, 623, '20.00', '40.00', '20.00'),
(7434, 36, 27, 786, 624, '5.00', '30.00', '5.00'),
(7435, 36, 27, 787, 625, '0.75', '9.00', '0.75'),
(7436, 36, 27, 788, 626, '5.00', '20.00', '5.00'),
(7437, 36, 27, 789, 627, '0.00', '20.00', '0.00'),
(7438, 36, 27, 790, 628, '5.00', '20.00', '5.00'),
(7439, 36, 27, 791, 629, '20.00', '60.00', '20.00'),
(7440, 36, 27, 792, 630, '0.00', '20.00', '0.00'),
(7441, 36, 28, 779, 631, '0.00', '0.00', '0.00'),
(7442, 36, 28, 780, 632, '0.00', '0.00', '0.00'),
(7443, 36, 28, 781, 633, '5.00', '20.00', '5.00'),
(7444, 36, 28, 782, 634, '5.00', '20.00', '5.00'),
(7445, 36, 28, 783, 635, '20.00', '80.00', '20.00'),
(7446, 36, 28, 784, 636, '5.00', '40.00', '5.00'),
(7447, 36, 28, 785, 637, '10.00', '40.00', '10.00'),
(7448, 36, 28, 786, 638, '20.00', '30.00', '20.00'),
(7449, 36, 28, 787, 639, '0.75', '9.00', '0.75'),
(7450, 36, 28, 788, 640, '10.00', '20.00', '10.00'),
(7451, 36, 28, 789, 641, '0.00', '20.00', '0.00'),
(7452, 36, 28, 790, 642, '5.00', '20.00', '5.00'),
(7453, 36, 28, 791, 643, '5.00', '60.00', '5.00'),
(7454, 36, 28, 792, 644, '0.00', '20.00', '0.00'),
(7455, 36, 30, 779, 667, '0.00', '0.00', '0.00'),
(7456, 36, 30, 780, 668, '0.00', '0.00', '0.00'),
(7457, 36, 30, 781, 669, '5.00', '20.00', '5.00'),
(7458, 36, 30, 782, 670, '5.00', '20.00', '5.00'),
(7459, 36, 30, 783, 671, '20.00', '80.00', '20.00'),
(7460, 36, 30, 784, 672, '5.00', '40.00', '5.00'),
(7461, 36, 30, 785, 673, '10.00', '40.00', '10.00'),
(7462, 36, 30, 786, 674, '5.00', '30.00', '5.00'),
(7463, 36, 30, 787, 675, '0.75', '9.00', '0.75'),
(7464, 36, 30, 788, 676, '5.00', '20.00', '5.00'),
(7465, 36, 30, 789, 677, '0.00', '20.00', '0.00'),
(7466, 36, 30, 790, 678, '5.00', '20.00', '5.00'),
(7467, 36, 30, 791, 679, '5.00', '60.00', '5.00'),
(7468, 36, 30, 792, 680, '0.00', '20.00', '0.00'),
(7483, 36, 33, 779, 721, '0.00', '0.00', '0.00'),
(7484, 36, 33, 780, 722, '0.00', '0.00', '0.00'),
(7485, 36, 33, 781, 723, '5.00', '20.00', '5.00'),
(7486, 36, 33, 782, 724, '5.00', '20.00', '5.00'),
(7487, 36, 33, 783, 725, '20.00', '80.00', '20.00'),
(7488, 36, 33, 784, 726, '5.00', '40.00', '5.00'),
(7489, 36, 33, 785, 727, '20.00', '40.00', '20.00'),
(7490, 36, 33, 786, 728, '5.00', '30.00', '5.00'),
(7491, 36, 33, 787, 729, '0.75', '9.00', '0.75'),
(7492, 36, 33, 788, 730, '5.00', '20.00', '5.00'),
(7493, 36, 33, 789, 731, '0.00', '20.00', '0.00'),
(7494, 36, 33, 790, 732, '20.00', '20.00', '20.00'),
(7495, 36, 33, 791, 733, '20.00', '60.00', '20.00'),
(7496, 36, 33, 792, 734, '0.00', '20.00', '0.00'),
(7497, 36, 35, 779, 778, '0.00', '0.00', '0.00'),
(7498, 1, 36, 2, 795, '0.00', '0.00', '0.00'),
(7499, 1, 36, 3, 796, '10.00', '20.00', '10.00'),
(7500, 1, 36, 5, 798, '60.00', '80.00', '60.00'),
(7501, 1, 36, 7, 800, '25.00', '40.00', '25.00'),
(7502, 1, 36, 13, 806, '25.00', '60.00', '25.00'),
(7503, 2, 36, 17, 796, '10.00', '20.00', '10.00'),
(7504, 2, 36, 19, 798, '0.00', '80.00', '0.00'),
(7505, 2, 36, 20, 799, '25.00', '40.00', '25.00'),
(7506, 2, 36, 21, 800, '25.00', '40.00', '25.00'),
(7507, 2, 36, 23, 802, '3.75', '9.00', '3.75'),
(7508, 2, 36, 26, 805, '25.00', '20.00', '20.00'),
(7509, 2, 36, 27, 806, '25.00', '60.00', '25.00'),
(7510, 4, 36, 65, 796, '10.00', '20.00', '10.00'),
(7511, 4, 36, 67, 798, '60.00', '80.00', '60.00'),
(7512, 4, 36, 69, 800, '30.00', '40.00', '30.00'),
(7513, 4, 36, 75, 806, '25.00', '60.00', '25.00'),
(7514, 5, 36, 111, 795, '0.00', '0.00', '0.00'),
(7515, 5, 36, 123, 807, '20.00', '20.00', '20.00'),
(7516, 6, 36, 332, 797, '25.00', '20.00', '20.00'),
(7517, 6, 36, 336, 801, '25.00', '30.00', '25.00'),
(7518, 9, 36, 261, 795, '0.00', '0.00', '0.00'),
(7519, 13, 36, 352, 799, '25.00', '40.00', '25.00'),
(7520, 13, 36, 359, 806, '25.00', '60.00', '25.00'),
(7521, 15, 36, 553, 797, '45.00', '20.00', '20.00'),
(7522, 15, 36, 389, 798, '100.00', '80.00', '80.00'),
(7523, 15, 36, 390, 799, '85.00', '40.00', '40.00'),
(7524, 15, 36, 391, 800, '65.00', '40.00', '40.00'),
(7525, 15, 36, 558, 802, '4.50', '9.00', '4.50'),
(7526, 15, 36, 398, 807, '40.00', '20.00', '20.00'),
(7527, 27, 36, 621, 798, '60.00', '80.00', '60.00'),
(7528, 27, 36, 622, 799, '25.00', '40.00', '25.00'),
(7529, 27, 36, 624, 801, '25.00', '30.00', '25.00'),
(7530, 27, 36, 625, 802, '3.75', '9.00', '3.75'),
(7531, 28, 36, 632, 795, '0.00', '0.00', '0.00'),
(7532, 28, 36, 633, 796, '25.00', '20.00', '20.00'),
(7533, 28, 36, 635, 798, '60.00', '80.00', '60.00'),
(7534, 28, 36, 637, 800, '30.00', '40.00', '30.00'),
(7535, 30, 36, 669, 796, '10.00', '20.00', '10.00'),
(7536, 30, 36, 671, 798, '60.00', '80.00', '60.00'),
(7537, 30, 36, 673, 800, '30.00', '40.00', '30.00'),
(7538, 30, 36, 679, 806, '25.00', '60.00', '25.00'),
(7543, 33, 36, 723, 796, '10.00', '20.00', '10.00'),
(7544, 33, 36, 725, 798, '60.00', '80.00', '60.00'),
(7545, 33, 36, 728, 801, '25.00', '30.00', '25.00'),
(7546, 33, 36, 729, 802, '3.75', '9.00', '3.75'),
(7547, 36, 1, 795, 2, '0.00', '0.00', '0.00'),
(7548, 36, 1, 796, 3, '10.00', '20.00', '10.00'),
(7549, 36, 1, 798, 5, '60.00', '80.00', '60.00'),
(7550, 36, 1, 800, 7, '25.00', '40.00', '25.00'),
(7551, 36, 1, 806, 13, '25.00', '60.00', '25.00'),
(7552, 36, 2, 796, 17, '10.00', '20.00', '10.00'),
(7553, 36, 2, 798, 19, '0.00', '80.00', '0.00'),
(7554, 36, 2, 799, 20, '25.00', '40.00', '25.00'),
(7555, 36, 2, 800, 21, '25.00', '40.00', '25.00'),
(7556, 36, 2, 802, 23, '3.75', '9.00', '3.75'),
(7557, 36, 2, 805, 26, '25.00', '20.00', '20.00'),
(7558, 36, 2, 806, 27, '25.00', '60.00', '25.00'),
(7559, 36, 4, 796, 65, '10.00', '20.00', '10.00'),
(7560, 36, 4, 798, 67, '60.00', '80.00', '60.00'),
(7561, 36, 4, 800, 69, '30.00', '40.00', '30.00'),
(7562, 36, 4, 806, 75, '25.00', '60.00', '25.00'),
(7563, 36, 5, 795, 111, '0.00', '0.00', '0.00'),
(7564, 36, 5, 807, 123, '20.00', '20.00', '20.00'),
(7565, 36, 6, 797, 332, '25.00', '20.00', '20.00'),
(7566, 36, 6, 801, 336, '25.00', '30.00', '25.00'),
(7567, 36, 9, 795, 261, '0.00', '0.00', '0.00'),
(7568, 36, 13, 799, 352, '25.00', '40.00', '25.00'),
(7569, 36, 13, 806, 359, '25.00', '60.00', '25.00'),
(7570, 36, 15, 802, 558, '4.50', '9.00', '4.50'),
(7571, 36, 15, 807, 398, '40.00', '20.00', '20.00'),
(7572, 36, 27, 798, 621, '60.00', '80.00', '60.00'),
(7573, 36, 27, 799, 622, '25.00', '40.00', '25.00'),
(7574, 36, 27, 801, 624, '25.00', '30.00', '25.00'),
(7575, 36, 27, 802, 625, '3.75', '9.00', '3.75'),
(7576, 36, 28, 795, 632, '0.00', '0.00', '0.00'),
(7577, 36, 28, 796, 633, '25.00', '20.00', '20.00'),
(7578, 36, 28, 798, 635, '60.00', '80.00', '60.00'),
(7579, 36, 28, 800, 637, '30.00', '40.00', '30.00'),
(7580, 36, 30, 796, 669, '10.00', '20.00', '10.00'),
(7581, 36, 30, 798, 671, '60.00', '80.00', '60.00'),
(7582, 36, 30, 800, 673, '30.00', '40.00', '30.00'),
(7583, 36, 30, 806, 679, '25.00', '60.00', '25.00'),
(7588, 36, 33, 796, 723, '10.00', '20.00', '10.00'),
(7589, 36, 33, 798, 725, '60.00', '80.00', '60.00'),
(7590, 36, 33, 801, 728, '25.00', '30.00', '25.00'),
(7591, 36, 33, 802, 729, '3.75', '9.00', '3.75'),
(7592, 5, 36, 115, 813, '25.00', '40.00', '25.00'),
(7593, 5, 36, 118, 816, '3.75', '9.00', '3.75'),
(7594, 6, 36, 210, 813, '30.00', '40.00', '30.00'),
(7595, 9, 36, 268, 816, '4.50', '9.00', '4.50'),
(7596, 28, 36, 639, 816, '4.50', '9.00', '4.50'),
(7597, 33, 36, 726, 813, '30.00', '40.00', '30.00'),
(7598, 36, 5, 813, 115, '25.00', '40.00', '25.00'),
(7599, 36, 5, 816, 118, '3.75', '9.00', '3.75'),
(7600, 36, 6, 813, 210, '30.00', '40.00', '30.00'),
(7601, 36, 9, 816, 268, '4.50', '9.00', '4.50'),
(7602, 36, 28, 816, 639, '4.50', '9.00', '4.50'),
(7603, 36, 33, 813, 726, '30.00', '40.00', '30.00'),
(7604, 9, 36, 272, 834, '35.00', '60.00', '35.00'),
(7605, 28, 36, 643, 834, '35.00', '60.00', '35.00'),
(7606, 36, 9, 834, 272, '35.00', '60.00', '35.00'),
(7607, 36, 28, 834, 643, '35.00', '60.00', '35.00'),
(7608, 1, 27, 12, 847, '30.00', '20.00', '20.00'),
(7609, 1, 27, 14, 849, '25.00', '20.00', '20.00'),
(7610, 2, 27, 15, 836, '0.00', '0.00', '0.00'),
(7611, 2, 27, 16, 837, '0.00', '0.00', '0.00'),
(7612, 2, 27, 18, 839, '20.00', '20.00', '20.00'),
(7613, 4, 27, 63, 836, '0.00', '0.00', '0.00'),
(7614, 4, 27, 64, 837, '0.00', '0.00', '0.00'),
(7615, 4, 27, 66, 839, '20.00', '20.00', '20.00'),
(7616, 4, 27, 74, 847, '30.00', '20.00', '20.00'),
(7617, 4, 27, 76, 849, '25.00', '20.00', '20.00'),
(7618, 5, 27, 110, 836, '0.00', '0.00', '0.00'),
(7619, 5, 27, 113, 839, '20.00', '20.00', '20.00'),
(7620, 5, 27, 121, 847, '30.00', '20.00', '20.00'),
(7621, 6, 27, 181, 836, '0.00', '0.00', '0.00'),
(7622, 6, 27, 182, 837, '0.00', '0.00', '0.00'),
(7623, 6, 27, 216, 847, '50.00', '20.00', '20.00'),
(7624, 6, 27, 218, 849, '25.00', '20.00', '20.00'),
(7625, 9, 27, 260, 836, '0.00', '0.00', '0.00'),
(7626, 9, 27, 263, 839, '20.00', '20.00', '20.00'),
(7627, 9, 27, 271, 847, '30.00', '20.00', '20.00'),
(7628, 9, 27, 272, 848, '35.00', '60.00', '35.00'),
(7629, 9, 27, 273, 849, '25.00', '20.00', '20.00'),
(7630, 13, 27, 347, 836, '0.00', '0.00', '0.00'),
(7631, 13, 27, 348, 837, '0.00', '0.00', '0.00'),
(7632, 13, 27, 358, 847, '30.00', '20.00', '20.00'),
(7633, 13, 27, 360, 849, '25.00', '20.00', '20.00'),
(7634, 15, 27, 386, 837, '0.00', '0.00', '0.00'),
(7635, 15, 27, 391, 842, '90.00', '40.00', '40.00'),
(7636, 27, 1, 847, 12, '30.00', '20.00', '20.00'),
(7637, 27, 1, 849, 14, '25.00', '20.00', '20.00'),
(7638, 27, 2, 836, 15, '0.00', '0.00', '0.00'),
(7639, 27, 2, 837, 16, '0.00', '0.00', '0.00'),
(7640, 27, 2, 839, 18, '20.00', '20.00', '20.00'),
(7641, 27, 4, 836, 63, '0.00', '0.00', '0.00'),
(7642, 27, 4, 837, 64, '0.00', '0.00', '0.00'),
(7643, 27, 4, 839, 66, '20.00', '20.00', '20.00'),
(7644, 27, 4, 847, 74, '30.00', '20.00', '20.00'),
(7645, 27, 4, 849, 76, '25.00', '20.00', '20.00'),
(7646, 27, 5, 836, 110, '0.00', '0.00', '0.00'),
(7647, 27, 5, 839, 113, '20.00', '20.00', '20.00'),
(7648, 27, 5, 847, 121, '30.00', '20.00', '20.00'),
(7649, 27, 6, 836, 181, '0.00', '0.00', '0.00'),
(7650, 27, 6, 837, 182, '0.00', '0.00', '0.00'),
(7651, 27, 6, 847, 216, '50.00', '20.00', '20.00'),
(7652, 27, 6, 849, 218, '25.00', '20.00', '20.00'),
(7653, 27, 9, 836, 260, '0.00', '0.00', '0.00'),
(7654, 27, 9, 839, 263, '20.00', '20.00', '20.00'),
(7655, 27, 9, 847, 271, '30.00', '20.00', '20.00'),
(7656, 27, 9, 848, 272, '35.00', '60.00', '35.00'),
(7657, 27, 9, 849, 273, '25.00', '20.00', '20.00'),
(7658, 27, 13, 836, 347, '0.00', '0.00', '0.00'),
(7659, 27, 13, 837, 348, '0.00', '0.00', '0.00'),
(7660, 27, 13, 847, 358, '30.00', '20.00', '20.00'),
(7661, 27, 13, 849, 360, '25.00', '20.00', '20.00'),
(7662, 27, 28, 836, 631, '0.00', '0.00', '0.00'),
(7663, 27, 28, 839, 634, '20.00', '20.00', '20.00'),
(7664, 27, 28, 843, 638, '30.00', '30.00', '30.00'),
(7665, 27, 28, 847, 642, '30.00', '20.00', '20.00'),
(7666, 27, 28, 848, 643, '35.00', '60.00', '35.00'),
(7667, 27, 28, 849, 644, '25.00', '20.00', '20.00'),
(7668, 27, 30, 836, 667, '0.00', '0.00', '0.00'),
(7669, 27, 30, 837, 668, '0.00', '0.00', '0.00'),
(7670, 27, 30, 839, 670, '20.00', '20.00', '20.00'),
(7671, 27, 30, 847, 678, '30.00', '20.00', '20.00'),
(7672, 27, 30, 849, 680, '25.00', '20.00', '20.00'),
(7677, 27, 33, 836, 721, '0.00', '0.00', '0.00'),
(7678, 27, 33, 837, 722, '0.00', '0.00', '0.00'),
(7679, 27, 33, 849, 734, '25.00', '20.00', '20.00'),
(7680, 27, 36, 836, 779, '0.00', '0.00', '0.00'),
(7681, 28, 27, 631, 836, '0.00', '0.00', '0.00'),
(7682, 28, 27, 634, 839, '20.00', '20.00', '20.00'),
(7683, 28, 27, 638, 843, '30.00', '30.00', '30.00'),
(7684, 28, 27, 642, 847, '30.00', '20.00', '20.00'),
(7685, 28, 27, 643, 848, '35.00', '60.00', '35.00'),
(7686, 28, 27, 644, 849, '25.00', '20.00', '20.00'),
(7687, 30, 27, 667, 836, '0.00', '0.00', '0.00'),
(7688, 30, 27, 668, 837, '0.00', '0.00', '0.00'),
(7689, 30, 27, 670, 839, '20.00', '20.00', '20.00'),
(7690, 30, 27, 678, 847, '30.00', '20.00', '20.00'),
(7691, 30, 27, 680, 849, '25.00', '20.00', '20.00'),
(7696, 33, 27, 721, 836, '0.00', '0.00', '0.00'),
(7697, 33, 27, 722, 837, '0.00', '0.00', '0.00'),
(7698, 33, 27, 734, 849, '25.00', '20.00', '20.00'),
(7699, 36, 27, 779, 836, '0.00', '0.00', '0.00'),
(7700, 2, 27, 29, 850, '60.00', '60.00', '60.00'),
(7701, 2, 27, 30, 851, '20.00', '20.00', '20.00'),
(7702, 2, 27, 31, 852, '20.00', '20.00', '20.00'),
(7703, 2, 27, 32, 853, '20.00', '20.00', '20.00'),
(7704, 4, 27, 77, 850, '60.00', '60.00', '60.00'),
(7705, 4, 27, 78, 851, '20.00', '20.00', '20.00'),
(7706, 4, 27, 79, 852, '20.00', '20.00', '20.00'),
(7707, 4, 27, 80, 853, '20.00', '20.00', '20.00'),
(7708, 6, 27, 219, 850, '50.00', '60.00', '50.00'),
(7709, 6, 27, 220, 851, '20.00', '20.00', '20.00'),
(7710, 6, 27, 221, 852, '10.00', '20.00', '10.00'),
(7711, 6, 27, 346, 853, '0.00', '20.00', '0.00'),
(7712, 9, 27, 274, 850, '60.00', '60.00', '60.00'),
(7713, 9, 27, 275, 851, '0.00', '20.00', '0.00'),
(7714, 9, 27, 276, 852, '10.00', '20.00', '10.00'),
(7715, 9, 27, 277, 853, '10.00', '20.00', '10.00'),
(7716, 13, 27, 361, 850, '60.00', '60.00', '60.00'),
(7717, 13, 27, 362, 851, '20.00', '20.00', '20.00'),
(7718, 13, 27, 363, 852, '20.00', '20.00', '20.00'),
(7719, 13, 27, 364, 853, '20.00', '20.00', '20.00'),
(7720, 15, 27, 399, 850, '20.00', '60.00', '20.00'),
(7721, 15, 27, 400, 851, '0.00', '20.00', '0.00'),
(7722, 15, 27, 401, 852, '10.00', '20.00', '10.00'),
(7723, 15, 27, 402, 853, '10.00', '20.00', '10.00'),
(7724, 27, 2, 850, 29, '60.00', '60.00', '60.00'),
(7725, 27, 2, 851, 30, '20.00', '20.00', '20.00'),
(7726, 27, 2, 852, 31, '20.00', '20.00', '20.00'),
(7727, 27, 2, 853, 32, '20.00', '20.00', '20.00'),
(7728, 27, 4, 850, 77, '60.00', '60.00', '60.00'),
(7729, 27, 4, 851, 78, '20.00', '20.00', '20.00'),
(7730, 27, 4, 852, 79, '20.00', '20.00', '20.00'),
(7731, 27, 4, 853, 80, '20.00', '20.00', '20.00'),
(7732, 27, 6, 850, 219, '50.00', '60.00', '50.00'),
(7733, 27, 6, 851, 220, '20.00', '20.00', '20.00'),
(7734, 27, 6, 852, 221, '10.00', '20.00', '10.00'),
(7735, 27, 6, 853, 346, '0.00', '20.00', '0.00'),
(7736, 27, 9, 850, 274, '60.00', '60.00', '60.00'),
(7737, 27, 9, 851, 275, '0.00', '20.00', '0.00'),
(7738, 27, 9, 852, 276, '10.00', '20.00', '10.00'),
(7739, 27, 9, 853, 277, '10.00', '20.00', '10.00'),
(7740, 27, 13, 850, 361, '60.00', '60.00', '60.00'),
(7741, 27, 13, 851, 362, '20.00', '20.00', '20.00'),
(7742, 27, 13, 852, 363, '20.00', '20.00', '20.00'),
(7743, 27, 13, 853, 364, '20.00', '20.00', '20.00'),
(7744, 27, 15, 850, 399, '20.00', '60.00', '20.00'),
(7745, 27, 15, 851, 400, '0.00', '20.00', '0.00'),
(7746, 27, 15, 852, 401, '10.00', '20.00', '10.00'),
(7747, 27, 15, 853, 402, '10.00', '20.00', '10.00'),
(7748, 27, 28, 850, 645, '60.00', '60.00', '60.00'),
(7749, 27, 28, 851, 646, '20.00', '20.00', '20.00'),
(7750, 27, 28, 852, 647, '20.00', '20.00', '20.00'),
(7751, 27, 28, 853, 648, '20.00', '20.00', '20.00'),
(7752, 27, 30, 850, 681, '60.00', '60.00', '60.00'),
(7753, 27, 30, 851, 682, '20.00', '20.00', '20.00'),
(7754, 27, 30, 852, 683, '20.00', '20.00', '20.00'),
(7755, 27, 30, 853, 684, '20.00', '20.00', '20.00'),
(7760, 27, 33, 850, 735, '35.00', '60.00', '35.00'),
(7761, 27, 33, 851, 736, '0.00', '20.00', '0.00'),
(7762, 27, 33, 852, 737, '20.00', '20.00', '20.00'),
(7763, 27, 33, 853, 738, '10.00', '20.00', '10.00'),
(7764, 28, 27, 645, 850, '60.00', '60.00', '60.00'),
(7765, 28, 27, 646, 851, '20.00', '20.00', '20.00'),
(7766, 28, 27, 647, 852, '20.00', '20.00', '20.00'),
(7767, 28, 27, 648, 853, '20.00', '20.00', '20.00'),
(7768, 30, 27, 681, 850, '60.00', '60.00', '60.00'),
(7769, 30, 27, 682, 851, '20.00', '20.00', '20.00'),
(7770, 30, 27, 683, 852, '20.00', '20.00', '20.00'),
(7771, 30, 27, 684, 853, '20.00', '20.00', '20.00'),
(7776, 33, 27, 735, 850, '35.00', '60.00', '35.00'),
(7777, 33, 27, 736, 851, '0.00', '20.00', '0.00'),
(7778, 33, 27, 737, 852, '20.00', '20.00', '20.00'),
(7779, 33, 27, 738, 853, '10.00', '20.00', '10.00'),
(8146, 1, 39, 1, 884, '0.00', '0.00', '0.00'),
(8147, 1, 39, 2, 885, '0.00', '0.00', '0.00'),
(8148, 1, 39, 3, 886, '20.00', '20.00', '20.00'),
(8149, 1, 39, 4, 887, '0.00', '20.00', '0.00'),
(8150, 1, 39, 5, 888, '40.00', '80.00', '40.00'),
(8151, 1, 39, 6, 889, '10.00', '40.00', '10.00'),
(8152, 1, 39, 7, 890, '20.00', '40.00', '20.00'),
(8153, 1, 39, 8, 891, '5.00', '30.00', '5.00'),
(8154, 1, 39, 9, 892, '3.00', '9.00', '3.00'),
(8155, 1, 39, 10, 893, '5.00', '20.00', '5.00'),
(8156, 1, 39, 11, 894, '0.00', '20.00', '0.00'),
(8157, 1, 39, 12, 895, '5.00', '20.00', '5.00'),
(8158, 1, 39, 13, 896, '5.00', '60.00', '5.00'),
(8159, 1, 39, 14, 897, '0.00', '20.00', '0.00'),
(8163, 2, 39, 15, 884, '0.00', '0.00', '0.00'),
(8164, 2, 39, 16, 885, '0.00', '0.00', '0.00'),
(8165, 2, 39, 17, 886, '20.00', '20.00', '20.00'),
(8166, 2, 39, 18, 887, '20.00', '20.00', '20.00'),
(8167, 2, 39, 19, 888, '0.00', '80.00', '0.00'),
(8168, 2, 39, 20, 889, '20.00', '40.00', '20.00'),
(8169, 2, 39, 21, 890, '5.00', '40.00', '5.00'),
(8170, 2, 39, 22, 891, '20.00', '30.00', '20.00'),
(8171, 2, 39, 23, 892, '3.00', '9.00', '3.00'),
(8172, 2, 39, 24, 893, '5.00', '20.00', '5.00'),
(8173, 2, 39, 25, 894, '0.00', '20.00', '0.00'),
(8174, 2, 39, 26, 895, '20.00', '20.00', '20.00'),
(8175, 2, 39, 27, 896, '5.00', '60.00', '5.00'),
(8176, 2, 39, 28, 897, '0.00', '20.00', '0.00'),
(8180, 4, 39, 63, 884, '0.00', '0.00', '0.00'),
(8181, 4, 39, 64, 885, '0.00', '0.00', '0.00'),
(8182, 4, 39, 65, 886, '20.00', '20.00', '20.00'),
(8183, 4, 39, 66, 887, '20.00', '20.00', '20.00'),
(8184, 4, 39, 67, 888, '40.00', '80.00', '40.00'),
(8185, 4, 39, 68, 889, '5.00', '40.00', '5.00'),
(8186, 4, 39, 69, 890, '20.00', '40.00', '20.00'),
(8187, 4, 39, 70, 891, '5.00', '30.00', '5.00'),
(8188, 4, 39, 71, 892, '3.00', '9.00', '3.00'),
(8189, 4, 39, 72, 893, '20.00', '20.00', '20.00'),
(8190, 4, 39, 73, 894, '0.00', '20.00', '0.00'),
(8191, 4, 39, 74, 895, '5.00', '20.00', '5.00'),
(8192, 4, 39, 75, 896, '5.00', '60.00', '5.00'),
(8193, 4, 39, 76, 897, '0.00', '20.00', '0.00'),
(8194, 5, 39, 110, 884, '0.00', '0.00', '0.00'),
(8195, 5, 39, 111, 885, '0.00', '0.00', '0.00'),
(8196, 5, 39, 112, 886, '5.00', '20.00', '5.00'),
(8197, 5, 39, 113, 887, '20.00', '20.00', '20.00'),
(8198, 5, 39, 114, 888, '20.00', '80.00', '20.00'),
(8199, 5, 39, 115, 889, '5.00', '40.00', '5.00'),
(8200, 5, 39, 116, 890, '5.00', '40.00', '5.00'),
(8201, 5, 39, 117, 891, '5.00', '30.00', '5.00'),
(8202, 5, 39, 118, 892, '0.75', '9.00', '0.75'),
(8203, 5, 39, 119, 893, '5.00', '20.00', '5.00'),
(8204, 5, 39, 120, 894, '0.00', '20.00', '0.00'),
(8205, 5, 39, 121, 895, '5.00', '20.00', '5.00'),
(8206, 5, 39, 122, 896, '5.00', '60.00', '5.00'),
(8207, 5, 39, 123, 897, '0.00', '20.00', '0.00'),
(8211, 6, 39, 181, 884, '0.00', '0.00', '0.00'),
(8212, 6, 39, 182, 885, '0.00', '0.00', '0.00'),
(8213, 6, 39, 203, 886, '15.00', '20.00', '15.00'),
(8214, 6, 39, 204, 887, '0.00', '20.00', '0.00'),
(8215, 6, 39, 333, 888, '60.00', '80.00', '60.00'),
(8216, 6, 39, 210, 889, '10.00', '40.00', '10.00'),
(8217, 6, 39, 335, 890, '30.00', '40.00', '30.00'),
(8218, 6, 39, 336, 891, '25.00', '30.00', '25.00'),
(8219, 6, 39, 213, 892, '6.00', '9.00', '6.00'),
(8220, 6, 39, 214, 893, '5.00', '20.00', '5.00'),
(8221, 6, 39, 339, 894, '20.00', '20.00', '20.00'),
(8222, 6, 39, 216, 895, '5.00', '20.00', '5.00'),
(8223, 6, 39, 217, 896, '25.00', '60.00', '25.00'),
(8224, 6, 39, 342, 897, '20.00', '20.00', '20.00'),
(8228, 9, 39, 260, 884, '0.00', '0.00', '0.00'),
(8229, 9, 39, 261, 885, '0.00', '0.00', '0.00'),
(8230, 9, 39, 262, 886, '5.00', '20.00', '5.00'),
(8231, 9, 39, 263, 887, '20.00', '20.00', '20.00'),
(8232, 9, 39, 264, 888, '40.00', '80.00', '40.00'),
(8233, 9, 39, 265, 889, '20.00', '40.00', '20.00'),
(8234, 9, 39, 266, 890, '5.00', '40.00', '5.00'),
(8235, 9, 39, 267, 891, '5.00', '30.00', '5.00'),
(8236, 9, 39, 268, 892, '3.00', '9.00', '3.00'),
(8237, 9, 39, 269, 893, '5.00', '20.00', '5.00'),
(8238, 9, 39, 270, 894, '0.00', '20.00', '0.00'),
(8239, 9, 39, 271, 895, '5.00', '20.00', '5.00'),
(8240, 9, 39, 272, 896, '5.00', '60.00', '5.00'),
(8241, 9, 39, 273, 897, '0.00', '20.00', '0.00'),
(8245, 13, 39, 347, 884, '0.00', '0.00', '0.00'),
(8246, 13, 39, 348, 885, '0.00', '0.00', '0.00'),
(8247, 13, 39, 349, 886, '5.00', '20.00', '5.00'),
(8248, 13, 39, 350, 887, '0.00', '20.00', '0.00'),
(8249, 13, 39, 351, 888, '0.00', '80.00', '0.00'),
(8250, 13, 39, 352, 889, '20.00', '40.00', '20.00'),
(8251, 13, 39, 353, 890, '5.00', '40.00', '5.00'),
(8252, 13, 39, 354, 891, '20.00', '30.00', '20.00'),
(8253, 13, 39, 355, 892, '3.00', '9.00', '3.00'),
(8254, 13, 39, 356, 893, '20.00', '20.00', '20.00'),
(8255, 13, 39, 357, 894, '0.00', '20.00', '0.00'),
(8256, 13, 39, 358, 895, '5.00', '20.00', '5.00'),
(8257, 13, 39, 359, 896, '5.00', '60.00', '5.00'),
(8258, 13, 39, 360, 897, '0.00', '20.00', '0.00'),
(8262, 15, 39, 385, 884, '0.00', '0.00', '0.00'),
(8263, 15, 39, 386, 885, '0.00', '0.00', '0.00'),
(8264, 15, 39, 387, 886, '30.00', '20.00', '20.00'),
(8265, 15, 39, 388, 887, '0.00', '20.00', '0.00'),
(8266, 15, 39, 389, 888, '40.00', '80.00', '40.00'),
(8267, 15, 39, 390, 889, '45.00', '40.00', '40.00'),
(8268, 15, 39, 391, 890, '5.00', '40.00', '5.00'),
(8269, 15, 39, 392, 891, '45.00', '30.00', '30.00'),
(8270, 15, 39, 393, 892, '0.75', '9.00', '0.75'),
(8271, 15, 39, 394, 893, '5.00', '20.00', '5.00'),
(8272, 15, 39, 395, 894, '60.00', '20.00', '20.00'),
(8273, 15, 39, 752, 895, '25.00', '20.00', '20.00'),
(8274, 15, 39, 753, 896, '25.00', '60.00', '25.00'),
(8275, 15, 39, 398, 897, '0.00', '20.00', '0.00'),
(8279, 27, 39, 836, 884, '0.00', '0.00', '0.00'),
(8280, 27, 39, 618, 885, '0.00', '0.00', '0.00'),
(8281, 27, 39, 619, 886, '10.00', '20.00', '10.00'),
(8282, 27, 39, 839, 887, '20.00', '20.00', '20.00'),
(8283, 27, 39, 621, 888, '80.00', '80.00', '80.00'),
(8284, 27, 39, 622, 889, '25.00', '40.00', '25.00'),
(8285, 27, 39, 842, 890, '30.00', '40.00', '30.00'),
(8286, 27, 39, 624, 891, '10.00', '30.00', '10.00'),
(8287, 27, 39, 625, 892, '6.00', '9.00', '6.00'),
(8288, 27, 39, 626, 893, '40.00', '20.00', '20.00'),
(8289, 27, 39, 627, 894, '0.00', '20.00', '0.00'),
(8290, 27, 39, 628, 895, '5.00', '20.00', '5.00'),
(8291, 27, 39, 629, 896, '25.00', '60.00', '25.00'),
(8292, 27, 39, 630, 897, '0.00', '20.00', '0.00'),
(8296, 28, 39, 631, 884, '0.00', '0.00', '0.00'),
(8297, 28, 39, 632, 885, '0.00', '0.00', '0.00'),
(8298, 28, 39, 633, 886, '10.00', '20.00', '10.00'),
(8299, 28, 39, 634, 887, '20.00', '20.00', '20.00'),
(8300, 28, 39, 635, 888, '40.00', '80.00', '40.00'),
(8301, 28, 39, 636, 889, '5.00', '40.00', '5.00'),
(8302, 28, 39, 637, 890, '20.00', '40.00', '20.00'),
(8303, 28, 39, 638, 891, '5.00', '30.00', '5.00'),
(8304, 28, 39, 639, 892, '0.75', '9.00', '0.75'),
(8305, 28, 39, 640, 893, '5.00', '20.00', '5.00'),
(8306, 28, 39, 641, 894, '0.00', '20.00', '0.00'),
(8307, 28, 39, 642, 895, '5.00', '20.00', '5.00'),
(8308, 28, 39, 643, 896, '5.00', '60.00', '5.00'),
(8309, 28, 39, 644, 897, '0.00', '20.00', '0.00'),
(8313, 30, 39, 667, 884, '0.00', '0.00', '0.00'),
(8314, 30, 39, 668, 885, '0.00', '0.00', '0.00'),
(8315, 30, 39, 669, 886, '20.00', '20.00', '20.00'),
(8316, 30, 39, 670, 887, '20.00', '20.00', '20.00'),
(8317, 30, 39, 671, 888, '40.00', '80.00', '40.00'),
(8318, 30, 39, 672, 889, '5.00', '40.00', '5.00'),
(8319, 30, 39, 673, 890, '20.00', '40.00', '20.00'),
(8320, 30, 39, 674, 891, '5.00', '30.00', '5.00'),
(8321, 30, 39, 675, 892, '3.00', '9.00', '3.00'),
(8322, 30, 39, 676, 893, '20.00', '20.00', '20.00'),
(8323, 30, 39, 677, 894, '0.00', '20.00', '0.00'),
(8324, 30, 39, 678, 895, '5.00', '20.00', '5.00'),
(8325, 30, 39, 679, 896, '5.00', '60.00', '5.00'),
(8326, 30, 39, 680, 897, '0.00', '20.00', '0.00'),
(8330, 33, 39, 721, 884, '0.00', '0.00', '0.00'),
(8331, 33, 39, 722, 885, '0.00', '0.00', '0.00'),
(8332, 33, 39, 723, 886, '20.00', '20.00', '20.00'),
(8333, 33, 39, 724, 887, '0.00', '20.00', '0.00'),
(8334, 33, 39, 725, 888, '40.00', '80.00', '40.00'),
(8335, 33, 39, 726, 889, '10.00', '40.00', '10.00'),
(8336, 33, 39, 727, 890, '5.00', '40.00', '5.00'),
(8337, 33, 39, 728, 891, '20.00', '30.00', '20.00'),
(8338, 33, 39, 729, 892, '0.75', '9.00', '0.75'),
(8339, 33, 39, 730, 893, '20.00', '20.00', '20.00'),
(8340, 33, 39, 731, 894, '0.00', '20.00', '0.00'),
(8341, 33, 39, 732, 895, '5.00', '20.00', '5.00'),
(8342, 33, 39, 733, 896, '20.00', '60.00', '20.00'),
(8343, 33, 39, 734, 897, '0.00', '20.00', '0.00'),
(8344, 35, 39, 778, 884, '0.00', '0.00', '0.00'),
(8345, 36, 39, 779, 884, '0.00', '0.00', '0.00'),
(8346, 36, 39, 795, 885, '0.00', '0.00', '0.00'),
(8347, 36, 39, 796, 886, '10.00', '20.00', '10.00'),
(8348, 36, 39, 782, 887, '5.00', '20.00', '5.00'),
(8349, 36, 39, 798, 888, '60.00', '80.00', '60.00'),
(8350, 36, 39, 799, 889, '25.00', '40.00', '25.00'),
(8351, 36, 39, 785, 890, '10.00', '40.00', '10.00'),
(8352, 36, 39, 786, 891, '10.00', '30.00', '10.00'),
(8353, 36, 39, 787, 892, '0.75', '9.00', '0.75'),
(8354, 36, 39, 788, 893, '5.00', '20.00', '5.00'),
(8355, 36, 39, 789, 894, '80.00', '20.00', '20.00'),
(8356, 36, 39, 805, 895, '25.00', '20.00', '20.00'),
(8357, 36, 39, 791, 896, '25.00', '60.00', '25.00'),
(8358, 36, 39, 792, 897, '20.00', '20.00', '20.00'),
(8403, 39, 1, 884, 1, '0.00', '0.00', '0.00'),
(8404, 39, 1, 885, 2, '0.00', '0.00', '0.00'),
(8405, 39, 1, 886, 3, '20.00', '20.00', '20.00'),
(8406, 39, 1, 887, 4, '0.00', '20.00', '0.00'),
(8407, 39, 1, 888, 5, '40.00', '80.00', '40.00'),
(8408, 39, 1, 889, 6, '10.00', '40.00', '10.00'),
(8409, 39, 1, 890, 7, '20.00', '40.00', '20.00'),
(8410, 39, 1, 891, 8, '5.00', '30.00', '5.00'),
(8411, 39, 1, 892, 9, '3.00', '9.00', '3.00'),
(8412, 39, 1, 893, 10, '5.00', '20.00', '5.00'),
(8413, 39, 1, 894, 11, '0.00', '20.00', '0.00'),
(8414, 39, 1, 895, 12, '5.00', '20.00', '5.00'),
(8415, 39, 1, 896, 13, '5.00', '60.00', '5.00'),
(8416, 39, 1, 897, 14, '0.00', '20.00', '0.00'),
(8417, 39, 2, 884, 15, '0.00', '0.00', '0.00'),
(8418, 39, 2, 885, 16, '0.00', '0.00', '0.00'),
(8419, 39, 2, 886, 17, '20.00', '20.00', '20.00'),
(8420, 39, 2, 887, 18, '20.00', '20.00', '20.00'),
(8421, 39, 2, 888, 19, '0.00', '80.00', '0.00'),
(8422, 39, 2, 889, 20, '20.00', '40.00', '20.00'),
(8423, 39, 2, 890, 21, '5.00', '40.00', '5.00'),
(8424, 39, 2, 891, 22, '20.00', '30.00', '20.00'),
(8425, 39, 2, 892, 23, '3.00', '9.00', '3.00'),
(8426, 39, 2, 893, 24, '5.00', '20.00', '5.00'),
(8427, 39, 2, 894, 25, '0.00', '20.00', '0.00'),
(8428, 39, 2, 895, 26, '20.00', '20.00', '20.00'),
(8429, 39, 2, 896, 27, '5.00', '60.00', '5.00'),
(8430, 39, 2, 897, 28, '0.00', '20.00', '0.00'),
(8431, 39, 4, 884, 63, '0.00', '0.00', '0.00'),
(8432, 39, 4, 885, 64, '0.00', '0.00', '0.00'),
(8433, 39, 4, 886, 65, '20.00', '20.00', '20.00'),
(8434, 39, 4, 887, 66, '20.00', '20.00', '20.00'),
(8435, 39, 4, 888, 67, '40.00', '80.00', '40.00'),
(8436, 39, 4, 889, 68, '5.00', '40.00', '5.00'),
(8437, 39, 4, 890, 69, '20.00', '40.00', '20.00'),
(8438, 39, 4, 891, 70, '5.00', '30.00', '5.00'),
(8439, 39, 4, 892, 71, '3.00', '9.00', '3.00'),
(8440, 39, 4, 893, 72, '20.00', '20.00', '20.00'),
(8441, 39, 4, 894, 73, '0.00', '20.00', '0.00'),
(8442, 39, 4, 895, 74, '5.00', '20.00', '5.00'),
(8443, 39, 4, 896, 75, '5.00', '60.00', '5.00'),
(8444, 39, 4, 897, 76, '0.00', '20.00', '0.00'),
(8445, 39, 5, 884, 110, '0.00', '0.00', '0.00'),
(8446, 39, 5, 885, 111, '0.00', '0.00', '0.00'),
(8447, 39, 5, 886, 112, '5.00', '20.00', '5.00'),
(8448, 39, 5, 887, 113, '20.00', '20.00', '20.00'),
(8449, 39, 5, 888, 114, '20.00', '80.00', '20.00'),
(8450, 39, 5, 889, 115, '5.00', '40.00', '5.00'),
(8451, 39, 5, 890, 116, '5.00', '40.00', '5.00'),
(8452, 39, 5, 891, 117, '5.00', '30.00', '5.00'),
(8453, 39, 5, 892, 118, '0.75', '9.00', '0.75'),
(8454, 39, 5, 893, 119, '5.00', '20.00', '5.00'),
(8455, 39, 5, 894, 120, '0.00', '20.00', '0.00'),
(8456, 39, 5, 895, 121, '5.00', '20.00', '5.00'),
(8457, 39, 5, 896, 122, '5.00', '60.00', '5.00'),
(8458, 39, 5, 897, 123, '0.00', '20.00', '0.00'),
(8459, 39, 6, 884, 181, '0.00', '0.00', '0.00'),
(8460, 39, 6, 885, 182, '0.00', '0.00', '0.00'),
(8461, 39, 6, 886, 203, '15.00', '20.00', '15.00'),
(8462, 39, 6, 887, 204, '0.00', '20.00', '0.00'),
(8463, 39, 6, 888, 333, '60.00', '80.00', '60.00'),
(8464, 39, 6, 889, 210, '10.00', '40.00', '10.00'),
(8465, 39, 6, 890, 335, '30.00', '40.00', '30.00'),
(8466, 39, 6, 891, 336, '25.00', '30.00', '25.00'),
(8467, 39, 6, 892, 213, '6.00', '9.00', '6.00'),
(8468, 39, 6, 893, 214, '5.00', '20.00', '5.00'),
(8469, 39, 6, 894, 339, '20.00', '20.00', '20.00'),
(8470, 39, 6, 895, 216, '5.00', '20.00', '5.00'),
(8471, 39, 6, 896, 217, '25.00', '60.00', '25.00'),
(8472, 39, 6, 897, 342, '20.00', '20.00', '20.00'),
(8473, 39, 9, 884, 260, '0.00', '0.00', '0.00'),
(8474, 39, 9, 885, 261, '0.00', '0.00', '0.00'),
(8475, 39, 9, 886, 262, '5.00', '20.00', '5.00'),
(8476, 39, 9, 887, 263, '20.00', '20.00', '20.00'),
(8477, 39, 9, 888, 264, '40.00', '80.00', '40.00'),
(8478, 39, 9, 889, 265, '20.00', '40.00', '20.00'),
(8479, 39, 9, 890, 266, '5.00', '40.00', '5.00'),
(8480, 39, 9, 891, 267, '5.00', '30.00', '5.00'),
(8481, 39, 9, 892, 268, '3.00', '9.00', '3.00'),
(8482, 39, 9, 893, 269, '5.00', '20.00', '5.00'),
(8483, 39, 9, 894, 270, '0.00', '20.00', '0.00'),
(8484, 39, 9, 895, 271, '5.00', '20.00', '5.00'),
(8485, 39, 9, 896, 272, '5.00', '60.00', '5.00'),
(8486, 39, 9, 897, 273, '0.00', '20.00', '0.00'),
(8487, 39, 13, 884, 347, '0.00', '0.00', '0.00'),
(8488, 39, 13, 885, 348, '0.00', '0.00', '0.00'),
(8489, 39, 13, 886, 349, '5.00', '20.00', '5.00'),
(8490, 39, 13, 887, 350, '0.00', '20.00', '0.00'),
(8491, 39, 13, 888, 351, '0.00', '80.00', '0.00'),
(8492, 39, 13, 889, 352, '20.00', '40.00', '20.00'),
(8493, 39, 13, 890, 353, '5.00', '40.00', '5.00'),
(8494, 39, 13, 891, 354, '20.00', '30.00', '20.00'),
(8495, 39, 13, 892, 355, '3.00', '9.00', '3.00'),
(8496, 39, 13, 893, 356, '20.00', '20.00', '20.00');
INSERT INTO `test_ques_comparisons` (`id`, `test_id_1`, `test_id_2`, `test_que_1`, `test_que_2`, `obtained_scores`, `max_allowed_scores`, `final_scores`) VALUES
(8497, 39, 13, 894, 357, '0.00', '20.00', '0.00'),
(8498, 39, 13, 895, 358, '5.00', '20.00', '5.00'),
(8499, 39, 13, 896, 359, '5.00', '60.00', '5.00'),
(8500, 39, 13, 897, 360, '0.00', '20.00', '0.00'),
(8501, 39, 15, 884, 385, '0.00', '0.00', '0.00'),
(8502, 39, 15, 885, 386, '0.00', '0.00', '0.00'),
(8503, 39, 15, 886, 387, '30.00', '20.00', '20.00'),
(8504, 39, 15, 887, 388, '0.00', '20.00', '0.00'),
(8505, 39, 15, 888, 389, '40.00', '80.00', '40.00'),
(8506, 39, 15, 889, 390, '45.00', '40.00', '40.00'),
(8507, 39, 15, 890, 391, '5.00', '40.00', '5.00'),
(8508, 39, 15, 891, 392, '45.00', '30.00', '30.00'),
(8509, 39, 15, 892, 393, '0.75', '9.00', '0.75'),
(8510, 39, 15, 893, 394, '5.00', '20.00', '5.00'),
(8511, 39, 15, 894, 395, '60.00', '20.00', '20.00'),
(8512, 39, 15, 895, 752, '25.00', '20.00', '20.00'),
(8513, 39, 15, 896, 753, '25.00', '60.00', '25.00'),
(8514, 39, 15, 897, 398, '0.00', '20.00', '0.00'),
(8515, 39, 27, 884, 836, '0.00', '0.00', '0.00'),
(8516, 39, 27, 885, 618, '0.00', '0.00', '0.00'),
(8517, 39, 27, 886, 619, '10.00', '20.00', '10.00'),
(8518, 39, 27, 887, 839, '20.00', '20.00', '20.00'),
(8519, 39, 27, 888, 621, '80.00', '80.00', '80.00'),
(8520, 39, 27, 889, 622, '25.00', '40.00', '25.00'),
(8521, 39, 27, 890, 842, '30.00', '40.00', '30.00'),
(8522, 39, 27, 891, 624, '10.00', '30.00', '10.00'),
(8523, 39, 27, 892, 625, '6.00', '9.00', '6.00'),
(8524, 39, 27, 893, 626, '40.00', '20.00', '20.00'),
(8525, 39, 27, 894, 627, '0.00', '20.00', '0.00'),
(8526, 39, 27, 895, 628, '5.00', '20.00', '5.00'),
(8527, 39, 27, 896, 629, '25.00', '60.00', '25.00'),
(8528, 39, 27, 897, 630, '0.00', '20.00', '0.00'),
(8529, 39, 28, 884, 631, '0.00', '0.00', '0.00'),
(8530, 39, 28, 885, 632, '0.00', '0.00', '0.00'),
(8531, 39, 28, 886, 633, '10.00', '20.00', '10.00'),
(8532, 39, 28, 887, 634, '20.00', '20.00', '20.00'),
(8533, 39, 28, 888, 635, '40.00', '80.00', '40.00'),
(8534, 39, 28, 889, 636, '5.00', '40.00', '5.00'),
(8535, 39, 28, 890, 637, '20.00', '40.00', '20.00'),
(8536, 39, 28, 891, 638, '5.00', '30.00', '5.00'),
(8537, 39, 28, 892, 639, '0.75', '9.00', '0.75'),
(8538, 39, 28, 893, 640, '5.00', '20.00', '5.00'),
(8539, 39, 28, 894, 641, '0.00', '20.00', '0.00'),
(8540, 39, 28, 895, 642, '5.00', '20.00', '5.00'),
(8541, 39, 28, 896, 643, '5.00', '60.00', '5.00'),
(8542, 39, 28, 897, 644, '0.00', '20.00', '0.00'),
(8543, 39, 30, 884, 667, '0.00', '0.00', '0.00'),
(8544, 39, 30, 885, 668, '0.00', '0.00', '0.00'),
(8545, 39, 30, 886, 669, '20.00', '20.00', '20.00'),
(8546, 39, 30, 887, 670, '20.00', '20.00', '20.00'),
(8547, 39, 30, 888, 671, '40.00', '80.00', '40.00'),
(8548, 39, 30, 889, 672, '5.00', '40.00', '5.00'),
(8549, 39, 30, 890, 673, '20.00', '40.00', '20.00'),
(8550, 39, 30, 891, 674, '5.00', '30.00', '5.00'),
(8551, 39, 30, 892, 675, '3.00', '9.00', '3.00'),
(8552, 39, 30, 893, 676, '20.00', '20.00', '20.00'),
(8553, 39, 30, 894, 677, '0.00', '20.00', '0.00'),
(8554, 39, 30, 895, 678, '5.00', '20.00', '5.00'),
(8555, 39, 30, 896, 679, '5.00', '60.00', '5.00'),
(8556, 39, 30, 897, 680, '0.00', '20.00', '0.00'),
(8557, 39, 33, 884, 721, '0.00', '0.00', '0.00'),
(8558, 39, 33, 885, 722, '0.00', '0.00', '0.00'),
(8559, 39, 33, 886, 723, '20.00', '20.00', '20.00'),
(8560, 39, 33, 887, 724, '0.00', '20.00', '0.00'),
(8561, 39, 33, 888, 725, '40.00', '80.00', '40.00'),
(8562, 39, 33, 889, 726, '10.00', '40.00', '10.00'),
(8563, 39, 33, 890, 727, '5.00', '40.00', '5.00'),
(8564, 39, 33, 891, 728, '20.00', '30.00', '20.00'),
(8565, 39, 33, 892, 729, '0.75', '9.00', '0.75'),
(8566, 39, 33, 893, 730, '20.00', '20.00', '20.00'),
(8567, 39, 33, 894, 731, '0.00', '20.00', '0.00'),
(8568, 39, 33, 895, 732, '5.00', '20.00', '5.00'),
(8569, 39, 33, 896, 733, '20.00', '60.00', '20.00'),
(8570, 39, 33, 897, 734, '0.00', '20.00', '0.00'),
(8571, 39, 35, 884, 778, '0.00', '0.00', '0.00'),
(8572, 39, 36, 884, 779, '0.00', '0.00', '0.00'),
(8573, 39, 36, 885, 795, '0.00', '0.00', '0.00'),
(8574, 39, 36, 886, 796, '10.00', '20.00', '10.00'),
(8575, 39, 36, 887, 782, '5.00', '20.00', '5.00'),
(8576, 39, 36, 888, 798, '60.00', '80.00', '60.00'),
(8577, 39, 36, 889, 799, '25.00', '40.00', '25.00'),
(8578, 39, 36, 890, 785, '10.00', '40.00', '10.00'),
(8579, 39, 36, 891, 786, '10.00', '30.00', '10.00'),
(8580, 39, 36, 892, 787, '0.75', '9.00', '0.75'),
(8581, 39, 36, 893, 788, '5.00', '20.00', '5.00'),
(8582, 39, 36, 894, 789, '80.00', '20.00', '20.00'),
(8583, 39, 36, 895, 805, '25.00', '20.00', '20.00'),
(8584, 39, 36, 896, 791, '25.00', '60.00', '25.00'),
(8585, 39, 36, 897, 792, '20.00', '20.00', '20.00'),
(8600, 1, 39, 1, 898, '0.00', '0.00', '0.00'),
(8601, 1, 39, 6, 903, '30.00', '40.00', '30.00'),
(8602, 1, 39, 8, 905, '25.00', '30.00', '25.00'),
(8603, 1, 39, 13, 910, '30.00', '60.00', '30.00'),
(8604, 1, 39, 14, 911, '20.00', '20.00', '20.00'),
(8605, 2, 39, 16, 899, '0.00', '0.00', '0.00'),
(8606, 2, 39, 21, 904, '25.00', '40.00', '25.00'),
(8607, 2, 39, 25, 908, '20.00', '20.00', '20.00'),
(8608, 4, 39, 64, 899, '0.00', '0.00', '0.00'),
(8609, 4, 39, 68, 903, '25.00', '40.00', '25.00'),
(8610, 4, 39, 70, 905, '25.00', '30.00', '25.00'),
(8611, 4, 39, 73, 908, '20.00', '20.00', '20.00'),
(8612, 4, 39, 75, 910, '35.00', '60.00', '35.00'),
(8613, 4, 39, 76, 911, '20.00', '20.00', '20.00'),
(8614, 5, 39, 112, 900, '25.00', '20.00', '20.00'),
(8615, 5, 39, 118, 906, '3.75', '9.00', '3.75'),
(8616, 6, 39, 182, 899, '0.00', '0.00', '0.00'),
(8617, 6, 39, 203, 900, '50.00', '20.00', '20.00'),
(8618, 6, 39, 212, 905, '65.00', '30.00', '30.00'),
(8619, 6, 39, 215, 908, '40.00', '20.00', '20.00'),
(8620, 6, 39, 218, 911, '40.00', '20.00', '20.00'),
(8621, 9, 39, 262, 900, '25.00', '20.00', '20.00'),
(8622, 9, 39, 266, 904, '25.00', '40.00', '25.00'),
(8623, 9, 39, 267, 905, '25.00', '30.00', '25.00'),
(8624, 9, 39, 272, 910, '30.00', '60.00', '30.00'),
(8625, 9, 39, 273, 911, '20.00', '20.00', '20.00'),
(8626, 13, 39, 348, 899, '0.00', '0.00', '0.00'),
(8627, 13, 39, 349, 900, '25.00', '20.00', '20.00'),
(8628, 13, 39, 353, 904, '25.00', '40.00', '25.00'),
(8629, 13, 39, 359, 910, '35.00', '60.00', '35.00'),
(8630, 13, 39, 360, 911, '20.00', '20.00', '20.00'),
(8631, 15, 39, 383, 898, '0.00', '0.00', '0.00'),
(8632, 15, 39, 386, 899, '0.00', '0.00', '0.00'),
(8633, 15, 39, 391, 904, '45.00', '40.00', '40.00'),
(8634, 15, 39, 393, 906, '10.50', '9.00', '9.00'),
(8635, 27, 39, 617, 898, '0.00', '0.00', '0.00'),
(8636, 27, 39, 837, 899, '0.00', '0.00', '0.00'),
(8637, 27, 39, 619, 900, '50.00', '20.00', '20.00'),
(8638, 27, 39, 624, 905, '50.00', '30.00', '30.00'),
(8639, 27, 39, 627, 908, '40.00', '20.00', '20.00'),
(8640, 27, 39, 628, 909, '25.00', '20.00', '20.00'),
(8641, 27, 39, 849, 911, '20.00', '20.00', '20.00'),
(8642, 28, 39, 636, 903, '25.00', '40.00', '25.00'),
(8643, 28, 39, 639, 906, '9.75', '9.00', '9.00'),
(8644, 28, 39, 643, 910, '30.00', '60.00', '30.00'),
(8645, 28, 39, 644, 911, '20.00', '20.00', '20.00'),
(8646, 30, 39, 668, 899, '0.00', '0.00', '0.00'),
(8647, 30, 39, 672, 903, '25.00', '40.00', '25.00'),
(8648, 30, 39, 674, 905, '25.00', '30.00', '25.00'),
(8649, 30, 39, 677, 908, '20.00', '20.00', '20.00'),
(8650, 30, 39, 679, 910, '35.00', '60.00', '35.00'),
(8651, 30, 39, 680, 911, '20.00', '20.00', '20.00'),
(8652, 33, 39, 722, 899, '0.00', '0.00', '0.00'),
(8653, 33, 39, 729, 906, '7.50', '9.00', '7.50'),
(8654, 33, 39, 734, 911, '20.00', '20.00', '20.00'),
(8655, 35, 39, 778, 898, '0.00', '0.00', '0.00'),
(8656, 36, 39, 781, 900, '20.00', '20.00', '20.00'),
(8657, 36, 39, 800, 904, '50.00', '40.00', '40.00'),
(8658, 36, 39, 816, 906, '7.50', '9.00', '7.50'),
(8664, 39, 1, 898, 1, '0.00', '0.00', '0.00'),
(8665, 39, 1, 903, 6, '30.00', '40.00', '30.00'),
(8666, 39, 1, 905, 8, '25.00', '30.00', '25.00'),
(8667, 39, 1, 910, 13, '30.00', '60.00', '30.00'),
(8668, 39, 1, 911, 14, '20.00', '20.00', '20.00'),
(8669, 39, 2, 899, 16, '0.00', '0.00', '0.00'),
(8670, 39, 2, 904, 21, '25.00', '40.00', '25.00'),
(8671, 39, 2, 908, 25, '20.00', '20.00', '20.00'),
(8672, 39, 4, 899, 64, '0.00', '0.00', '0.00'),
(8673, 39, 4, 903, 68, '25.00', '40.00', '25.00'),
(8674, 39, 4, 905, 70, '25.00', '30.00', '25.00'),
(8675, 39, 4, 908, 73, '20.00', '20.00', '20.00'),
(8676, 39, 4, 910, 75, '35.00', '60.00', '35.00'),
(8677, 39, 4, 911, 76, '20.00', '20.00', '20.00'),
(8678, 39, 5, 900, 112, '25.00', '20.00', '20.00'),
(8679, 39, 5, 906, 118, '3.75', '9.00', '3.75'),
(8680, 39, 6, 899, 182, '0.00', '0.00', '0.00'),
(8681, 39, 6, 900, 203, '50.00', '20.00', '20.00'),
(8682, 39, 9, 900, 262, '25.00', '20.00', '20.00'),
(8683, 39, 9, 904, 266, '25.00', '40.00', '25.00'),
(8684, 39, 9, 905, 267, '25.00', '30.00', '25.00'),
(8685, 39, 9, 910, 272, '30.00', '60.00', '30.00'),
(8686, 39, 9, 911, 273, '20.00', '20.00', '20.00'),
(8687, 39, 13, 899, 348, '0.00', '0.00', '0.00'),
(8688, 39, 13, 900, 349, '25.00', '20.00', '20.00'),
(8689, 39, 13, 904, 353, '25.00', '40.00', '25.00'),
(8690, 39, 13, 910, 359, '35.00', '60.00', '35.00'),
(8691, 39, 13, 911, 360, '20.00', '20.00', '20.00'),
(8692, 39, 15, 899, 386, '0.00', '0.00', '0.00'),
(8693, 39, 15, 904, 391, '45.00', '40.00', '40.00'),
(8694, 39, 15, 906, 393, '10.50', '9.00', '9.00'),
(8695, 39, 27, 899, 837, '0.00', '0.00', '0.00'),
(8696, 39, 27, 900, 619, '50.00', '20.00', '20.00'),
(8697, 39, 27, 905, 624, '50.00', '30.00', '30.00'),
(8698, 39, 27, 908, 627, '40.00', '20.00', '20.00'),
(8699, 39, 27, 909, 628, '25.00', '20.00', '20.00'),
(8700, 39, 27, 911, 849, '20.00', '20.00', '20.00'),
(8701, 39, 28, 903, 636, '25.00', '40.00', '25.00'),
(8702, 39, 28, 906, 639, '9.75', '9.00', '9.00'),
(8703, 39, 28, 910, 643, '30.00', '60.00', '30.00'),
(8704, 39, 28, 911, 644, '20.00', '20.00', '20.00'),
(8705, 39, 30, 899, 668, '0.00', '0.00', '0.00'),
(8706, 39, 30, 903, 672, '25.00', '40.00', '25.00'),
(8707, 39, 30, 905, 674, '25.00', '30.00', '25.00'),
(8708, 39, 30, 908, 677, '20.00', '20.00', '20.00'),
(8709, 39, 30, 910, 679, '35.00', '60.00', '35.00'),
(8710, 39, 30, 911, 680, '20.00', '20.00', '20.00'),
(8711, 39, 33, 899, 722, '0.00', '0.00', '0.00'),
(8712, 39, 33, 906, 729, '7.50', '9.00', '7.50'),
(8713, 39, 33, 911, 734, '20.00', '20.00', '20.00'),
(8714, 39, 35, 898, 778, '0.00', '0.00', '0.00'),
(8715, 39, 36, 904, 800, '50.00', '40.00', '40.00'),
(8716, 39, 36, 906, 816, '7.50', '9.00', '7.50'),
(8722, 2, 39, 29, 912, '20.00', '60.00', '20.00'),
(8723, 2, 39, 30, 913, '20.00', '20.00', '20.00'),
(8724, 2, 39, 31, 914, '10.00', '20.00', '10.00'),
(8725, 2, 39, 32, 915, '20.00', '20.00', '20.00'),
(8726, 4, 39, 77, 912, '20.00', '60.00', '20.00'),
(8727, 4, 39, 78, 913, '20.00', '20.00', '20.00'),
(8728, 4, 39, 79, 914, '10.00', '20.00', '10.00'),
(8729, 4, 39, 80, 915, '20.00', '20.00', '20.00'),
(8730, 6, 39, 219, 912, '5.00', '60.00', '5.00'),
(8731, 6, 39, 220, 913, '20.00', '20.00', '20.00'),
(8732, 6, 39, 221, 914, '30.00', '20.00', '20.00'),
(8733, 6, 39, 346, 915, '0.00', '20.00', '0.00'),
(8734, 9, 39, 274, 912, '20.00', '60.00', '20.00'),
(8735, 9, 39, 275, 913, '0.00', '20.00', '0.00'),
(8736, 9, 39, 276, 914, '20.00', '20.00', '20.00'),
(8737, 9, 39, 277, 915, '10.00', '20.00', '10.00'),
(8738, 13, 39, 361, 912, '20.00', '60.00', '20.00'),
(8739, 13, 39, 362, 913, '20.00', '20.00', '20.00'),
(8740, 13, 39, 363, 914, '10.00', '20.00', '10.00'),
(8741, 13, 39, 364, 915, '20.00', '20.00', '20.00'),
(8742, 15, 39, 399, 912, '5.00', '60.00', '5.00'),
(8743, 15, 39, 400, 913, '0.00', '20.00', '0.00'),
(8744, 15, 39, 401, 914, '20.00', '20.00', '20.00'),
(8745, 15, 39, 402, 915, '10.00', '20.00', '10.00'),
(8746, 27, 39, 850, 912, '20.00', '60.00', '20.00'),
(8747, 27, 39, 851, 913, '20.00', '20.00', '20.00'),
(8748, 27, 39, 852, 914, '10.00', '20.00', '10.00'),
(8749, 27, 39, 853, 915, '20.00', '20.00', '20.00'),
(8750, 28, 39, 645, 912, '20.00', '60.00', '20.00'),
(8751, 28, 39, 646, 913, '20.00', '20.00', '20.00'),
(8752, 28, 39, 647, 914, '10.00', '20.00', '10.00'),
(8753, 28, 39, 648, 915, '20.00', '20.00', '20.00'),
(8754, 30, 39, 681, 912, '20.00', '60.00', '20.00'),
(8755, 30, 39, 682, 913, '20.00', '20.00', '20.00'),
(8756, 30, 39, 683, 914, '10.00', '20.00', '10.00'),
(8757, 30, 39, 684, 915, '20.00', '20.00', '20.00'),
(8758, 33, 39, 735, 912, '20.00', '60.00', '20.00'),
(8759, 33, 39, 736, 913, '0.00', '20.00', '0.00'),
(8760, 33, 39, 737, 914, '10.00', '20.00', '10.00'),
(8761, 33, 39, 738, 915, '10.00', '20.00', '10.00'),
(8765, 39, 2, 912, 29, '20.00', '60.00', '20.00'),
(8766, 39, 2, 913, 30, '20.00', '20.00', '20.00'),
(8767, 39, 2, 914, 31, '10.00', '20.00', '10.00'),
(8768, 39, 2, 915, 32, '20.00', '20.00', '20.00'),
(8769, 39, 4, 912, 77, '20.00', '60.00', '20.00'),
(8770, 39, 4, 913, 78, '20.00', '20.00', '20.00'),
(8771, 39, 4, 914, 79, '10.00', '20.00', '10.00'),
(8772, 39, 4, 915, 80, '20.00', '20.00', '20.00'),
(8773, 39, 6, 912, 219, '5.00', '60.00', '5.00'),
(8774, 39, 6, 913, 220, '20.00', '20.00', '20.00'),
(8775, 39, 6, 914, 221, '30.00', '20.00', '20.00'),
(8776, 39, 6, 915, 346, '0.00', '20.00', '0.00'),
(8777, 39, 9, 912, 274, '20.00', '60.00', '20.00'),
(8778, 39, 9, 913, 275, '0.00', '20.00', '0.00'),
(8779, 39, 9, 914, 276, '20.00', '20.00', '20.00'),
(8780, 39, 9, 915, 277, '10.00', '20.00', '10.00'),
(8781, 39, 13, 912, 361, '20.00', '60.00', '20.00'),
(8782, 39, 13, 913, 362, '20.00', '20.00', '20.00'),
(8783, 39, 13, 914, 363, '10.00', '20.00', '10.00'),
(8784, 39, 13, 915, 364, '20.00', '20.00', '20.00'),
(8785, 39, 15, 912, 399, '5.00', '60.00', '5.00'),
(8786, 39, 15, 913, 400, '0.00', '20.00', '0.00'),
(8787, 39, 15, 914, 401, '20.00', '20.00', '20.00'),
(8788, 39, 15, 915, 402, '10.00', '20.00', '10.00'),
(8789, 39, 27, 912, 850, '20.00', '60.00', '20.00'),
(8790, 39, 27, 913, 851, '20.00', '20.00', '20.00'),
(8791, 39, 27, 914, 852, '10.00', '20.00', '10.00'),
(8792, 39, 27, 915, 853, '20.00', '20.00', '20.00'),
(8793, 39, 28, 912, 645, '20.00', '60.00', '20.00'),
(8794, 39, 28, 913, 646, '20.00', '20.00', '20.00'),
(8795, 39, 28, 914, 647, '10.00', '20.00', '10.00'),
(8796, 39, 28, 915, 648, '20.00', '20.00', '20.00'),
(8797, 39, 30, 912, 681, '20.00', '60.00', '20.00'),
(8798, 39, 30, 913, 682, '20.00', '20.00', '20.00'),
(8799, 39, 30, 914, 683, '10.00', '20.00', '10.00'),
(8800, 39, 30, 915, 684, '20.00', '20.00', '20.00'),
(8801, 39, 33, 912, 735, '20.00', '60.00', '20.00'),
(8802, 39, 33, 913, 736, '0.00', '20.00', '0.00'),
(8803, 39, 33, 914, 737, '10.00', '20.00', '10.00'),
(8804, 39, 33, 915, 738, '10.00', '20.00', '10.00'),
(8808, 1, 40, 1, 916, '0.00', '0.00', '0.00'),
(8809, 1, 40, 2, 917, '0.00', '0.00', '0.00'),
(8810, 1, 40, 3, 918, '20.00', '20.00', '20.00'),
(8811, 1, 40, 4, 919, '0.00', '20.00', '0.00'),
(8812, 1, 40, 5, 920, '40.00', '80.00', '40.00'),
(8813, 1, 40, 6, 921, '40.00', '40.00', '40.00'),
(8814, 1, 40, 7, 922, '60.00', '40.00', '40.00'),
(8815, 1, 40, 8, 923, '40.00', '30.00', '30.00'),
(8816, 1, 40, 9, 924, '9.00', '9.00', '9.00'),
(8817, 1, 40, 10, 925, '5.00', '20.00', '5.00'),
(8818, 1, 40, 11, 926, '5.00', '20.00', '5.00'),
(8819, 1, 40, 12, 927, '10.00', '20.00', '10.00'),
(8820, 1, 40, 13, 928, '60.00', '60.00', '60.00'),
(8821, 1, 40, 14, 929, '20.00', '20.00', '20.00'),
(8822, 2, 40, 15, 916, '0.00', '0.00', '0.00'),
(8823, 2, 40, 16, 917, '0.00', '0.00', '0.00'),
(8824, 2, 40, 17, 918, '20.00', '20.00', '20.00'),
(8825, 2, 40, 18, 919, '20.00', '20.00', '20.00'),
(8826, 2, 40, 19, 920, '40.00', '80.00', '40.00'),
(8827, 2, 40, 20, 921, '25.00', '40.00', '25.00'),
(8828, 2, 40, 21, 922, '45.00', '40.00', '40.00'),
(8829, 2, 40, 22, 923, '25.00', '30.00', '25.00'),
(8830, 2, 40, 23, 924, '6.75', '9.00', '6.75'),
(8831, 2, 40, 24, 925, '5.00', '20.00', '5.00'),
(8832, 2, 40, 25, 926, '20.00', '20.00', '20.00'),
(8833, 2, 40, 26, 927, '5.00', '20.00', '5.00'),
(8834, 2, 40, 27, 928, '45.00', '60.00', '45.00'),
(8835, 2, 40, 28, 929, '5.00', '20.00', '5.00'),
(8836, 4, 40, 63, 916, '0.00', '0.00', '0.00'),
(8837, 4, 40, 64, 917, '0.00', '0.00', '0.00'),
(8838, 4, 40, 65, 918, '20.00', '20.00', '20.00'),
(8839, 4, 40, 66, 919, '20.00', '20.00', '20.00'),
(8840, 4, 40, 67, 920, '80.00', '80.00', '80.00'),
(8841, 4, 40, 68, 921, '40.00', '40.00', '40.00'),
(8842, 4, 40, 69, 922, '60.00', '40.00', '40.00'),
(8843, 4, 40, 70, 923, '40.00', '30.00', '30.00'),
(8844, 4, 40, 71, 924, '9.00', '9.00', '9.00'),
(8845, 4, 40, 72, 925, '20.00', '20.00', '20.00'),
(8846, 4, 40, 73, 926, '20.00', '20.00', '20.00'),
(8847, 4, 40, 74, 927, '10.00', '20.00', '10.00'),
(8848, 4, 40, 75, 928, '60.00', '60.00', '60.00'),
(8849, 4, 40, 76, 929, '20.00', '20.00', '20.00'),
(8850, 5, 40, 110, 916, '0.00', '0.00', '0.00'),
(8851, 5, 40, 111, 917, '0.00', '0.00', '0.00'),
(8852, 5, 40, 112, 918, '5.00', '20.00', '5.00'),
(8853, 5, 40, 113, 919, '20.00', '20.00', '20.00'),
(8854, 5, 40, 114, 920, '20.00', '80.00', '20.00'),
(8855, 5, 40, 115, 921, '10.00', '40.00', '10.00'),
(8856, 5, 40, 116, 922, '10.00', '40.00', '10.00'),
(8857, 5, 40, 117, 923, '5.00', '30.00', '5.00'),
(8858, 5, 40, 118, 924, '0.75', '9.00', '0.75'),
(8859, 5, 40, 119, 925, '5.00', '20.00', '5.00'),
(8860, 5, 40, 120, 926, '5.00', '20.00', '5.00'),
(8861, 5, 40, 121, 927, '10.00', '20.00', '10.00'),
(8862, 5, 40, 122, 928, '5.00', '60.00', '5.00'),
(8863, 5, 40, 123, 929, '5.00', '20.00', '5.00'),
(8864, 6, 40, 181, 916, '0.00', '0.00', '0.00'),
(8865, 6, 40, 182, 917, '0.00', '0.00', '0.00'),
(8866, 6, 40, 203, 918, '15.00', '20.00', '15.00'),
(8867, 6, 40, 204, 919, '0.00', '20.00', '0.00'),
(8868, 6, 40, 333, 920, '60.00', '80.00', '60.00'),
(8869, 6, 40, 210, 921, '50.00', '40.00', '40.00'),
(8870, 6, 40, 335, 922, '40.00', '40.00', '40.00'),
(8871, 6, 40, 212, 923, '35.00', '30.00', '30.00'),
(8872, 6, 40, 213, 924, '9.75', '9.00', '9.00'),
(8873, 6, 40, 214, 925, '5.00', '20.00', '5.00'),
(8874, 6, 40, 215, 926, '20.00', '20.00', '20.00'),
(8875, 6, 40, 216, 927, '10.00', '20.00', '10.00'),
(8876, 6, 40, 217, 928, '50.00', '60.00', '50.00'),
(8877, 6, 40, 218, 929, '20.00', '20.00', '20.00'),
(8878, 9, 40, 260, 916, '0.00', '0.00', '0.00'),
(8879, 9, 40, 261, 917, '0.00', '0.00', '0.00'),
(8880, 9, 40, 262, 918, '5.00', '20.00', '5.00'),
(8881, 9, 40, 263, 919, '20.00', '20.00', '20.00'),
(8882, 9, 40, 264, 920, '40.00', '80.00', '40.00'),
(8883, 9, 40, 265, 921, '10.00', '40.00', '10.00'),
(8884, 9, 40, 266, 922, '45.00', '40.00', '40.00'),
(8885, 9, 40, 267, 923, '40.00', '30.00', '30.00'),
(8886, 9, 40, 268, 924, '6.75', '9.00', '6.75'),
(8887, 9, 40, 269, 925, '5.00', '20.00', '5.00'),
(8888, 9, 40, 270, 926, '5.00', '20.00', '5.00'),
(8889, 9, 40, 271, 927, '10.00', '20.00', '10.00'),
(8890, 9, 40, 272, 928, '45.00', '60.00', '45.00'),
(8891, 9, 40, 273, 929, '20.00', '20.00', '20.00'),
(8892, 13, 40, 347, 916, '0.00', '0.00', '0.00'),
(8893, 13, 40, 348, 917, '0.00', '0.00', '0.00'),
(8894, 13, 40, 349, 918, '5.00', '20.00', '5.00'),
(8895, 13, 40, 350, 919, '0.00', '20.00', '0.00'),
(8896, 13, 40, 351, 920, '0.00', '80.00', '0.00'),
(8897, 13, 40, 352, 921, '10.00', '40.00', '10.00'),
(8898, 13, 40, 353, 922, '30.00', '40.00', '30.00'),
(8899, 13, 40, 354, 923, '25.00', '30.00', '25.00'),
(8900, 13, 40, 355, 924, '9.00', '9.00', '9.00'),
(8901, 13, 40, 356, 925, '20.00', '20.00', '20.00'),
(8902, 13, 40, 357, 926, '5.00', '20.00', '5.00'),
(8903, 13, 40, 358, 927, '10.00', '20.00', '10.00'),
(8904, 13, 40, 359, 928, '60.00', '60.00', '60.00'),
(8905, 13, 40, 360, 929, '20.00', '20.00', '20.00'),
(8906, 15, 40, 383, 916, '0.00', '0.00', '0.00'),
(8907, 15, 40, 386, 917, '0.00', '0.00', '0.00'),
(8908, 15, 40, 387, 918, '30.00', '20.00', '20.00'),
(8909, 15, 40, 388, 919, '0.00', '20.00', '0.00'),
(8910, 15, 40, 389, 920, '60.00', '80.00', '60.00'),
(8911, 15, 40, 390, 921, '10.00', '40.00', '10.00'),
(8912, 15, 40, 391, 922, '55.00', '40.00', '40.00'),
(8913, 15, 40, 392, 923, '10.00', '30.00', '10.00'),
(8914, 15, 40, 393, 924, '4.50', '9.00', '4.50'),
(8915, 15, 40, 394, 925, '5.00', '20.00', '5.00'),
(8916, 15, 40, 395, 926, '0.00', '20.00', '0.00'),
(8917, 15, 40, 396, 927, '5.00', '20.00', '5.00'),
(8918, 15, 40, 397, 928, '10.00', '60.00', '10.00'),
(8919, 15, 40, 398, 929, '5.00', '20.00', '5.00'),
(8920, 27, 40, 617, 916, '0.00', '0.00', '0.00'),
(8921, 27, 40, 837, 917, '0.00', '0.00', '0.00'),
(8922, 27, 40, 619, 918, '10.00', '20.00', '10.00'),
(8923, 27, 40, 839, 919, '20.00', '20.00', '20.00'),
(8924, 27, 40, 621, 920, '120.00', '80.00', '80.00'),
(8925, 27, 40, 622, 921, '45.00', '40.00', '40.00'),
(8926, 27, 40, 623, 922, '95.00', '40.00', '40.00'),
(8927, 27, 40, 624, 923, '65.00', '30.00', '30.00'),
(8928, 27, 40, 625, 924, '15.75', '9.00', '9.00'),
(8929, 27, 40, 626, 925, '40.00', '20.00', '20.00'),
(8930, 27, 40, 627, 926, '40.00', '20.00', '20.00'),
(8931, 27, 40, 628, 927, '30.00', '20.00', '20.00'),
(8932, 27, 40, 629, 928, '50.00', '60.00', '50.00'),
(8933, 27, 40, 849, 929, '25.00', '20.00', '20.00'),
(8934, 28, 40, 631, 916, '0.00', '0.00', '0.00'),
(8935, 28, 40, 632, 917, '0.00', '0.00', '0.00'),
(8936, 28, 40, 633, 918, '10.00', '20.00', '10.00'),
(8937, 28, 40, 634, 919, '20.00', '20.00', '20.00'),
(8938, 28, 40, 635, 920, '40.00', '80.00', '40.00'),
(8939, 28, 40, 636, 921, '40.00', '40.00', '40.00'),
(8940, 28, 40, 637, 922, '60.00', '40.00', '40.00'),
(8941, 28, 40, 638, 923, '25.00', '30.00', '25.00'),
(8942, 28, 40, 639, 924, '6.75', '9.00', '6.75'),
(8943, 28, 40, 640, 925, '5.00', '20.00', '5.00'),
(8944, 28, 40, 641, 926, '5.00', '20.00', '5.00'),
(8945, 28, 40, 642, 927, '10.00', '20.00', '10.00'),
(8946, 28, 40, 643, 928, '45.00', '60.00', '45.00'),
(8947, 28, 40, 644, 929, '20.00', '20.00', '20.00'),
(8948, 30, 40, 667, 916, '0.00', '0.00', '0.00'),
(8949, 30, 40, 668, 917, '0.00', '0.00', '0.00'),
(8950, 30, 40, 669, 918, '20.00', '20.00', '20.00'),
(8951, 30, 40, 670, 919, '20.00', '20.00', '20.00'),
(8952, 30, 40, 671, 920, '80.00', '80.00', '80.00'),
(8953, 30, 40, 672, 921, '40.00', '40.00', '40.00'),
(8954, 30, 40, 673, 922, '60.00', '40.00', '40.00'),
(8955, 30, 40, 674, 923, '40.00', '30.00', '30.00'),
(8956, 30, 40, 675, 924, '9.00', '9.00', '9.00'),
(8957, 30, 40, 676, 925, '20.00', '20.00', '20.00'),
(8958, 30, 40, 677, 926, '20.00', '20.00', '20.00'),
(8959, 30, 40, 678, 927, '10.00', '20.00', '10.00'),
(8960, 30, 40, 679, 928, '60.00', '60.00', '60.00'),
(8961, 30, 40, 680, 929, '20.00', '20.00', '20.00'),
(8962, 33, 40, 721, 916, '0.00', '0.00', '0.00'),
(8963, 33, 40, 722, 917, '0.00', '0.00', '0.00'),
(8964, 33, 40, 723, 918, '20.00', '20.00', '20.00'),
(8965, 33, 40, 724, 919, '0.00', '20.00', '0.00'),
(8966, 33, 40, 725, 920, '80.00', '80.00', '80.00'),
(8967, 33, 40, 726, 921, '30.00', '40.00', '30.00'),
(8968, 33, 40, 727, 922, '15.00', '40.00', '15.00'),
(8969, 33, 40, 728, 923, '10.00', '30.00', '10.00'),
(8970, 33, 40, 729, 924, '6.75', '9.00', '6.75'),
(8971, 33, 40, 730, 925, '20.00', '20.00', '20.00'),
(8972, 33, 40, 731, 926, '5.00', '20.00', '5.00'),
(8973, 33, 40, 732, 927, '5.00', '20.00', '5.00'),
(8974, 33, 40, 733, 928, '30.00', '60.00', '30.00'),
(8975, 33, 40, 734, 929, '20.00', '20.00', '20.00'),
(8976, 35, 40, 778, 916, '0.00', '0.00', '0.00'),
(8977, 36, 40, 779, 916, '0.00', '0.00', '0.00'),
(8978, 36, 40, 780, 917, '0.00', '0.00', '0.00'),
(8979, 36, 40, 796, 918, '10.00', '20.00', '10.00'),
(8980, 36, 40, 782, 919, '5.00', '20.00', '5.00'),
(8981, 36, 40, 798, 920, '60.00', '80.00', '60.00'),
(8982, 36, 40, 784, 921, '15.00', '40.00', '15.00'),
(8983, 36, 40, 800, 922, '50.00', '40.00', '40.00'),
(8984, 36, 40, 786, 923, '15.00', '30.00', '15.00'),
(8985, 36, 40, 787, 924, '2.25', '9.00', '2.25'),
(8986, 36, 40, 788, 925, '5.00', '20.00', '5.00'),
(8987, 36, 40, 789, 926, '0.00', '20.00', '0.00'),
(8988, 36, 40, 790, 927, '5.00', '20.00', '5.00'),
(8989, 36, 40, 806, 928, '50.00', '60.00', '50.00'),
(8990, 36, 40, 792, 929, '0.00', '20.00', '0.00'),
(8991, 39, 40, 884, 916, '0.00', '0.00', '0.00'),
(8992, 39, 40, 899, 917, '0.00', '0.00', '0.00'),
(8993, 39, 40, 886, 918, '25.00', '20.00', '20.00'),
(8994, 39, 40, 887, 919, '40.00', '20.00', '20.00'),
(8995, 39, 40, 888, 920, '80.00', '80.00', '80.00'),
(8996, 39, 40, 903, 921, '25.00', '40.00', '25.00'),
(8997, 39, 40, 890, 922, '65.00', '40.00', '40.00'),
(8998, 39, 40, 905, 923, '25.00', '30.00', '25.00'),
(8999, 39, 40, 892, 924, '9.75', '9.00', '9.00'),
(9000, 39, 40, 893, 925, '40.00', '20.00', '20.00'),
(9001, 39, 40, 908, 926, '20.00', '20.00', '20.00'),
(9002, 39, 40, 909, 927, '25.00', '20.00', '20.00'),
(9003, 39, 40, 910, 928, '35.00', '60.00', '35.00'),
(9004, 39, 40, 911, 929, '20.00', '20.00', '20.00'),
(9005, 40, 1, 916, 1, '0.00', '0.00', '0.00'),
(9006, 40, 1, 917, 2, '0.00', '0.00', '0.00'),
(9007, 40, 1, 918, 3, '20.00', '20.00', '20.00'),
(9008, 40, 1, 919, 4, '0.00', '20.00', '0.00'),
(9009, 40, 1, 920, 5, '40.00', '80.00', '40.00'),
(9010, 40, 1, 921, 6, '40.00', '40.00', '40.00'),
(9011, 40, 1, 922, 7, '60.00', '40.00', '40.00'),
(9012, 40, 1, 923, 8, '40.00', '30.00', '30.00'),
(9013, 40, 1, 924, 9, '9.00', '9.00', '9.00'),
(9014, 40, 1, 925, 10, '5.00', '20.00', '5.00'),
(9015, 40, 1, 926, 11, '5.00', '20.00', '5.00'),
(9016, 40, 1, 927, 12, '10.00', '20.00', '10.00'),
(9017, 40, 1, 928, 13, '60.00', '60.00', '60.00'),
(9018, 40, 1, 929, 14, '20.00', '20.00', '20.00'),
(9019, 40, 2, 916, 15, '0.00', '0.00', '0.00'),
(9020, 40, 2, 917, 16, '0.00', '0.00', '0.00'),
(9021, 40, 2, 918, 17, '20.00', '20.00', '20.00'),
(9022, 40, 2, 919, 18, '20.00', '20.00', '20.00'),
(9023, 40, 2, 920, 19, '40.00', '80.00', '40.00'),
(9024, 40, 2, 921, 20, '25.00', '40.00', '25.00'),
(9025, 40, 2, 922, 21, '45.00', '40.00', '40.00'),
(9026, 40, 2, 923, 22, '25.00', '30.00', '25.00'),
(9027, 40, 2, 924, 23, '6.75', '9.00', '6.75'),
(9028, 40, 2, 925, 24, '5.00', '20.00', '5.00'),
(9029, 40, 2, 926, 25, '20.00', '20.00', '20.00'),
(9030, 40, 2, 927, 26, '5.00', '20.00', '5.00'),
(9031, 40, 2, 928, 27, '45.00', '60.00', '45.00'),
(9032, 40, 2, 929, 28, '5.00', '20.00', '5.00'),
(9033, 40, 4, 916, 63, '0.00', '0.00', '0.00'),
(9034, 40, 4, 917, 64, '0.00', '0.00', '0.00'),
(9035, 40, 4, 918, 65, '20.00', '20.00', '20.00'),
(9036, 40, 4, 919, 66, '20.00', '20.00', '20.00'),
(9037, 40, 4, 920, 67, '80.00', '80.00', '80.00'),
(9038, 40, 4, 921, 68, '40.00', '40.00', '40.00'),
(9039, 40, 4, 922, 69, '60.00', '40.00', '40.00'),
(9040, 40, 4, 923, 70, '40.00', '30.00', '30.00'),
(9041, 40, 4, 924, 71, '9.00', '9.00', '9.00'),
(9042, 40, 4, 925, 72, '20.00', '20.00', '20.00'),
(9043, 40, 4, 926, 73, '20.00', '20.00', '20.00'),
(9044, 40, 4, 927, 74, '10.00', '20.00', '10.00'),
(9045, 40, 4, 928, 75, '60.00', '60.00', '60.00'),
(9046, 40, 4, 929, 76, '20.00', '20.00', '20.00'),
(9047, 40, 5, 916, 110, '0.00', '0.00', '0.00'),
(9048, 40, 5, 917, 111, '0.00', '0.00', '0.00'),
(9049, 40, 5, 918, 112, '5.00', '20.00', '5.00'),
(9050, 40, 5, 919, 113, '20.00', '20.00', '20.00'),
(9051, 40, 5, 920, 114, '20.00', '80.00', '20.00'),
(9052, 40, 5, 921, 115, '10.00', '40.00', '10.00'),
(9053, 40, 5, 922, 116, '10.00', '40.00', '10.00'),
(9054, 40, 5, 923, 117, '5.00', '30.00', '5.00'),
(9055, 40, 5, 924, 118, '0.75', '9.00', '0.75'),
(9056, 40, 5, 925, 119, '5.00', '20.00', '5.00'),
(9057, 40, 5, 926, 120, '5.00', '20.00', '5.00'),
(9058, 40, 5, 927, 121, '10.00', '20.00', '10.00'),
(9059, 40, 5, 928, 122, '5.00', '60.00', '5.00'),
(9060, 40, 5, 929, 123, '5.00', '20.00', '5.00'),
(9061, 40, 6, 916, 181, '0.00', '0.00', '0.00'),
(9062, 40, 6, 917, 182, '0.00', '0.00', '0.00'),
(9063, 40, 6, 918, 203, '15.00', '20.00', '15.00'),
(9064, 40, 6, 919, 204, '0.00', '20.00', '0.00'),
(9065, 40, 6, 920, 333, '60.00', '80.00', '60.00'),
(9066, 40, 6, 921, 210, '50.00', '40.00', '40.00'),
(9067, 40, 6, 922, 335, '40.00', '40.00', '40.00'),
(9068, 40, 6, 923, 212, '35.00', '30.00', '30.00'),
(9069, 40, 6, 924, 213, '9.00', '9.00', '9.00'),
(9070, 40, 6, 925, 214, '5.00', '20.00', '5.00'),
(9071, 40, 6, 926, 215, '20.00', '20.00', '20.00'),
(9072, 40, 6, 927, 216, '10.00', '20.00', '10.00'),
(9073, 40, 6, 928, 217, '50.00', '60.00', '50.00'),
(9074, 40, 6, 929, 218, '20.00', '20.00', '20.00'),
(9075, 40, 9, 916, 260, '0.00', '0.00', '0.00'),
(9076, 40, 9, 917, 261, '0.00', '0.00', '0.00'),
(9077, 40, 9, 918, 262, '5.00', '20.00', '5.00'),
(9078, 40, 9, 919, 263, '20.00', '20.00', '20.00'),
(9079, 40, 9, 920, 264, '40.00', '80.00', '40.00'),
(9080, 40, 9, 921, 265, '10.00', '40.00', '10.00'),
(9081, 40, 9, 922, 266, '50.00', '40.00', '40.00'),
(9082, 40, 9, 923, 267, '40.00', '30.00', '30.00'),
(9083, 40, 9, 924, 268, '6.75', '9.00', '6.75'),
(9084, 40, 9, 925, 269, '5.00', '20.00', '5.00'),
(9085, 40, 9, 926, 270, '5.00', '20.00', '5.00'),
(9086, 40, 9, 927, 271, '10.00', '20.00', '10.00'),
(9087, 40, 9, 928, 272, '45.00', '60.00', '45.00'),
(9088, 40, 9, 929, 273, '20.00', '20.00', '20.00'),
(9089, 40, 13, 916, 347, '0.00', '0.00', '0.00'),
(9090, 40, 13, 917, 348, '0.00', '0.00', '0.00'),
(9091, 40, 13, 918, 349, '5.00', '20.00', '5.00'),
(9092, 40, 13, 919, 350, '0.00', '20.00', '0.00'),
(9093, 40, 13, 920, 351, '0.00', '80.00', '0.00'),
(9094, 40, 13, 921, 352, '10.00', '40.00', '10.00'),
(9095, 40, 13, 922, 353, '30.00', '40.00', '30.00'),
(9096, 40, 13, 923, 354, '25.00', '30.00', '25.00'),
(9097, 40, 13, 924, 355, '9.00', '9.00', '9.00'),
(9098, 40, 13, 925, 356, '20.00', '20.00', '20.00'),
(9099, 40, 13, 926, 357, '5.00', '20.00', '5.00'),
(9100, 40, 13, 927, 358, '10.00', '20.00', '10.00'),
(9101, 40, 13, 928, 359, '60.00', '60.00', '60.00'),
(9102, 40, 13, 929, 360, '20.00', '20.00', '20.00'),
(9103, 40, 15, 916, 383, '0.00', '0.00', '0.00'),
(9104, 40, 15, 917, 386, '0.00', '0.00', '0.00'),
(9105, 40, 15, 918, 387, '30.00', '20.00', '20.00'),
(9106, 40, 15, 919, 388, '0.00', '20.00', '0.00'),
(9107, 40, 15, 920, 389, '60.00', '80.00', '60.00'),
(9108, 40, 15, 921, 390, '10.00', '40.00', '10.00'),
(9109, 40, 15, 922, 391, '55.00', '40.00', '40.00'),
(9110, 40, 15, 923, 392, '10.00', '30.00', '10.00'),
(9111, 40, 15, 924, 393, '4.50', '9.00', '4.50'),
(9112, 40, 15, 925, 394, '5.00', '20.00', '5.00'),
(9113, 40, 15, 926, 395, '0.00', '20.00', '0.00'),
(9114, 40, 15, 927, 396, '5.00', '20.00', '5.00'),
(9115, 40, 15, 928, 397, '10.00', '60.00', '10.00'),
(9116, 40, 15, 929, 398, '5.00', '20.00', '5.00'),
(9117, 40, 27, 916, 617, '0.00', '0.00', '0.00'),
(9118, 40, 27, 917, 837, '0.00', '0.00', '0.00'),
(9119, 40, 27, 918, 619, '10.00', '20.00', '10.00'),
(9120, 40, 27, 919, 839, '20.00', '20.00', '20.00'),
(9121, 40, 27, 920, 621, '120.00', '80.00', '80.00'),
(9122, 40, 27, 921, 622, '45.00', '40.00', '40.00'),
(9123, 40, 27, 922, 623, '95.00', '40.00', '40.00'),
(9124, 40, 27, 923, 624, '65.00', '30.00', '30.00'),
(9125, 40, 27, 924, 625, '15.75', '9.00', '9.00'),
(9126, 40, 27, 925, 626, '40.00', '20.00', '20.00'),
(9127, 40, 27, 926, 627, '40.00', '20.00', '20.00'),
(9128, 40, 27, 927, 628, '30.00', '20.00', '20.00'),
(9129, 40, 27, 928, 629, '50.00', '60.00', '50.00'),
(9130, 40, 27, 929, 849, '25.00', '20.00', '20.00'),
(9131, 40, 28, 916, 631, '0.00', '0.00', '0.00'),
(9132, 40, 28, 917, 632, '0.00', '0.00', '0.00'),
(9133, 40, 28, 918, 633, '10.00', '20.00', '10.00'),
(9134, 40, 28, 919, 634, '20.00', '20.00', '20.00'),
(9135, 40, 28, 920, 635, '40.00', '80.00', '40.00'),
(9136, 40, 28, 921, 636, '40.00', '40.00', '40.00'),
(9137, 40, 28, 922, 637, '60.00', '40.00', '40.00'),
(9138, 40, 28, 923, 638, '25.00', '30.00', '25.00'),
(9139, 40, 28, 924, 639, '6.75', '9.00', '6.75'),
(9140, 40, 28, 925, 640, '5.00', '20.00', '5.00'),
(9141, 40, 28, 926, 641, '5.00', '20.00', '5.00'),
(9142, 40, 28, 927, 642, '10.00', '20.00', '10.00'),
(9143, 40, 28, 928, 643, '45.00', '60.00', '45.00'),
(9144, 40, 28, 929, 644, '20.00', '20.00', '20.00'),
(9145, 40, 30, 916, 667, '0.00', '0.00', '0.00'),
(9146, 40, 30, 917, 668, '0.00', '0.00', '0.00'),
(9147, 40, 30, 918, 669, '20.00', '20.00', '20.00'),
(9148, 40, 30, 919, 670, '20.00', '20.00', '20.00'),
(9149, 40, 30, 920, 671, '80.00', '80.00', '80.00'),
(9150, 40, 30, 921, 672, '40.00', '40.00', '40.00'),
(9151, 40, 30, 922, 673, '60.00', '40.00', '40.00'),
(9152, 40, 30, 923, 674, '40.00', '30.00', '30.00'),
(9153, 40, 30, 924, 675, '9.00', '9.00', '9.00'),
(9154, 40, 30, 925, 676, '20.00', '20.00', '20.00'),
(9155, 40, 30, 926, 677, '20.00', '20.00', '20.00'),
(9156, 40, 30, 927, 678, '10.00', '20.00', '10.00'),
(9157, 40, 30, 928, 679, '60.00', '60.00', '60.00'),
(9158, 40, 30, 929, 680, '20.00', '20.00', '20.00'),
(9159, 40, 33, 916, 721, '0.00', '0.00', '0.00'),
(9160, 40, 33, 917, 722, '0.00', '0.00', '0.00'),
(9161, 40, 33, 918, 723, '20.00', '20.00', '20.00'),
(9162, 40, 33, 919, 724, '0.00', '20.00', '0.00'),
(9163, 40, 33, 920, 725, '80.00', '80.00', '80.00'),
(9164, 40, 33, 921, 726, '30.00', '40.00', '30.00'),
(9165, 40, 33, 922, 727, '15.00', '40.00', '15.00'),
(9166, 40, 33, 923, 728, '10.00', '30.00', '10.00'),
(9167, 40, 33, 924, 729, '6.75', '9.00', '6.75'),
(9168, 40, 33, 925, 730, '20.00', '20.00', '20.00'),
(9169, 40, 33, 926, 731, '5.00', '20.00', '5.00'),
(9170, 40, 33, 927, 732, '5.00', '20.00', '5.00'),
(9171, 40, 33, 928, 733, '30.00', '60.00', '30.00'),
(9172, 40, 33, 929, 734, '20.00', '20.00', '20.00'),
(9173, 40, 35, 916, 778, '0.00', '0.00', '0.00'),
(9174, 40, 36, 916, 779, '0.00', '0.00', '0.00'),
(9175, 40, 36, 917, 780, '0.00', '0.00', '0.00'),
(9176, 40, 36, 918, 796, '10.00', '20.00', '10.00'),
(9177, 40, 36, 919, 782, '5.00', '20.00', '5.00'),
(9178, 40, 36, 920, 798, '60.00', '80.00', '60.00'),
(9179, 40, 36, 921, 784, '15.00', '40.00', '15.00'),
(9180, 40, 36, 922, 800, '50.00', '40.00', '40.00'),
(9181, 40, 36, 923, 786, '15.00', '30.00', '15.00'),
(9182, 40, 36, 924, 787, '2.25', '9.00', '2.25'),
(9183, 40, 36, 925, 788, '5.00', '20.00', '5.00'),
(9184, 40, 36, 926, 789, '0.00', '20.00', '0.00'),
(9185, 40, 36, 927, 790, '5.00', '20.00', '5.00'),
(9186, 40, 36, 928, 806, '50.00', '60.00', '50.00'),
(9187, 40, 36, 929, 792, '0.00', '20.00', '0.00'),
(9188, 40, 39, 916, 884, '0.00', '0.00', '0.00'),
(9189, 40, 39, 917, 899, '0.00', '0.00', '0.00'),
(9190, 40, 39, 918, 886, '25.00', '20.00', '20.00'),
(9191, 40, 39, 919, 887, '40.00', '20.00', '20.00'),
(9192, 40, 39, 920, 888, '80.00', '80.00', '80.00'),
(9193, 40, 39, 921, 903, '25.00', '40.00', '25.00'),
(9194, 40, 39, 922, 890, '60.00', '40.00', '40.00'),
(9195, 40, 39, 923, 905, '25.00', '30.00', '25.00'),
(9196, 40, 39, 924, 892, '9.75', '9.00', '9.00'),
(9197, 40, 39, 925, 893, '40.00', '20.00', '20.00'),
(9198, 40, 39, 926, 908, '20.00', '20.00', '20.00'),
(9199, 40, 39, 927, 909, '25.00', '20.00', '20.00'),
(9200, 40, 39, 928, 910, '35.00', '60.00', '35.00'),
(9201, 40, 39, 929, 911, '20.00', '20.00', '20.00'),
(9202, 1, 27, 2, 934, '0.00', '0.00', '0.00'),
(9203, 1, 27, 3, 935, '30.00', '20.00', '20.00'),
(9204, 2, 27, 17, 935, '30.00', '20.00', '20.00'),
(9205, 2, 40, 29, 930, '60.00', '60.00', '60.00'),
(9206, 2, 40, 30, 931, '20.00', '20.00', '20.00'),
(9207, 2, 40, 31, 932, '20.00', '20.00', '20.00'),
(9208, 4, 27, 65, 935, '30.00', '20.00', '20.00'),
(9209, 4, 40, 77, 930, '60.00', '60.00', '60.00'),
(9210, 4, 40, 78, 931, '20.00', '20.00', '20.00'),
(9211, 4, 40, 79, 932, '20.00', '20.00', '20.00'),
(9212, 5, 27, 111, 934, '0.00', '0.00', '0.00'),
(9213, 5, 27, 118, 941, '3.75', '9.00', '3.75'),
(9214, 5, 27, 119, 942, '25.00', '20.00', '20.00'),
(9215, 6, 27, 338, 942, '25.00', '20.00', '20.00'),
(9216, 6, 40, 219, 930, '50.00', '60.00', '50.00'),
(9217, 6, 40, 220, 931, '20.00', '20.00', '20.00'),
(9218, 6, 40, 221, 932, '10.00', '20.00', '10.00'),
(9219, 9, 27, 261, 934, '0.00', '0.00', '0.00'),
(9220, 9, 27, 269, 942, '25.00', '20.00', '20.00'),
(9221, 9, 40, 274, 930, '60.00', '60.00', '60.00'),
(9222, 9, 40, 275, 931, '0.00', '20.00', '0.00'),
(9223, 9, 40, 276, 932, '10.00', '20.00', '10.00'),
(9224, 13, 40, 361, 930, '60.00', '60.00', '60.00'),
(9225, 13, 40, 362, 931, '20.00', '20.00', '20.00'),
(9226, 13, 40, 363, 932, '20.00', '20.00', '20.00'),
(9227, 15, 27, 387, 935, '40.00', '20.00', '20.00'),
(9228, 15, 27, 394, 942, '65.00', '20.00', '20.00'),
(9229, 15, 40, 399, 930, '20.00', '60.00', '20.00'),
(9230, 15, 40, 400, 931, '0.00', '20.00', '0.00'),
(9231, 15, 40, 401, 932, '10.00', '20.00', '10.00'),
(9232, 27, 1, 934, 2, '0.00', '0.00', '0.00'),
(9233, 27, 1, 935, 3, '30.00', '20.00', '20.00'),
(9234, 27, 2, 935, 17, '30.00', '20.00', '20.00'),
(9235, 27, 4, 935, 65, '30.00', '20.00', '20.00'),
(9236, 27, 5, 934, 111, '0.00', '0.00', '0.00'),
(9237, 27, 5, 941, 118, '3.75', '9.00', '3.75'),
(9238, 27, 5, 942, 119, '25.00', '20.00', '20.00'),
(9239, 27, 6, 942, 338, '25.00', '20.00', '20.00'),
(9240, 27, 9, 934, 261, '0.00', '0.00', '0.00'),
(9241, 27, 9, 942, 269, '25.00', '20.00', '20.00'),
(9242, 27, 15, 935, 387, '40.00', '20.00', '20.00'),
(9243, 27, 15, 942, 394, '65.00', '20.00', '20.00'),
(9244, 27, 28, 934, 632, '0.00', '0.00', '0.00'),
(9245, 27, 28, 935, 633, '10.00', '20.00', '10.00'),
(9246, 27, 30, 935, 669, '30.00', '20.00', '20.00'),
(9247, 27, 33, 935, 723, '30.00', '20.00', '20.00'),
(9248, 27, 36, 934, 795, '0.00', '0.00', '0.00'),
(9249, 27, 36, 936, 797, '55.00', '20.00', '20.00'),
(9250, 27, 36, 942, 788, '85.00', '20.00', '20.00'),
(9251, 27, 40, 935, 918, '30.00', '20.00', '20.00'),
(9252, 27, 40, 850, 930, '60.00', '60.00', '60.00'),
(9253, 27, 40, 851, 931, '20.00', '20.00', '20.00'),
(9254, 27, 40, 852, 932, '20.00', '20.00', '20.00'),
(9255, 28, 27, 632, 934, '0.00', '0.00', '0.00'),
(9256, 28, 27, 633, 935, '10.00', '20.00', '10.00'),
(9257, 28, 40, 645, 930, '60.00', '60.00', '60.00'),
(9258, 28, 40, 646, 931, '20.00', '20.00', '20.00'),
(9259, 28, 40, 647, 932, '20.00', '20.00', '20.00'),
(9260, 30, 27, 669, 935, '30.00', '20.00', '20.00'),
(9261, 30, 40, 681, 930, '60.00', '60.00', '60.00'),
(9262, 30, 40, 682, 931, '20.00', '20.00', '20.00'),
(9263, 30, 40, 683, 932, '20.00', '20.00', '20.00'),
(9264, 33, 27, 723, 935, '30.00', '20.00', '20.00'),
(9265, 33, 40, 735, 930, '35.00', '60.00', '35.00'),
(9266, 33, 40, 736, 931, '0.00', '20.00', '0.00'),
(9267, 33, 40, 737, 932, '20.00', '20.00', '20.00'),
(9268, 36, 27, 795, 934, '0.00', '0.00', '0.00'),
(9269, 36, 27, 797, 936, '55.00', '20.00', '20.00'),
(9270, 36, 27, 786, 940, '125.00', '30.00', '30.00'),
(9271, 36, 27, 787, 941, '16.50', '9.00', '9.00'),
(9272, 36, 27, 788, 942, '85.00', '20.00', '20.00'),
(9273, 39, 27, 885, 934, '0.00', '0.00', '0.00'),
(9274, 39, 27, 886, 935, '75.00', '20.00', '20.00'),
(9275, 39, 40, 912, 930, '20.00', '60.00', '20.00'),
(9276, 39, 40, 913, 931, '20.00', '20.00', '20.00'),
(9277, 39, 40, 914, 932, '10.00', '20.00', '10.00'),
(9278, 40, 2, 930, 29, '60.00', '60.00', '60.00'),
(9279, 40, 2, 931, 30, '20.00', '20.00', '20.00'),
(9280, 40, 2, 932, 31, '20.00', '20.00', '20.00'),
(9281, 40, 4, 930, 77, '60.00', '60.00', '60.00'),
(9282, 40, 4, 931, 78, '20.00', '20.00', '20.00'),
(9283, 40, 4, 932, 79, '20.00', '20.00', '20.00'),
(9284, 40, 6, 930, 219, '50.00', '60.00', '50.00'),
(9285, 40, 6, 931, 220, '20.00', '20.00', '20.00'),
(9286, 40, 6, 932, 221, '10.00', '20.00', '10.00'),
(9287, 40, 9, 930, 274, '60.00', '60.00', '60.00'),
(9288, 40, 9, 931, 275, '0.00', '20.00', '0.00'),
(9289, 40, 9, 932, 276, '10.00', '20.00', '10.00'),
(9290, 40, 13, 930, 361, '60.00', '60.00', '60.00'),
(9291, 40, 13, 931, 362, '20.00', '20.00', '20.00'),
(9292, 40, 13, 932, 363, '20.00', '20.00', '20.00'),
(9293, 40, 15, 930, 399, '20.00', '60.00', '20.00'),
(9294, 40, 15, 931, 400, '0.00', '20.00', '0.00'),
(9295, 40, 15, 932, 401, '10.00', '20.00', '10.00'),
(9296, 40, 27, 918, 935, '30.00', '20.00', '20.00'),
(9297, 40, 27, 930, 850, '60.00', '60.00', '60.00'),
(9298, 40, 27, 931, 851, '20.00', '20.00', '20.00'),
(9299, 40, 27, 932, 852, '20.00', '20.00', '20.00'),
(9300, 40, 28, 930, 645, '60.00', '60.00', '60.00'),
(9301, 40, 28, 931, 646, '20.00', '20.00', '20.00'),
(9302, 40, 28, 932, 647, '20.00', '20.00', '20.00'),
(9303, 40, 30, 930, 681, '60.00', '60.00', '60.00'),
(9304, 40, 30, 931, 682, '20.00', '20.00', '20.00'),
(9305, 40, 30, 932, 683, '20.00', '20.00', '20.00'),
(9306, 40, 33, 930, 735, '35.00', '60.00', '35.00'),
(9307, 40, 33, 931, 736, '0.00', '20.00', '0.00'),
(9308, 40, 33, 932, 737, '20.00', '20.00', '20.00'),
(9309, 40, 39, 930, 912, '20.00', '60.00', '20.00'),
(9310, 40, 39, 931, 913, '20.00', '20.00', '20.00'),
(9311, 40, 39, 932, 914, '10.00', '20.00', '10.00'),
(9312, 1, 41, 1, 947, '0.00', '0.00', '0.00'),
(9313, 1, 41, 2, 948, '0.00', '0.00', '0.00'),
(9314, 1, 41, 3, 949, '10.00', '20.00', '10.00'),
(9315, 1, 41, 4, 950, '0.00', '20.00', '0.00'),
(9316, 1, 41, 5, 951, '40.00', '80.00', '40.00'),
(9317, 1, 41, 6, 952, '5.00', '40.00', '5.00'),
(9318, 1, 41, 7, 953, '5.00', '40.00', '5.00'),
(9319, 1, 41, 8, 954, '5.00', '30.00', '5.00'),
(9320, 1, 41, 9, 955, '3.00', '9.00', '3.00'),
(9321, 1, 41, 10, 956, '20.00', '20.00', '20.00'),
(9322, 1, 41, 11, 957, '0.00', '20.00', '0.00'),
(9323, 1, 41, 12, 958, '0.00', '20.00', '0.00'),
(9324, 1, 41, 13, 959, '10.00', '60.00', '10.00'),
(9325, 1, 41, 14, 960, '0.00', '20.00', '0.00'),
(9326, 2, 41, 15, 947, '0.00', '0.00', '0.00'),
(9327, 2, 41, 16, 948, '0.00', '0.00', '0.00'),
(9328, 2, 41, 17, 949, '10.00', '20.00', '10.00'),
(9329, 2, 41, 18, 950, '10.00', '20.00', '10.00'),
(9330, 2, 41, 19, 951, '40.00', '80.00', '40.00'),
(9331, 2, 41, 20, 952, '5.00', '40.00', '5.00'),
(9332, 2, 41, 21, 953, '20.00', '40.00', '20.00'),
(9333, 2, 41, 22, 954, '20.00', '30.00', '20.00'),
(9334, 2, 41, 23, 955, '3.00', '9.00', '3.00'),
(9335, 2, 41, 24, 956, '20.00', '20.00', '20.00'),
(9336, 2, 41, 25, 957, '0.00', '20.00', '0.00'),
(9337, 2, 41, 26, 958, '5.00', '20.00', '5.00'),
(9338, 2, 41, 27, 959, '25.00', '60.00', '25.00'),
(9339, 2, 41, 28, 960, '0.00', '20.00', '0.00'),
(9340, 4, 41, 63, 947, '0.00', '0.00', '0.00'),
(9341, 4, 41, 64, 948, '0.00', '0.00', '0.00'),
(9342, 4, 41, 65, 949, '10.00', '20.00', '10.00'),
(9343, 4, 41, 66, 950, '10.00', '20.00', '10.00'),
(9344, 4, 41, 67, 951, '0.00', '80.00', '0.00'),
(9345, 4, 41, 68, 952, '10.00', '40.00', '10.00'),
(9346, 4, 41, 69, 953, '5.00', '40.00', '5.00'),
(9347, 4, 41, 70, 954, '5.00', '30.00', '5.00'),
(9348, 4, 41, 71, 955, '3.00', '9.00', '3.00'),
(9349, 4, 41, 72, 956, '5.00', '20.00', '5.00'),
(9350, 4, 41, 73, 957, '0.00', '20.00', '0.00'),
(9351, 4, 41, 74, 958, '0.00', '20.00', '0.00'),
(9352, 4, 41, 75, 959, '10.00', '60.00', '10.00'),
(9353, 4, 41, 76, 960, '0.00', '20.00', '0.00'),
(9354, 5, 41, 110, 947, '0.00', '0.00', '0.00'),
(9355, 5, 41, 111, 948, '0.00', '0.00', '0.00'),
(9356, 5, 41, 112, 949, '5.00', '20.00', '5.00'),
(9357, 5, 41, 113, 950, '10.00', '20.00', '10.00'),
(9358, 5, 41, 114, 951, '0.00', '80.00', '0.00'),
(9359, 5, 41, 115, 952, '20.00', '40.00', '20.00'),
(9360, 5, 41, 116, 953, '5.00', '40.00', '5.00'),
(9361, 5, 41, 117, 954, '5.00', '30.00', '5.00'),
(9362, 5, 41, 118, 955, '0.75', '9.00', '0.75'),
(9363, 5, 41, 119, 956, '10.00', '20.00', '10.00'),
(9364, 5, 41, 120, 957, '0.00', '20.00', '0.00'),
(9365, 5, 41, 121, 958, '0.00', '20.00', '0.00'),
(9366, 5, 41, 122, 959, '20.00', '60.00', '20.00'),
(9367, 5, 41, 123, 960, '0.00', '20.00', '0.00'),
(9368, 6, 41, 181, 947, '0.00', '0.00', '0.00'),
(9369, 6, 41, 182, 948, '0.00', '0.00', '0.00'),
(9370, 6, 41, 203, 949, '15.00', '20.00', '15.00'),
(9371, 6, 41, 332, 950, '20.00', '20.00', '20.00'),
(9372, 6, 41, 333, 951, '40.00', '80.00', '40.00'),
(9373, 6, 41, 210, 952, '25.00', '40.00', '25.00'),
(9374, 6, 41, 211, 953, '25.00', '40.00', '25.00'),
(9375, 6, 41, 336, 954, '25.00', '30.00', '25.00'),
(9376, 6, 41, 213, 955, '0.75', '9.00', '0.75'),
(9377, 6, 41, 214, 956, '30.00', '20.00', '20.00'),
(9378, 6, 41, 339, 957, '20.00', '20.00', '20.00'),
(9379, 6, 41, 216, 958, '0.00', '20.00', '0.00'),
(9380, 6, 41, 217, 959, '65.00', '60.00', '60.00'),
(9381, 6, 41, 342, 960, '20.00', '20.00', '20.00'),
(9382, 9, 41, 260, 947, '0.00', '0.00', '0.00'),
(9383, 9, 41, 261, 948, '0.00', '0.00', '0.00'),
(9384, 9, 41, 262, 949, '5.00', '20.00', '5.00'),
(9385, 9, 41, 263, 950, '10.00', '20.00', '10.00'),
(9386, 9, 41, 264, 951, '0.00', '80.00', '0.00'),
(9387, 9, 41, 265, 952, '5.00', '40.00', '5.00'),
(9388, 9, 41, 266, 953, '5.00', '40.00', '5.00'),
(9389, 9, 41, 267, 954, '5.00', '30.00', '5.00'),
(9390, 9, 41, 268, 955, '0.75', '9.00', '0.75'),
(9391, 9, 41, 269, 956, '10.00', '20.00', '10.00'),
(9392, 9, 41, 270, 957, '0.00', '20.00', '0.00'),
(9393, 9, 41, 271, 958, '0.00', '20.00', '0.00'),
(9394, 9, 41, 272, 959, '25.00', '60.00', '25.00'),
(9395, 9, 41, 273, 960, '0.00', '20.00', '0.00'),
(9396, 13, 41, 347, 947, '0.00', '0.00', '0.00'),
(9397, 13, 41, 348, 948, '0.00', '0.00', '0.00'),
(9398, 13, 41, 349, 949, '5.00', '20.00', '5.00'),
(9399, 13, 41, 350, 950, '0.00', '20.00', '0.00'),
(9400, 13, 41, 351, 951, '40.00', '80.00', '40.00'),
(9401, 13, 41, 352, 952, '20.00', '40.00', '20.00'),
(9402, 13, 41, 353, 953, '20.00', '40.00', '20.00'),
(9403, 13, 41, 354, 954, '20.00', '30.00', '20.00'),
(9404, 13, 41, 355, 955, '3.00', '9.00', '3.00'),
(9405, 13, 41, 356, 956, '5.00', '20.00', '5.00'),
(9406, 13, 41, 357, 957, '0.00', '20.00', '0.00'),
(9407, 13, 41, 358, 958, '0.00', '20.00', '0.00'),
(9408, 13, 41, 359, 959, '10.00', '60.00', '10.00'),
(9409, 13, 41, 360, 960, '0.00', '20.00', '0.00'),
(9410, 15, 41, 383, 947, '0.00', '0.00', '0.00'),
(9411, 15, 41, 409, 948, '0.00', '0.00', '0.00'),
(9412, 15, 41, 743, 949, '50.00', '20.00', '20.00'),
(9413, 15, 41, 553, 950, '20.00', '20.00', '20.00'),
(9414, 15, 41, 554, 951, '40.00', '80.00', '40.00'),
(9415, 15, 41, 390, 952, '5.00', '40.00', '5.00'),
(9416, 15, 41, 761, 953, '25.00', '40.00', '25.00'),
(9417, 15, 41, 392, 954, '45.00', '30.00', '30.00'),
(9418, 15, 41, 393, 955, '3.75', '9.00', '3.75'),
(9419, 15, 41, 394, 956, '10.00', '20.00', '10.00'),
(9420, 15, 41, 395, 957, '60.00', '20.00', '20.00'),
(9421, 15, 41, 396, 958, '5.00', '20.00', '5.00'),
(9422, 15, 41, 397, 959, '45.00', '60.00', '45.00'),
(9423, 15, 41, 398, 960, '0.00', '20.00', '0.00'),
(9424, 27, 41, 617, 947, '0.00', '0.00', '0.00'),
(9425, 27, 41, 618, 948, '0.00', '0.00', '0.00'),
(9426, 27, 41, 935, 949, '10.00', '20.00', '10.00'),
(9427, 27, 41, 936, 950, '20.00', '20.00', '20.00'),
(9428, 27, 41, 621, 951, '0.00', '80.00', '0.00'),
(9429, 27, 41, 622, 952, '5.00', '40.00', '5.00'),
(9430, 27, 41, 623, 953, '45.00', '40.00', '40.00'),
(9431, 27, 41, 624, 954, '10.00', '30.00', '10.00'),
(9432, 27, 41, 625, 955, '6.75', '9.00', '6.75'),
(9433, 27, 41, 626, 956, '5.00', '20.00', '5.00'),
(9434, 27, 41, 627, 957, '0.00', '20.00', '0.00'),
(9435, 27, 41, 628, 958, '0.00', '20.00', '0.00'),
(9436, 27, 41, 629, 959, '30.00', '60.00', '30.00'),
(9437, 27, 41, 630, 960, '0.00', '20.00', '0.00'),
(9438, 28, 41, 631, 947, '0.00', '0.00', '0.00'),
(9439, 28, 41, 632, 948, '0.00', '0.00', '0.00'),
(9440, 28, 41, 633, 949, '20.00', '20.00', '20.00'),
(9441, 28, 41, 634, 950, '10.00', '20.00', '10.00'),
(9442, 28, 41, 635, 951, '40.00', '80.00', '40.00'),
(9443, 28, 41, 636, 952, '10.00', '40.00', '10.00'),
(9444, 28, 41, 637, 953, '5.00', '40.00', '5.00'),
(9445, 28, 41, 638, 954, '5.00', '30.00', '5.00'),
(9446, 28, 41, 639, 955, '3.00', '9.00', '3.00'),
(9447, 28, 41, 640, 956, '20.00', '20.00', '20.00'),
(9448, 28, 41, 641, 957, '0.00', '20.00', '0.00'),
(9449, 28, 41, 642, 958, '0.00', '20.00', '0.00'),
(9450, 28, 41, 643, 959, '25.00', '60.00', '25.00'),
(9451, 28, 41, 644, 960, '0.00', '20.00', '0.00'),
(9452, 30, 41, 667, 947, '0.00', '0.00', '0.00'),
(9453, 30, 41, 668, 948, '0.00', '0.00', '0.00'),
(9454, 30, 41, 669, 949, '10.00', '20.00', '10.00'),
(9455, 30, 41, 670, 950, '10.00', '20.00', '10.00'),
(9456, 30, 41, 671, 951, '0.00', '80.00', '0.00'),
(9457, 30, 41, 672, 952, '10.00', '40.00', '10.00'),
(9458, 30, 41, 673, 953, '5.00', '40.00', '5.00'),
(9459, 30, 41, 674, 954, '5.00', '30.00', '5.00'),
(9460, 30, 41, 675, 955, '3.00', '9.00', '3.00'),
(9461, 30, 41, 676, 956, '5.00', '20.00', '5.00'),
(9462, 30, 41, 677, 957, '0.00', '20.00', '0.00'),
(9463, 30, 41, 678, 958, '0.00', '20.00', '0.00'),
(9464, 30, 41, 679, 959, '10.00', '60.00', '10.00'),
(9465, 30, 41, 680, 960, '0.00', '20.00', '0.00'),
(9466, 33, 41, 721, 947, '0.00', '0.00', '0.00'),
(9467, 33, 41, 722, 948, '0.00', '0.00', '0.00'),
(9468, 33, 41, 723, 949, '10.00', '20.00', '10.00'),
(9469, 33, 41, 724, 950, '0.00', '20.00', '0.00'),
(9470, 33, 41, 725, 951, '0.00', '80.00', '0.00'),
(9471, 33, 41, 726, 952, '20.00', '40.00', '20.00'),
(9472, 33, 41, 727, 953, '20.00', '40.00', '20.00'),
(9473, 33, 41, 728, 954, '20.00', '30.00', '20.00'),
(9474, 33, 41, 729, 955, '3.00', '9.00', '3.00'),
(9475, 33, 41, 730, 956, '5.00', '20.00', '5.00'),
(9476, 33, 41, 731, 957, '0.00', '20.00', '0.00'),
(9477, 33, 41, 732, 958, '5.00', '20.00', '5.00'),
(9478, 33, 41, 733, 959, '15.00', '60.00', '15.00'),
(9479, 33, 41, 734, 960, '0.00', '20.00', '0.00'),
(9480, 35, 41, 778, 947, '0.00', '0.00', '0.00'),
(9481, 36, 41, 779, 947, '0.00', '0.00', '0.00'),
(9482, 36, 41, 780, 948, '0.00', '0.00', '0.00'),
(9483, 36, 41, 796, 949, '65.00', '20.00', '20.00'),
(9484, 36, 41, 797, 950, '50.00', '20.00', '20.00'),
(9485, 36, 41, 798, 951, '0.00', '80.00', '0.00'),
(9486, 36, 41, 813, 952, '45.00', '40.00', '40.00'),
(9487, 36, 41, 785, 953, '5.00', '40.00', '5.00'),
(9488, 36, 41, 786, 954, '10.00', '30.00', '10.00'),
(9489, 36, 41, 787, 955, '0.75', '9.00', '0.75'),
(9490, 36, 41, 788, 956, '10.00', '20.00', '10.00'),
(9491, 36, 41, 789, 957, '80.00', '20.00', '20.00'),
(9492, 36, 41, 790, 958, '5.00', '20.00', '5.00'),
(9493, 36, 41, 820, 959, '30.00', '60.00', '30.00'),
(9494, 36, 41, 792, 960, '20.00', '20.00', '20.00'),
(9495, 39, 41, 898, 947, '0.00', '0.00', '0.00'),
(9496, 39, 41, 885, 948, '0.00', '0.00', '0.00'),
(9497, 39, 41, 886, 949, '10.00', '20.00', '10.00'),
(9498, 39, 41, 887, 950, '10.00', '20.00', '10.00'),
(9499, 39, 41, 888, 951, '0.00', '80.00', '0.00'),
(9500, 39, 41, 889, 952, '5.00', '40.00', '5.00'),
(9501, 39, 41, 890, 953, '5.00', '40.00', '5.00'),
(9502, 39, 41, 891, 954, '40.00', '30.00', '30.00'),
(9503, 39, 41, 906, 955, '3.75', '9.00', '3.75'),
(9504, 39, 41, 893, 956, '5.00', '20.00', '5.00'),
(9505, 39, 41, 894, 957, '20.00', '20.00', '20.00'),
(9506, 39, 41, 895, 958, '5.00', '20.00', '5.00'),
(9507, 39, 41, 910, 959, '25.00', '60.00', '25.00'),
(9508, 39, 41, 897, 960, '20.00', '20.00', '20.00'),
(9509, 40, 41, 916, 947, '0.00', '0.00', '0.00'),
(9510, 40, 41, 917, 948, '0.00', '0.00', '0.00'),
(9511, 40, 41, 918, 949, '10.00', '20.00', '10.00'),
(9512, 40, 41, 919, 950, '10.00', '20.00', '10.00'),
(9513, 40, 41, 920, 951, '0.00', '80.00', '0.00'),
(9514, 40, 41, 921, 952, '10.00', '40.00', '10.00'),
(9515, 40, 41, 922, 953, '5.00', '40.00', '5.00'),
(9516, 40, 41, 923, 954, '5.00', '30.00', '5.00'),
(9517, 40, 41, 924, 955, '3.00', '9.00', '3.00'),
(9518, 40, 41, 925, 956, '5.00', '20.00', '5.00'),
(9519, 40, 41, 926, 957, '0.00', '20.00', '0.00'),
(9520, 40, 41, 927, 958, '0.00', '20.00', '0.00'),
(9521, 40, 41, 928, 959, '10.00', '60.00', '10.00'),
(9522, 40, 41, 929, 960, '0.00', '20.00', '0.00'),
(9523, 41, 1, 947, 1, '0.00', '0.00', '0.00'),
(9524, 41, 1, 948, 2, '0.00', '0.00', '0.00'),
(9525, 41, 1, 949, 3, '10.00', '20.00', '10.00'),
(9526, 41, 1, 950, 4, '0.00', '20.00', '0.00'),
(9527, 41, 1, 951, 5, '40.00', '80.00', '40.00'),
(9528, 41, 1, 952, 6, '5.00', '40.00', '5.00'),
(9529, 41, 1, 953, 7, '5.00', '40.00', '5.00'),
(9530, 41, 1, 954, 8, '5.00', '30.00', '5.00'),
(9531, 41, 1, 955, 9, '3.00', '9.00', '3.00'),
(9532, 41, 1, 956, 10, '20.00', '20.00', '20.00'),
(9533, 41, 1, 957, 11, '0.00', '20.00', '0.00'),
(9534, 41, 1, 958, 12, '0.00', '20.00', '0.00'),
(9535, 41, 1, 959, 13, '10.00', '60.00', '10.00');
INSERT INTO `test_ques_comparisons` (`id`, `test_id_1`, `test_id_2`, `test_que_1`, `test_que_2`, `obtained_scores`, `max_allowed_scores`, `final_scores`) VALUES
(9536, 41, 1, 960, 14, '0.00', '20.00', '0.00'),
(9537, 41, 2, 947, 15, '0.00', '0.00', '0.00'),
(9538, 41, 2, 948, 16, '0.00', '0.00', '0.00'),
(9539, 41, 2, 949, 17, '10.00', '20.00', '10.00'),
(9540, 41, 2, 950, 18, '10.00', '20.00', '10.00'),
(9541, 41, 2, 951, 19, '40.00', '80.00', '40.00'),
(9542, 41, 2, 952, 20, '5.00', '40.00', '5.00'),
(9543, 41, 2, 953, 21, '20.00', '40.00', '20.00'),
(9544, 41, 2, 954, 22, '20.00', '30.00', '20.00'),
(9545, 41, 2, 955, 23, '3.00', '9.00', '3.00'),
(9546, 41, 2, 956, 24, '20.00', '20.00', '20.00'),
(9547, 41, 2, 957, 25, '0.00', '20.00', '0.00'),
(9548, 41, 2, 958, 26, '5.00', '20.00', '5.00'),
(9549, 41, 2, 959, 27, '25.00', '60.00', '25.00'),
(9550, 41, 2, 960, 28, '0.00', '20.00', '0.00'),
(9551, 41, 4, 947, 63, '0.00', '0.00', '0.00'),
(9552, 41, 4, 948, 64, '0.00', '0.00', '0.00'),
(9553, 41, 4, 949, 65, '10.00', '20.00', '10.00'),
(9554, 41, 4, 950, 66, '10.00', '20.00', '10.00'),
(9555, 41, 4, 951, 67, '0.00', '80.00', '0.00'),
(9556, 41, 4, 952, 68, '10.00', '40.00', '10.00'),
(9557, 41, 4, 953, 69, '5.00', '40.00', '5.00'),
(9558, 41, 4, 954, 70, '5.00', '30.00', '5.00'),
(9559, 41, 4, 955, 71, '3.00', '9.00', '3.00'),
(9560, 41, 4, 956, 72, '5.00', '20.00', '5.00'),
(9561, 41, 4, 957, 73, '0.00', '20.00', '0.00'),
(9562, 41, 4, 958, 74, '0.00', '20.00', '0.00'),
(9563, 41, 4, 959, 75, '10.00', '60.00', '10.00'),
(9564, 41, 4, 960, 76, '0.00', '20.00', '0.00'),
(9565, 41, 5, 947, 110, '0.00', '0.00', '0.00'),
(9566, 41, 5, 948, 111, '0.00', '0.00', '0.00'),
(9567, 41, 5, 949, 112, '5.00', '20.00', '5.00'),
(9568, 41, 5, 950, 113, '10.00', '20.00', '10.00'),
(9569, 41, 5, 951, 114, '0.00', '80.00', '0.00'),
(9570, 41, 5, 952, 115, '20.00', '40.00', '20.00'),
(9571, 41, 5, 953, 116, '5.00', '40.00', '5.00'),
(9572, 41, 5, 954, 117, '5.00', '30.00', '5.00'),
(9573, 41, 5, 955, 118, '0.75', '9.00', '0.75'),
(9574, 41, 5, 956, 119, '10.00', '20.00', '10.00'),
(9575, 41, 5, 957, 120, '0.00', '20.00', '0.00'),
(9576, 41, 5, 958, 121, '0.00', '20.00', '0.00'),
(9577, 41, 5, 959, 122, '20.00', '60.00', '20.00'),
(9578, 41, 5, 960, 123, '0.00', '20.00', '0.00'),
(9579, 41, 6, 947, 181, '0.00', '0.00', '0.00'),
(9580, 41, 6, 948, 182, '0.00', '0.00', '0.00'),
(9581, 41, 6, 949, 203, '15.00', '20.00', '15.00'),
(9582, 41, 6, 950, 332, '20.00', '20.00', '20.00'),
(9583, 41, 6, 951, 333, '40.00', '80.00', '40.00'),
(9584, 41, 6, 952, 210, '25.00', '40.00', '25.00'),
(9585, 41, 6, 953, 211, '25.00', '40.00', '25.00'),
(9586, 41, 6, 954, 336, '25.00', '30.00', '25.00'),
(9587, 41, 6, 955, 213, '0.75', '9.00', '0.75'),
(9588, 41, 6, 956, 214, '30.00', '20.00', '20.00'),
(9589, 41, 6, 957, 339, '20.00', '20.00', '20.00'),
(9590, 41, 6, 958, 216, '0.00', '20.00', '0.00'),
(9591, 41, 6, 959, 217, '70.00', '60.00', '60.00'),
(9592, 41, 6, 960, 342, '20.00', '20.00', '20.00'),
(9593, 41, 9, 947, 260, '0.00', '0.00', '0.00'),
(9594, 41, 9, 948, 261, '0.00', '0.00', '0.00'),
(9595, 41, 9, 949, 262, '5.00', '20.00', '5.00'),
(9596, 41, 9, 950, 263, '10.00', '20.00', '10.00'),
(9597, 41, 9, 951, 264, '0.00', '80.00', '0.00'),
(9598, 41, 9, 952, 265, '5.00', '40.00', '5.00'),
(9599, 41, 9, 953, 266, '5.00', '40.00', '5.00'),
(9600, 41, 9, 954, 267, '5.00', '30.00', '5.00'),
(9601, 41, 9, 955, 268, '0.75', '9.00', '0.75'),
(9602, 41, 9, 956, 269, '10.00', '20.00', '10.00'),
(9603, 41, 9, 957, 270, '0.00', '20.00', '0.00'),
(9604, 41, 9, 958, 271, '0.00', '20.00', '0.00'),
(9605, 41, 9, 959, 272, '25.00', '60.00', '25.00'),
(9606, 41, 9, 960, 273, '0.00', '20.00', '0.00'),
(9607, 41, 13, 947, 347, '0.00', '0.00', '0.00'),
(9608, 41, 13, 948, 348, '0.00', '0.00', '0.00'),
(9609, 41, 13, 949, 349, '5.00', '20.00', '5.00'),
(9610, 41, 13, 950, 350, '0.00', '20.00', '0.00'),
(9611, 41, 13, 951, 351, '40.00', '80.00', '40.00'),
(9612, 41, 13, 952, 352, '20.00', '40.00', '20.00'),
(9613, 41, 13, 953, 353, '20.00', '40.00', '20.00'),
(9614, 41, 13, 954, 354, '20.00', '30.00', '20.00'),
(9615, 41, 13, 955, 355, '3.00', '9.00', '3.00'),
(9616, 41, 13, 956, 356, '5.00', '20.00', '5.00'),
(9617, 41, 13, 957, 357, '0.00', '20.00', '0.00'),
(9618, 41, 13, 958, 358, '0.00', '20.00', '0.00'),
(9619, 41, 13, 959, 359, '10.00', '60.00', '10.00'),
(9620, 41, 13, 960, 360, '0.00', '20.00', '0.00'),
(9621, 41, 15, 947, 383, '0.00', '0.00', '0.00'),
(9622, 41, 15, 948, 409, '0.00', '0.00', '0.00'),
(9623, 41, 15, 949, 743, '50.00', '20.00', '20.00'),
(9624, 41, 15, 950, 553, '20.00', '20.00', '20.00'),
(9625, 41, 15, 951, 554, '40.00', '80.00', '40.00'),
(9626, 41, 15, 952, 390, '5.00', '40.00', '5.00'),
(9627, 41, 15, 953, 761, '25.00', '40.00', '25.00'),
(9628, 41, 15, 954, 392, '45.00', '30.00', '30.00'),
(9629, 41, 15, 955, 393, '3.75', '9.00', '3.75'),
(9630, 41, 15, 956, 394, '10.00', '20.00', '10.00'),
(9631, 41, 15, 957, 395, '60.00', '20.00', '20.00'),
(9632, 41, 15, 958, 396, '5.00', '20.00', '5.00'),
(9633, 41, 15, 959, 397, '45.00', '60.00', '45.00'),
(9634, 41, 15, 960, 398, '0.00', '20.00', '0.00'),
(9635, 41, 27, 947, 617, '0.00', '0.00', '0.00'),
(9636, 41, 27, 948, 618, '0.00', '0.00', '0.00'),
(9637, 41, 27, 949, 935, '10.00', '20.00', '10.00'),
(9638, 41, 27, 950, 936, '20.00', '20.00', '20.00'),
(9639, 41, 27, 951, 621, '0.00', '80.00', '0.00'),
(9640, 41, 27, 952, 622, '5.00', '40.00', '5.00'),
(9641, 41, 27, 953, 623, '45.00', '40.00', '40.00'),
(9642, 41, 27, 954, 624, '10.00', '30.00', '10.00'),
(9643, 41, 27, 955, 625, '6.75', '9.00', '6.75'),
(9644, 41, 27, 956, 626, '5.00', '20.00', '5.00'),
(9645, 41, 27, 957, 627, '0.00', '20.00', '0.00'),
(9646, 41, 27, 958, 628, '0.00', '20.00', '0.00'),
(9647, 41, 27, 959, 629, '30.00', '60.00', '30.00'),
(9648, 41, 27, 960, 630, '0.00', '20.00', '0.00'),
(9649, 41, 28, 947, 631, '0.00', '0.00', '0.00'),
(9650, 41, 28, 948, 632, '0.00', '0.00', '0.00'),
(9651, 41, 28, 949, 633, '20.00', '20.00', '20.00'),
(9652, 41, 28, 950, 634, '10.00', '20.00', '10.00'),
(9653, 41, 28, 951, 635, '40.00', '80.00', '40.00'),
(9654, 41, 28, 952, 636, '10.00', '40.00', '10.00'),
(9655, 41, 28, 953, 637, '5.00', '40.00', '5.00'),
(9656, 41, 28, 954, 638, '5.00', '30.00', '5.00'),
(9657, 41, 28, 955, 639, '3.00', '9.00', '3.00'),
(9658, 41, 28, 956, 640, '20.00', '20.00', '20.00'),
(9659, 41, 28, 957, 641, '0.00', '20.00', '0.00'),
(9660, 41, 28, 958, 642, '0.00', '20.00', '0.00'),
(9661, 41, 28, 959, 643, '25.00', '60.00', '25.00'),
(9662, 41, 28, 960, 644, '0.00', '20.00', '0.00'),
(9663, 41, 30, 947, 667, '0.00', '0.00', '0.00'),
(9664, 41, 30, 948, 668, '0.00', '0.00', '0.00'),
(9665, 41, 30, 949, 669, '10.00', '20.00', '10.00'),
(9666, 41, 30, 950, 670, '10.00', '20.00', '10.00'),
(9667, 41, 30, 951, 671, '0.00', '80.00', '0.00'),
(9668, 41, 30, 952, 672, '10.00', '40.00', '10.00'),
(9669, 41, 30, 953, 673, '5.00', '40.00', '5.00'),
(9670, 41, 30, 954, 674, '5.00', '30.00', '5.00'),
(9671, 41, 30, 955, 675, '3.00', '9.00', '3.00'),
(9672, 41, 30, 956, 676, '5.00', '20.00', '5.00'),
(9673, 41, 30, 957, 677, '0.00', '20.00', '0.00'),
(9674, 41, 30, 958, 678, '0.00', '20.00', '0.00'),
(9675, 41, 30, 959, 679, '10.00', '60.00', '10.00'),
(9676, 41, 30, 960, 680, '0.00', '20.00', '0.00'),
(9677, 41, 33, 947, 721, '0.00', '0.00', '0.00'),
(9678, 41, 33, 948, 722, '0.00', '0.00', '0.00'),
(9679, 41, 33, 949, 723, '10.00', '20.00', '10.00'),
(9680, 41, 33, 950, 724, '0.00', '20.00', '0.00'),
(9681, 41, 33, 951, 725, '0.00', '80.00', '0.00'),
(9682, 41, 33, 952, 726, '20.00', '40.00', '20.00'),
(9683, 41, 33, 953, 727, '20.00', '40.00', '20.00'),
(9684, 41, 33, 954, 728, '20.00', '30.00', '20.00'),
(9685, 41, 33, 955, 729, '3.00', '9.00', '3.00'),
(9686, 41, 33, 956, 730, '5.00', '20.00', '5.00'),
(9687, 41, 33, 957, 731, '0.00', '20.00', '0.00'),
(9688, 41, 33, 958, 732, '5.00', '20.00', '5.00'),
(9689, 41, 33, 959, 733, '15.00', '60.00', '15.00'),
(9690, 41, 33, 960, 734, '0.00', '20.00', '0.00'),
(9691, 41, 35, 947, 778, '0.00', '0.00', '0.00'),
(9692, 41, 36, 947, 779, '0.00', '0.00', '0.00'),
(9693, 41, 36, 948, 780, '0.00', '0.00', '0.00'),
(9694, 41, 36, 949, 796, '65.00', '20.00', '20.00'),
(9695, 41, 36, 950, 797, '50.00', '20.00', '20.00'),
(9696, 41, 36, 951, 798, '0.00', '80.00', '0.00'),
(9697, 41, 36, 952, 813, '45.00', '40.00', '40.00'),
(9698, 41, 36, 953, 785, '5.00', '40.00', '5.00'),
(9699, 41, 36, 954, 786, '10.00', '30.00', '10.00'),
(9700, 41, 36, 955, 787, '0.75', '9.00', '0.75'),
(9701, 41, 36, 956, 788, '10.00', '20.00', '10.00'),
(9702, 41, 36, 957, 789, '80.00', '20.00', '20.00'),
(9703, 41, 36, 958, 790, '5.00', '20.00', '5.00'),
(9704, 41, 36, 959, 820, '30.00', '60.00', '30.00'),
(9705, 41, 36, 960, 792, '20.00', '20.00', '20.00'),
(9706, 41, 39, 947, 898, '0.00', '0.00', '0.00'),
(9707, 41, 39, 948, 885, '0.00', '0.00', '0.00'),
(9708, 41, 39, 949, 886, '10.00', '20.00', '10.00'),
(9709, 41, 39, 950, 887, '10.00', '20.00', '10.00'),
(9710, 41, 39, 951, 888, '0.00', '80.00', '0.00'),
(9711, 41, 39, 952, 889, '5.00', '40.00', '5.00'),
(9712, 41, 39, 953, 890, '5.00', '40.00', '5.00'),
(9713, 41, 39, 954, 891, '40.00', '30.00', '30.00'),
(9714, 41, 39, 955, 906, '3.75', '9.00', '3.75'),
(9715, 41, 39, 956, 893, '5.00', '20.00', '5.00'),
(9716, 41, 39, 957, 894, '20.00', '20.00', '20.00'),
(9717, 41, 39, 958, 895, '5.00', '20.00', '5.00'),
(9718, 41, 39, 959, 910, '25.00', '60.00', '25.00'),
(9719, 41, 39, 960, 897, '20.00', '20.00', '20.00'),
(9720, 41, 40, 947, 916, '0.00', '0.00', '0.00'),
(9721, 41, 40, 948, 917, '0.00', '0.00', '0.00'),
(9722, 41, 40, 949, 918, '10.00', '20.00', '10.00'),
(9723, 41, 40, 950, 919, '10.00', '20.00', '10.00'),
(9724, 41, 40, 951, 920, '0.00', '80.00', '0.00'),
(9725, 41, 40, 952, 921, '10.00', '40.00', '10.00'),
(9726, 41, 40, 953, 922, '5.00', '40.00', '5.00'),
(9727, 41, 40, 954, 923, '5.00', '30.00', '5.00'),
(9728, 41, 40, 955, 924, '3.00', '9.00', '3.00'),
(9729, 41, 40, 956, 925, '5.00', '20.00', '5.00'),
(9730, 41, 40, 957, 926, '0.00', '20.00', '0.00'),
(9731, 41, 40, 958, 927, '0.00', '20.00', '0.00'),
(9732, 41, 40, 959, 928, '10.00', '60.00', '10.00'),
(9733, 41, 40, 960, 929, '0.00', '20.00', '0.00');

-- --------------------------------------------------------

--
-- Table structure for table `test_scores`
--

CREATE TABLE `test_scores` (
  `id` int(11) NOT NULL,
  `test_id_1` int(11) NOT NULL,
  `test_id_2` int(11) NOT NULL,
  `scores` decimal(10,2) NOT NULL
) ENGINE=InnoDB DEFAULT CHARSET=latin1;

--
-- Dumping data for table `test_scores`
--

INSERT INTO `test_scores` (`id`, `test_id_1`, `test_id_2`, `scores`) VALUES
(1, 1, 2, '236.75'),
(2, 2, 1, '236.75'),
(7, 1, 4, '289.00'),
(8, 2, 4, '256.75'),
(10, 4, 1, '289.00'),
(11, 4, 2, '256.75'),
(13, 1, 5, '105.75'),
(14, 2, 5, '90.75'),
(16, 4, 5, '110.75'),
(17, 5, 1, '105.75'),
(18, 5, 2, '90.75'),
(20, 5, 4, '110.75'),
(21, 1, 6, '0.00'),
(23, 2, 6, '0.00'),
(25, 4, 6, '0.00'),
(27, 5, 6, '0.00'),
(29, 6, 1, '0.00'),
(30, 6, 2, '0.00'),
(31, 6, 4, '0.00'),
(32, 6, 5, '0.00'),
(51, 1, 9, '251.75'),
(52, 2, 9, '189.50'),
(53, 4, 9, '246.75'),
(54, 5, 9, '203.00'),
(55, 6, 9, '213.00'),
(57, 9, 1, '251.75'),
(58, 9, 2, '189.50'),
(59, 9, 4, '246.75'),
(60, 9, 5, '203.00'),
(61, 9, 6, '213.00'),
(105, 1, 13, '299.00'),
(106, 2, 13, '211.75'),
(107, 4, 13, '204.00'),
(108, 5, 13, '165.75'),
(109, 6, 13, '334.00'),
(111, 9, 13, '266.75'),
(113, 13, 1, '299.00'),
(114, 13, 2, '211.75'),
(115, 13, 4, '204.00'),
(116, 13, 5, '165.75'),
(117, 13, 6, '334.00'),
(119, 13, 9, '266.75'),
(137, 1, 15, '143.00'),
(138, 2, 15, '123.00'),
(139, 4, 15, '113.00'),
(140, 5, 15, '105.75'),
(141, 6, 15, '210.75'),
(142, 9, 15, '140.75'),
(144, 13, 15, '108.00'),
(146, 15, 1, '143.00'),
(147, 15, 2, '123.00'),
(148, 15, 4, '113.00'),
(149, 15, 5, '105.75'),
(150, 15, 6, '210.75'),
(151, 15, 9, '140.75'),
(153, 15, 13, '108.00'),
(253, 1, 27, '206.75'),
(254, 2, 27, '244.00'),
(255, 4, 27, '261.75'),
(256, 5, 27, '105.75'),
(257, 6, 27, '316.75'),
(258, 9, 27, '194.50'),
(259, 13, 27, '211.75'),
(260, 15, 27, '151.00'),
(262, 27, 1, '206.75'),
(263, 27, 2, '244.00'),
(264, 27, 4, '261.75'),
(265, 27, 5, '105.75'),
(266, 27, 6, '316.75'),
(267, 27, 9, '194.50'),
(268, 27, 13, '211.75'),
(269, 27, 15, '151.00'),
(271, 1, 28, '326.75'),
(272, 2, 28, '239.50'),
(273, 4, 28, '276.75'),
(274, 5, 28, '148.00'),
(275, 6, 28, '323.75'),
(276, 9, 28, '276.75'),
(277, 13, 28, '241.75'),
(278, 15, 28, '203.75'),
(280, 27, 28, '159.50'),
(281, 28, 1, '326.75'),
(282, 28, 2, '239.50'),
(283, 28, 4, '276.75'),
(284, 28, 5, '148.00'),
(285, 28, 6, '323.75'),
(286, 28, 9, '276.75'),
(287, 28, 13, '241.75'),
(288, 28, 15, '203.75'),
(290, 28, 27, '159.50'),
(313, 1, 30, '289.00'),
(314, 2, 30, '256.75'),
(315, 4, 30, '379.00'),
(316, 5, 30, '110.75'),
(317, 6, 30, '309.00'),
(318, 9, 30, '246.75'),
(319, 13, 30, '204.00'),
(320, 15, 30, '133.75'),
(322, 27, 30, '261.75'),
(323, 28, 30, '276.75'),
(324, 30, 1, '289.00'),
(325, 30, 2, '256.75'),
(326, 30, 4, '379.00'),
(327, 30, 5, '110.75'),
(328, 30, 6, '309.00'),
(329, 30, 9, '246.75'),
(330, 30, 13, '204.00'),
(331, 30, 15, '133.75'),
(333, 30, 27, '261.75'),
(334, 30, 28, '276.75'),
(379, 1, 33, '231.75'),
(380, 2, 33, '201.75'),
(381, 4, 33, '241.75'),
(382, 5, 33, '115.75'),
(383, 6, 33, '278.75'),
(384, 9, 33, '169.50'),
(385, 13, 33, '226.75'),
(386, 15, 33, '166.00'),
(387, 27, 33, '281.75'),
(388, 28, 33, '181.75'),
(389, 30, 33, '241.75'),
(391, 33, 1, '231.75'),
(392, 33, 2, '201.75'),
(393, 33, 4, '241.75'),
(394, 33, 5, '115.75'),
(395, 33, 6, '278.75'),
(396, 33, 9, '169.50'),
(397, 33, 13, '226.75'),
(398, 33, 15, '166.00'),
(399, 33, 27, '286.75'),
(400, 33, 28, '181.75'),
(401, 33, 30, '241.75'),
(429, 1, 35, '0.00'),
(430, 1, 36, '65.75'),
(431, 2, 35, '0.00'),
(432, 2, 36, '45.75'),
(433, 4, 35, '0.00'),
(434, 4, 36, '65.75'),
(435, 5, 35, '0.00'),
(436, 5, 36, '115.75'),
(437, 6, 35, '0.00'),
(438, 6, 36, '225.75'),
(439, 9, 35, '0.00'),
(440, 9, 36, '130.75'),
(441, 13, 35, '0.00'),
(442, 13, 36, '100.75'),
(443, 15, 35, '0.00'),
(444, 15, 36, '280.75'),
(445, 27, 35, '0.00'),
(446, 27, 36, '95.75'),
(447, 28, 35, '0.00'),
(448, 28, 36, '85.75'),
(449, 30, 35, '0.00'),
(450, 30, 36, '65.75'),
(453, 33, 35, '0.00'),
(454, 33, 36, '105.75'),
(455, 35, 1, '0.00'),
(456, 35, 2, '0.00'),
(457, 35, 4, '0.00'),
(458, 35, 5, '0.00'),
(459, 35, 6, '0.00'),
(460, 35, 9, '0.00'),
(461, 35, 13, '0.00'),
(462, 35, 15, '0.00'),
(463, 35, 27, '0.00'),
(464, 35, 28, '0.00'),
(465, 35, 30, '0.00'),
(467, 35, 33, '0.00'),
(468, 35, 36, '0.00'),
(469, 36, 1, '65.75'),
(470, 36, 2, '45.75'),
(471, 36, 4, '65.75'),
(472, 36, 5, '115.75'),
(473, 36, 6, '225.75'),
(474, 36, 9, '130.75'),
(475, 36, 13, '100.75'),
(476, 36, 15, '280.75'),
(477, 36, 27, '95.75'),
(478, 36, 28, '85.75'),
(479, 36, 30, '65.75'),
(481, 36, 33, '105.75'),
(482, 36, 35, '0.00'),
(511, 1, 39, '113.00'),
(512, 2, 39, '118.00'),
(513, 4, 39, '143.00'),
(514, 5, 39, '75.75'),
(515, 6, 39, '221.00'),
(516, 9, 39, '113.00'),
(517, 13, 39, '83.00'),
(518, 15, 39, '205.75'),
(519, 27, 39, '231.00'),
(520, 28, 39, '115.75'),
(521, 30, 39, '143.00'),
(522, 33, 39, '140.75'),
(523, 35, 39, '0.00'),
(524, 36, 39, '210.75'),
(526, 39, 1, '113.00'),
(527, 39, 2, '118.00'),
(528, 39, 4, '143.00'),
(529, 39, 5, '75.75'),
(530, 39, 6, '221.00'),
(531, 39, 9, '113.00'),
(532, 39, 13, '83.00'),
(533, 39, 15, '205.75'),
(534, 39, 27, '231.00'),
(535, 39, 28, '115.75'),
(536, 39, 30, '143.00'),
(537, 39, 33, '140.75'),
(538, 39, 35, '0.00'),
(539, 39, 36, '210.75'),
(541, 1, 40, '279.00'),
(542, 2, 40, '256.75'),
(543, 4, 40, '369.00'),
(544, 5, 40, '100.75'),
(545, 6, 40, '299.00'),
(546, 9, 40, '236.75'),
(547, 13, 40, '194.00'),
(548, 15, 40, '169.50'),
(549, 27, 40, '359.00'),
(550, 28, 40, '266.75'),
(551, 30, 40, '369.00'),
(552, 33, 40, '241.75'),
(553, 35, 40, '0.00'),
(554, 36, 40, '207.25'),
(555, 39, 40, '334.00'),
(556, 40, 1, '279.00'),
(557, 40, 2, '256.75'),
(558, 40, 4, '369.00'),
(559, 40, 5, '100.75'),
(560, 40, 6, '299.00'),
(561, 40, 9, '236.75'),
(562, 40, 13, '194.00'),
(563, 40, 15, '169.50'),
(564, 40, 27, '359.00'),
(565, 40, 28, '266.75'),
(566, 40, 30, '369.00'),
(567, 40, 33, '241.75'),
(568, 40, 35, '0.00'),
(569, 40, 36, '207.25'),
(570, 40, 39, '334.00'),
(571, 1, 41, '98.00'),
(572, 2, 41, '158.00'),
(573, 4, 41, '58.00'),
(574, 5, 41, '75.75'),
(575, 6, 41, '270.75'),
(576, 9, 41, '65.75'),
(577, 13, 41, '123.00'),
(578, 15, 41, '223.75'),
(579, 27, 41, '126.75'),
(580, 28, 41, '138.00'),
(581, 30, 41, '58.00'),
(582, 33, 41, '98.00'),
(583, 35, 41, '0.00'),
(584, 36, 41, '180.75'),
(585, 39, 41, '138.75'),
(586, 40, 41, '58.00'),
(587, 41, 1, '98.00'),
(588, 41, 2, '158.00'),
(589, 41, 4, '58.00'),
(590, 41, 5, '75.75'),
(591, 41, 6, '270.75'),
(592, 41, 9, '65.75'),
(593, 41, 13, '123.00'),
(594, 41, 15, '223.75'),
(595, 41, 27, '126.75'),
(596, 41, 28, '138.00'),
(597, 41, 30, '58.00'),
(598, 41, 33, '98.00'),
(599, 41, 35, '0.00'),
(600, 41, 36, '180.75'),
(601, 41, 39, '138.75'),
(602, 41, 40, '58.00');

-- --------------------------------------------------------

--
-- Table structure for table `users`
--

CREATE TABLE `users` (
  `id` int(10) UNSIGNED NOT NULL,
  `locale` enum('en','de') COLLATE utf8mb4_unicode_ci NOT NULL DEFAULT 'en' COMMENT 'language en=english, de=germany',
  `name` varchar(255) COLLATE utf8mb4_unicode_ci DEFAULT NULL,
  `username` varchar(191) COLLATE utf8mb4_unicode_ci DEFAULT NULL,
  `email` varchar(255) COLLATE utf8mb4_unicode_ci DEFAULT NULL,
  `gender` tinyint(4) DEFAULT NULL COMMENT '1=> male, 2=> female, 3=transgender',
  `login_type` tinyint(4) NOT NULL DEFAULT '1' COMMENT '1=> manual,2=> facebook, 3=> google, 4=> instagram',
  `social_id` varchar(191) COLLATE utf8mb4_unicode_ci DEFAULT NULL,
  `age` int(11) DEFAULT NULL,
  `email_verified_at` timestamp NULL DEFAULT NULL,
  `verification_code` int(11) DEFAULT NULL,
  `latitude` varchar(191) COLLATE utf8mb4_unicode_ci DEFAULT NULL,
  `longitude` varchar(191) COLLATE utf8mb4_unicode_ci DEFAULT NULL,
  `phone_code` varchar(191) COLLATE utf8mb4_unicode_ci DEFAULT NULL,
  `phone` varchar(191) COLLATE utf8mb4_unicode_ci DEFAULT NULL,
  `password` varchar(191) COLLATE utf8mb4_unicode_ci DEFAULT NULL,
  `love_push_intention` varchar(255) COLLATE utf8mb4_unicode_ci DEFAULT NULL COMMENT '1= relationship, 2= friendship, 3= daily activities, 4= no expactations',
  `relationship` tinyint(5) DEFAULT NULL COMMENT '1= single, 2= in relationship, 3= married, 4= recently separated, 5= pen relationship',
  `size` varchar(191) COLLATE utf8mb4_unicode_ci DEFAULT NULL,
  `physique` tinyint(5) DEFAULT NULL COMMENT '1= plump, 2= thin, 3= athletic, 4= muscular, 5= normal',
  `eyecolor` varchar(191) COLLATE utf8mb4_unicode_ci DEFAULT NULL,
  `haircolor` varchar(191) COLLATE utf8mb4_unicode_ci DEFAULT NULL,
  `education` varchar(255) COLLATE utf8mb4_unicode_ci DEFAULT NULL COMMENT 'favorite_travel_destination consider',
  `job` varchar(191) COLLATE utf8mb4_unicode_ci DEFAULT NULL,
  `hobbies` varchar(191) COLLATE utf8mb4_unicode_ci DEFAULT NULL,
  `religion` varchar(255) COLLATE utf8mb4_unicode_ci DEFAULT NULL,
  `aboutme` text COLLATE utf8mb4_unicode_ci,
  `status` tinyint(4) NOT NULL DEFAULT '1' COMMENT '0=> de-active, 1=> active',
  `is_restrict_fb_friends` tinyint(4) NOT NULL DEFAULT '1' COMMENT '1=> not restrict, 0=> restrict',
  `sexual_orientation` tinyint(4) DEFAULT NULL COMMENT '1=> hetrosexual, 2=> bisexual, 3=> homesexual',
  `partner_preference` tinyint(4) NOT NULL DEFAULT '3' COMMENT '(NotUsed)1=> male, 2=> female, 3=> anyone',
  `is_profile_complete` tinyint(4) NOT NULL DEFAULT '0' COMMENT '0=> not, 1=> yes',
  `device_token` varchar(191) COLLATE utf8mb4_unicode_ci DEFAULT NULL,
  `device_type` tinyint(4) NOT NULL DEFAULT '1' COMMENT '1=> android, 2=> ios',
  `profile_image` varchar(191) COLLATE utf8mb4_unicode_ci DEFAULT NULL,
  `like_user_ids` text COLLATE utf8mb4_unicode_ci COMMENT 'id of like and dislike user_id from likes table',
  `connect_user_ids` varchar(255) COLLATE utf8mb4_unicode_ci DEFAULT NULL COMMENT 'id of accept connect to_user_id from connect_requests table',
  `language` varchar(191) COLLATE utf8mb4_unicode_ci DEFAULT NULL COMMENT 'manually enter',
  `role` tinyint(4) NOT NULL DEFAULT '2' COMMENT '1=> admin, 2=> normal users',
  `country` varchar(191) COLLATE utf8mb4_unicode_ci DEFAULT NULL COMMENT 'Not Used',
  `address` varchar(191) COLLATE utf8mb4_unicode_ci DEFAULT NULL COMMENT 'Not Used',
  `city` varchar(191) COLLATE utf8mb4_unicode_ci DEFAULT NULL COMMENT 'Not Used',
  `subscription_type` tinyint(4) NOT NULL DEFAULT '1' COMMENT '(Not Used)1=>free, 2=>premium, 3=>vip',
  `subscription_expire_date` date DEFAULT NULL,
  `remember_token` varchar(100) COLLATE utf8mb4_unicode_ci DEFAULT NULL,
  `is_phone_verify` tinyint(4) NOT NULL DEFAULT '0' COMMENT '(Not Used)0=> not, 1=> yes ',
  `employer` varchar(255) COLLATE utf8mb4_unicode_ci DEFAULT NULL COMMENT 'Not Used',
  `created_at` timestamp NULL DEFAULT NULL,
  `updated_at` timestamp NULL DEFAULT NULL,
  `register_from` enum('','web') COLLATE utf8mb4_unicode_ci DEFAULT NULL COMMENT 'web= from website',
  `quickblox_id` varchar(255) COLLATE utf8mb4_unicode_ci NOT NULL DEFAULT '' COMMENT 'quickblox userId'
) ENGINE=InnoDB DEFAULT CHARSET=utf8mb4 COLLATE=utf8mb4_unicode_ci;

--
-- Dumping data for table `users`
--

INSERT INTO `users` (`id`, `locale`, `name`, `username`, `email`, `gender`, `login_type`, `social_id`, `age`, `email_verified_at`, `verification_code`, `latitude`, `longitude`, `phone_code`, `phone`, `password`, `love_push_intention`, `relationship`, `size`, `physique`, `eyecolor`, `haircolor`, `education`, `job`, `hobbies`, `religion`, `aboutme`, `status`, `is_restrict_fb_friends`, `sexual_orientation`, `partner_preference`, `is_profile_complete`, `device_token`, `device_type`, `profile_image`, `like_user_ids`, `connect_user_ids`, `language`, `role`, `country`, `address`, `city`, `subscription_type`, `subscription_expire_date`, `remember_token`, `is_phone_verify`, `employer`, `created_at`, `updated_at`, `register_from`, `quickblox_id`) VALUES
(1, 'en', NULL, 'abhi1', 'nick@yopmail.com', 1, 2, NULL, 22, NULL, NULL, NULL, NULL, '+91', '9632587412', '$2y$10$gLBXXgyIGUAIJhW5HVjMrevaBKk6AX2vryxIDbzSemh720wWuPuZO', NULL, 0, 'e4re', 0, NULL, 'frwe', 'wefrwe', 'ewrwe', 'werwe', NULL, 'werweqrweq', 1, 1, 1, 3, 1, NULL, 1, NULL, '', '', 'dsfsd', 2, NULL, NULL, NULL, 1, NULL, 'I4irxIQrjmNVzU5UCuVaytqZHX8DZIesNsY38ajMbE29WFL3T1LyTcHu6GxQ', 0, 'werwqe', '2019-01-18 07:57:34', '2019-05-10 08:34:30', NULL, ''),
(3, 'en', 'ER', 'testuser1', 'test1@mailinator.com', 1, 1, NULL, NULL, NULL, 4226, '30.72808590000001', '76.84575629999999', '+91', '8264193357', '$2y$10$85mWAwmiAoDitlw8yohLveqhou1fanIlt26i./Wc0HJ7/P1GHELJq', NULL, 0, 'e4re', 0, 'er', 'frwe', 'wefrwe', 'ewrwe', 'werwe', NULL, 'werweqrweq', 1, 1, 1, 2, 1, NULL, 2, '1548661234.png', '', '', 'dsfsd', 2, 'india', 'Tower C, Third Floor DLF Building, IT Park 160101, Phase - I, Manimajra, Chandigarh, Haryana 134114, India', 'Chandigarh', 1, NULL, NULL, 1, 'werwqe', '2019-01-21 07:43:07', '2019-05-23 05:31:54', NULL, ''),
(4, 'en', 'Abhishek', 'abhi', 'abshi@yopmail.com', 1, 1, NULL, NULL, NULL, NULL, '28.4456789', '36.1123456', '1', '9632587410', '$2y$10$FVLll0hrpR/8Fp10q/7LteVef0dLzpof8q2wRyD/4ZrKRSz7otO.e', NULL, 0, NULL, 0, NULL, NULL, NULL, NULL, NULL, NULL, NULL, 1, 1, NULL, 3, 0, NULL, 2, NULL, '', '', NULL, 2, '4554', 'Chandigarh', 'city', 1, NULL, NULL, 0, NULL, '2019-01-22 04:15:28', '2019-01-22 04:15:28', NULL, ''),
(5, 'en', 'hh', 'bh', 'vv@mailinator.com', 1, 1, NULL, NULL, NULL, NULL, '30.7278325', '76.84623828125004', '+1', '1234567890', '$2y$10$QOKPakIaLZ1zRFls0uNC0OZvJrNbITuSKIftgalLhbrNgny4rPQJm', NULL, 0, 'hxhx', 0, 'ddhhd', 'hfhfhf', 'hddydh', 'fyhffh', 'dyydyd', NULL, 'fhhdhd', 1, 1, 1, 3, 1, NULL, 1, NULL, '', '', 'hffh', 2, 'IN', 'Unnamed Road, Phase - I, Manimajra, Chandigarh, Haryana 160101, India', 'Chandigarh', 1, NULL, NULL, 0, 'gdgdgd', '2019-01-22 04:32:01', '2019-01-22 06:41:48', NULL, ''),
(6, 'en', 'ER', 'testuser2', 'test3@mailinator.com', 1, 1, NULL, NULL, NULL, NULL, '30.72808590000001', '76.84575629999999', '+91', '9915359476', '$2y$10$K2zDvXrb/nngBrWdLlEQhepOPkzFK8EiWmH6zZ3WA9KVWqb0Ds7Eq', NULL, 0, 'e4re', 0, 'er', 'frwe', 'wefrwe', 'ewrwe', 'werwe', NULL, 'werweqrweq', 1, 0, 1, 1, 1, NULL, 2, '1548661272.png', '', '', 'dsfsd', 2, 'India', 'Tower C, Third Floor DLF Building, IT Park 160101, Phase - I, Manimajra, Chandigarh, Haryana 134114, India', 'Chandigarh', 1, NULL, NULL, 1, 'werwqe', '2019-01-23 06:50:49', '2019-01-28 02:11:12', NULL, ''),
(8, 'en', 'test', 'testuser3', 'test1@gmail.com', 1, 1, NULL, NULL, NULL, NULL, '30.72808590000001', '76.84575629999999', '+91', '8146523265', '$2y$10$w9dO9UwC0u.nnbe4rZBOB.TSO3bgom.dg1a7F24tLa2orBF5n0RKe', NULL, 0, NULL, 0, NULL, NULL, NULL, NULL, NULL, NULL, NULL, 1, 1, NULL, 3, 0, NULL, 2, NULL, '', '', NULL, 2, 'india', 'Tower C, Third Floor DLF Building, IT Park 160101, Phase - I, Manimajra, Chandigarh, Haryana 134114, India', 'chandigarh', 1, NULL, NULL, 0, NULL, '2019-01-24 06:22:47', '2019-01-24 06:22:47', NULL, ''),
(12, 'en', 'test', 'testuser4', 'test2@gmail.com', 1, 1, NULL, NULL, NULL, 9111, '30.72808590000001', '76.84575629999999', '+91', '9457819996', '$2y$10$xdaCRyp6iQDd1cLQmX.PseC4caSTfVWl3WKGOwB3S91oCylcSCuBC', NULL, 0, 'siz', 0, 'eye', 'hair', 'edu', 'job', 'hobb', NULL, 'Hejd djdbdjd fjdfjd fj jd', 1, 1, 1, 3, 1, NULL, 2, NULL, '', '', 'lan', 2, 'india', 'Tower C, Third Floor DLF Building, IT Park 160101, Phase - I, Manimajra, Chandigarh, Haryana 134114, India', 'chandigarh', 1, NULL, NULL, 1, 'emp', '2019-01-24 07:19:46', '2019-01-25 05:18:43', NULL, ''),
(13, 'en', 'vivek kumar', 'vivek', 'vivek.kumar@xicom.biz', 1, 1, NULL, NULL, NULL, NULL, '30.727837499999996', '76.84623046875001', '+91', '9878390481', '$2y$10$SYTno2f6DUO0.rCKmkIune9GR6.H3pdUYnZdFkgUcMO9bj7C.R0.u', NULL, 0, 'hshs', 0, 'hshs', 'hdhs', 'hshsh', 'hshs', 'hshe', NULL, 'ydhdudydydz', 1, 1, 1, 3, 1, NULL, 1, NULL, '', '', 'hshs', 2, 'India', 'Unnamed Road, Phase - I, Manimajra, Chandigarh, Haryana 160101, India', 'Chandigarh', 1, NULL, NULL, 1, 'dhsh', '2019-01-25 04:13:28', '2019-01-25 04:13:50', NULL, ''),
(15, 'en', 'test', 'test1', 'test2@mailinator.com', 1, 1, NULL, 25, '2019-05-21 01:00:53', NULL, '30.72808590000001', '76.84575629999999', '+91', '8146523266', '$2y$10$.ECjJEVsSb.hPWRl8qgh2unOKr77YHgP7F5gV1gjuc918YFRqemDC', NULL, 0, 'text', 0, NULL, NULL, NULL, NULL, NULL, NULL, NULL, 1, 1, 1, 3, 1, NULL, 2, NULL, '', '', NULL, 2, 'India', 'Tower C, Third Floor DLF Building, IT Park 160101, Phase - I, Manimajra, Chandigarh, Haryana 134114, India', 'Chandigarh', 1, NULL, NULL, 0, NULL, '2019-03-20 05:16:32', '2019-05-21 01:01:29', NULL, ''),
(16, 'en', 'Harry', NULL, 'harry@mailinator.com', 1, 1, NULL, NULL, NULL, NULL, NULL, NULL, NULL, NULL, '$2y$10$2PfQIznmwWMpgYGBVjy01uyxFbWa9WiOnCyMSxF65.FHGO9R7be9a', NULL, 0, NULL, 0, NULL, NULL, NULL, NULL, NULL, NULL, NULL, 1, 1, NULL, 3, 0, NULL, 1, NULL, '', '', NULL, 2, NULL, NULL, NULL, 1, NULL, NULL, 0, NULL, '2019-04-03 00:02:07', '2019-04-03 00:02:07', 'web', ''),
(17, 'en', 'John', NULL, 'john@mailinator.com', 1, 1, NULL, NULL, NULL, NULL, NULL, NULL, NULL, NULL, '$2y$10$/Afq388vaxRxYn2AQjNEPOysk9oM2j9er96j1XCbBwjQ.ZLjRiguW', NULL, 0, NULL, 0, NULL, NULL, NULL, NULL, NULL, NULL, NULL, 1, 1, NULL, 3, 0, NULL, 1, NULL, '', '', NULL, 2, NULL, NULL, NULL, 1, NULL, NULL, 0, NULL, '2019-04-03 00:30:21', '2019-04-03 00:30:21', 'web', ''),
(18, 'en', 'test', 'test2', 'test4@mailinator.com', 1, 1, NULL, NULL, NULL, 6390, '30.7283153', '76.845865', '+91', '7814817171', '$2y$10$lAbT.ECNN8TktLHTVCJN3uYycWftEITvQ.iWUnIO5XwXu6qgt1ESG', NULL, 0, '5 0', 0, 'brown', 'rom', 'hehre', 'dd', 'fff', NULL, 'Chchfh', 1, 1, 1, 3, 1, NULL, 2, NULL, '', '', 'here', 2, 'India', '1st and 2nd Floor, Towers A & B, DLF Info City Developer, Rajiv Gandhi Chandigarh Technology Park, Kishangarh, Phase - I, Manimajra, Chandigarh, Haryana 160101, India', 'Chandigarh', 1, NULL, NULL, 1, 'gg', '2019-04-09 05:00:24', '2019-04-09 05:11:19', NULL, ''),
(19, 'en', 'Chris', NULL, 'test22@mailinator.com', 1, 1, NULL, NULL, NULL, NULL, NULL, NULL, NULL, NULL, NULL, NULL, 0, NULL, 0, NULL, NULL, NULL, NULL, NULL, NULL, NULL, 1, 1, NULL, 3, 0, NULL, 1, NULL, '', '', NULL, 2, NULL, NULL, NULL, 1, NULL, NULL, 0, NULL, '2019-04-18 05:52:24', '2019-04-18 05:52:24', 'web', ''),
(20, 'en', 'g7uf', '7tfy', 'f6yf@yddym.vuvu', 1, 1, NULL, NULL, NULL, NULL, '30.727827499999993', '76.84624609375001', '+1', '1471471470', '$2y$10$jHFNIDBGS1xSfguG/PV9oOpT2pKPOi2A9RzqWXVc3LERuVJExzq1q', NULL, 0, NULL, 0, NULL, NULL, NULL, NULL, NULL, NULL, NULL, 1, 1, NULL, 3, 0, NULL, 1, NULL, '', '', NULL, 2, 'India', 'Unnamed Road, Phase - I, Manimajra, Chandigarh, Haryana 160101, India', 'Chandigarh', 1, NULL, NULL, 0, NULL, '2019-04-22 06:12:40', '2019-04-22 06:12:40', NULL, ''),
(21, 'en', 'fff', 'vdvsrjdj', 'aq@mailinator.com', 1, 1, NULL, NULL, NULL, NULL, '30.727822500000013', '76.84625390625004', '+91', '1477411470', '$2y$10$QJADSA14bsrYcgLR3KpwKOlz3ObGcqrFsjbSShGJItjgLzOh.N8nm', NULL, 0, NULL, 0, NULL, NULL, NULL, NULL, NULL, NULL, NULL, 1, 1, NULL, 3, 0, NULL, 1, NULL, '', '', NULL, 2, 'India', 'Unnamed Road, Phase - I, Manimajra, Chandigarh, Haryana 160101, India', 'Chandigarh', 1, NULL, NULL, 0, NULL, '2019-04-23 06:19:31', '2019-04-23 06:19:31', NULL, ''),
(22, 'en', 'Abhishek', 'abhi', 'abhi@yopmail.com', 1, 1, NULL, NULL, NULL, NULL, '28.4456789', '36.1123456', '9632587410', '9632587412', '$2y$10$bnuSFVY3eqVND7KYBpfG8eAwt6DYA/gzmaK.FEa5/DQCdPrlyJhaO', NULL, 0, NULL, 0, NULL, NULL, NULL, NULL, NULL, NULL, NULL, 1, 1, NULL, 3, 0, NULL, 2, NULL, '', '', NULL, 2, 'India', 'Chandigarh', 'chandigarh', 1, NULL, NULL, 0, NULL, '2019-04-24 05:27:44', '2019-04-24 05:27:44', NULL, ''),
(23, 'en', 'Lavi', 'Lavi', 'lavi@mailinator.com', 1, 1, NULL, NULL, NULL, 7389, '28.535516100000002', '77.3910265', '+91', '8439665459', '$2y$10$c1ZKo5JV5myewTFuwnQt2.KoRNzQxq7AOVglJlZBioZRFMU86/Q8C', NULL, 0, '5.5', 0, 'Black', 'Black', 'MCA', 'SW', 'SDFs', NULL, 'Asfdas', 1, 1, 1, 3, 1, NULL, 2, NULL, '', '', 'English', 2, 'India', 'Noida, Uttar Pradesh, India', 'Noida', 1, NULL, NULL, 1, 'Xicom', '2019-04-24 05:32:45', '2019-04-24 23:20:13', NULL, ''),
(24, 'en', NULL, 'dfgdf', 'mk@mailinator.com', 1, 1, NULL, 14, '0000-00-00 00:00:00', 9243, '51.178881999999994', '-1.8262150000000001', '+91', '5555662233', '$2y$10$egMzdZUwe0BCc0EBskDfI.FbZutYCqaQTjn2fsQ0pRPE9Qx5Yp.lK', NULL, 0, NULL, 0, NULL, NULL, NULL, NULL, NULL, NULL, 'About me', 1, 1, 1, 3, 1, NULL, 2, '1556716677.png', '', '', 'dfsgdf', 2, 'India', 'Amesbury, Salisbury SP4 7DE, UK', 'Salisbury', 1, NULL, NULL, 1, 'dfgd', '2019-04-24 06:01:25', '2019-05-08 07:46:26', NULL, ''),
(25, 'en', 'vivek', 'qwe', 'viv@mailinator.com', 1, 1, NULL, NULL, NULL, 8375, '123456', '654321', '+91', '2580258025', '$2y$10$C3y7ZKnQd1YcqUkd.LNJpeBvgxsfD.dgM223V1sAILnyyGIHlFzge', NULL, 0, 'gsgs', 0, 'gsgs', 'vsg', 'bseh', 'gsgsgegw', 'hsgwgw', NULL, 'eysggss', 1, 1, 1, 3, 1, NULL, 1, '1556704838.png', '', '', 'dbgf', 2, 'India', 'Unnamed Road, Phase - I, Manimajra, Chandigarh, Haryana 160101, India', 'Chandigarh', 1, NULL, NULL, 1, 'gwge', '2019-04-25 01:40:18', '2019-05-01 04:30:38', NULL, ''),
(26, 'en', NULL, 'MKL', 'mkl@mailinator.com', 1, 1, NULL, NULL, NULL, 9749, '28.535516100000002', '77.3910265', '+91', '8866554422', '$2y$10$8go347pcTHoDRvr7nPKajOVLj1Njszd7auC/u5nvBwAiVPjjScGJ.', NULL, 0, '5.5', 0, 'FGH', 'fsdf', 'asdas', 'dsf', 'fsdfds', NULL, 'Sdfds', 1, 1, 1, 3, 1, NULL, 2, NULL, '', '', 'ENDFS', 2, 'India', 'Noida, Uttar Pradesh, India', 'Noida', 1, NULL, NULL, 1, 'dsgfds', '2019-04-25 04:04:05', '2019-04-25 04:05:05', NULL, ''),
(27, 'en', NULL, 'KKK', 'kkk@mailinator.com', 1, 1, NULL, NULL, NULL, 7526, '28.535516100000002', '77.3910265', '+91', '1234567894', '$2y$10$Vs/L04MNjjPRfATqmuw87.jVUokDn3GPw3iZlEeeSw84/2HJwcF5u', NULL, 0, '5.5', 0, 'dfgfdg', 'ghjghjgh', 'ghjghjgh', 'ghjhgj', 'dtretre', NULL, 'Dfgfdg', 1, 1, 1, 3, 1, NULL, 2, NULL, '', '', 'fghfghgf', 2, 'India', 'Noida, Uttar Pradesh, India', 'Noida', 1, NULL, NULL, 1, 'dfgfh', '2019-04-25 04:08:27', '2019-04-25 04:12:12', NULL, ''),
(28, 'en', 'lidwin', 'lidwin', 'lidwin.cleetus@xicom.biz', 1, 1, NULL, NULL, NULL, 2948, '28.611088599999995', '77.2345184', '+91', '9868586534', '$2y$10$RMB5anVnNldpSIlR9woxPOGChBlFzzQMfoEKPm8C90z111UuhFrlm', NULL, 0, '23', 0, 'black', 'brown', 'masters', 'manager', 'writing', NULL, 'great to spend time with', 1, 1, 1, 3, 1, NULL, 1, NULL, '', '', 'English , spanish', 2, 'India', 'India Gate, New Delhi, Delhi, India', 'New Delhi', 1, NULL, NULL, 1, 'xi', '2019-04-26 00:03:10', '2019-06-05 06:26:08', NULL, ''),
(29, 'en', '', 'lidwin', 'lidwin@gmail.com', 1, 1, NULL, NULL, NULL, 2583, '51.178881999999994', '-1.8262150000000001', '+91', '9868586532', '$2y$10$j0yIpQNbRk1lg3foX5PAbeWKS6Hok/U/b9pAohRh4OJ.ial7ZGfCe', NULL, 0, NULL, 0, NULL, NULL, NULL, NULL, NULL, NULL, NULL, 1, 1, NULL, 3, 0, NULL, 2, NULL, '', '', NULL, 2, 'United Kingdom', 'Amesbury, Salisbury SP4 7DE, UK', 'Salisbury', 1, NULL, NULL, 0, NULL, '2019-04-26 00:44:49', '2019-04-26 00:44:57', NULL, ''),
(30, 'en', 'FGHgf', 'FGHgf', 'ff@ss.cc', 1, 1, NULL, NULL, NULL, 7247, '51.178881999999994', '-1.8262150000000001', '+91', '6633995544', '$2y$10$T3sTvMmQiuyn1gpTj5.ndu2Yer1kQJqKVAPp3ABrAv6iDgfyGjizi', NULL, 0, '1.5', 0, 'yuiyu', 'yuiuy', 'uoiuo', 'iuouio', 'uioiuo', NULL, 'Tyut', 1, 1, 1, 3, 1, NULL, 2, NULL, '', '', 'ghjg', 2, 'United Kingdom', 'Amesbury, Salisbury SP4 7DE, UK', 'Salisbury', 1, NULL, NULL, 1, 'iuoiuo', '2019-04-26 05:19:14', '2019-04-26 05:20:48', NULL, ''),
(31, 'en', '', 'dgfd', 'gg@gg.gg', 1, 1, NULL, NULL, NULL, 2974, '51.178936', '-1.8262964000000004', '+91', '5544669988', '$2y$10$QccSftoIkblCGmtNRAYITeAtLrpsLOIueaPz6xAgqSkiRN1qAIvVe', NULL, 0, NULL, 0, NULL, NULL, NULL, NULL, NULL, NULL, NULL, 1, 1, NULL, 3, 0, NULL, 2, NULL, '', '', NULL, 2, 'United Kingdom', '3 Stonehenge Rd, Salisbury SP4 7DD, UK', 'Salisbury', 1, NULL, NULL, 0, NULL, '2019-04-26 05:55:54', '2019-04-26 05:55:55', NULL, ''),
(32, 'en', '', 'JJff', 'aa@ds.ffg', 1, 1, NULL, NULL, NULL, 2952, '51.178936', '-1.8262964000000004', '+91', '3366558844', '$2y$10$uelwf3BhE6EBFzsAE44z4ebqmwO0OeP1x1.Sa0eul.MVHO8Da9xHi', NULL, 0, NULL, 0, NULL, NULL, NULL, NULL, NULL, NULL, NULL, 1, 1, NULL, 3, 0, NULL, 2, NULL, '', '', NULL, 2, 'United Kingdom', '3 Stonehenge Rd, Salisbury SP4 7DD, UK', 'Salisbury', 1, NULL, NULL, 1, NULL, '2019-04-26 05:59:48', '2019-04-26 06:00:22', NULL, ''),
(33, 'en', '', 'sdgfds', 'jj@ss.hh', 1, 1, NULL, NULL, NULL, 2534, '51.178936', '-1.8262964000000004', '+1', '5588', '$2y$10$Rzd2k6ixsny3i5Yd.ijkU.QKiL/QTvZ4MpDwjKLJprHUzduI7lI0i', NULL, 0, NULL, 0, NULL, NULL, NULL, NULL, NULL, NULL, NULL, 1, 1, NULL, 3, 0, NULL, 2, NULL, '', '', NULL, 2, 'United Kingdom', '3 Stonehenge Rd, Salisbury SP4 7DD, UK', 'Salisbury', 1, NULL, NULL, 1, NULL, '2019-04-26 06:01:29', '2019-04-26 06:01:33', NULL, ''),
(34, 'en', '', 'dfgf', 'hh@ss.ff', 1, 1, NULL, NULL, NULL, 9087, '51.178881999999994', '-1.8262150000000001', '+1', '45', '$2y$10$iwYyyr7hPBwWpsR5ik7uqOYZZNmcMUwajLrRjaFS4E9rDvLDbJv5C', NULL, 0, NULL, 0, NULL, NULL, NULL, NULL, NULL, NULL, NULL, 1, 1, NULL, 3, 0, NULL, 2, NULL, '', '', NULL, 2, 'United Kingdom', 'Amesbury, Salisbury SP4 7DE, UK', 'Salisbury', 1, NULL, NULL, 0, NULL, '2019-04-26 06:03:57', '2019-04-26 06:04:21', NULL, ''),
(35, 'en', '', 'HH', 'dd@dd.gg', 1, 1, NULL, NULL, NULL, 3525, '51.178936', '-1.8262964000000004', '+1', '1234567845', '$2y$10$IqrvhJygL5P4Yv32Iz02yucrSr35QUpA6ISVibkRUw7n4qdMV422W', NULL, 0, NULL, 0, NULL, NULL, NULL, NULL, NULL, NULL, NULL, 1, 1, NULL, 3, 0, NULL, 2, NULL, '', '', NULL, 2, 'United Kingdom', '3 Stonehenge Rd, Salisbury SP4 7DD, UK', 'Salisbury', 1, NULL, NULL, 1, NULL, '2019-04-26 06:09:36', '2019-04-26 06:10:07', NULL, ''),
(36, 'en', 'SDFsd', 'FGF', 'ss@gg.hh', 1, 1, NULL, NULL, NULL, 5194, '51.178881999999994', '-1.8262150000000001', '+91', '3366554488', '$2y$10$sRFzJH9kCmV2oYiRe23DCOPl7Habhaj9/VB064kJsrxOP2dBvn8CO', NULL, 0, '1.5', 0, NULL, NULL, 'dfgd', 'dfgdf', 'dfgfd', NULL, 'Dfgfdg', 1, 1, 1, 3, 1, NULL, 2, NULL, '', '', 'dfhgf', 2, 'United Kingdom', 'Amesbury, Salisbury SP4 7DE, UK', 'Salisbury', 1, NULL, NULL, 1, 'dfgdf', '2019-04-26 06:40:40', '2019-04-26 06:46:02', NULL, ''),
(37, 'en', 'FDgd', 'DFGHDf', 'gg@mailinato.sds', 1, 1, NULL, NULL, NULL, 8412, '51.178881999999994', '-1.8262150000000001', '+1', '4567812', '$2y$10$gbICkPUUqRWd725rxAwM6.rkJSJWJIKZmXpeN/w/ANGHar0jViNr2', NULL, 0, '5.3', 0, NULL, NULL, 'fgh', 'fghfg', 'dfgfd', NULL, 'Dfgdf', 1, 1, 1, 3, 1, NULL, 2, NULL, '', '', 'dsfs', 2, 'United Kingdom', 'Amesbury, Salisbury SP4 7DE, UK', 'Salisbury', 1, NULL, NULL, 1, 'hjkhj', '2019-04-26 08:30:17', '2019-04-26 08:30:58', NULL, ''),
(38, 'en', 'viobn', 'rovk', 'rovk@gmail.com', 1, 1, NULL, NULL, NULL, 2264, '28.610501', '77.094551', '+91', '9636251478', '$2y$10$YBdNOWHR4ifEqgRVa4QNwOiZnh3m293NGnJBKLMnkkJno4Fh0NpeS', NULL, 0, '245', 0, NULL, NULL, 'addggj', 'sghv', 'zdfhb', NULL, 'Dhhb', 1, 1, 1, 3, 1, NULL, 2, NULL, '', '', 'gujjj', 2, 'India', 'Janak Cinema Complex, Pankha Rd, Block C 6A, Janakpuri, New Delhi, Delhi 110058, India', 'New Delhi', 1, NULL, NULL, 1, 'cvbb', '2019-04-26 08:56:32', '2019-04-26 08:57:11', NULL, ''),
(39, 'en', 'Patrick Ebuel', 'createffect', 'tim.leube@gmx.de', 1, 2, '604369696747245', 21, '2019-06-09 01:27:55', NULL, '48.7758459', '9.182932099999999', '+49', '15221312122', '$2y$10$YxmiALXe8FEw4hMPhYycAeFkW3CNkRbAkpI1l9TpDSq4M0I5G9D0m', 'Select LovePush Intention', NULL, 'xxx', NULL, NULL, NULL, NULL, NULL, 'Sports, Travel', 'Christ', 'Travel & Repeat', 1, 1, 1, 3, 1, NULL, 2, '1559824282.png', '', '', NULL, 2, 'Deutschland', 'Stuttgart, Deutschland', 'Stuttgart', 1, NULL, NULL, 1, NULL, '2019-04-29 11:36:53', '2019-06-09 13:27:55', NULL, '92822248'),
(40, 'en', 'Mm', 'marcio', 'marco.matla@outlook.de', 1, 1, NULL, NULL, NULL, 3607, '48.815039999999996', '9.14798', '+49', '15751204181', '$2y$10$fhYRmFwmqwfyN7EJYtZyVeG3ahQ5OGGAsqjL.dqk.X5Rq8BlJjwwm', NULL, 0, '147', 0, NULL, NULL, 'bb', 'hf', 'lbg', NULL, 'Kkh', 1, 1, 1, 3, 1, NULL, 2, NULL, '', '', 'jhg', 2, 'Deutschland', 'Hegaustrae 15, 70469 Stuttgart, Deutschland', 'Stuttgart', 1, NULL, NULL, 1, 'j', '2019-04-29 15:00:25', '2019-04-29 15:01:31', NULL, ''),
(41, 'en', 'vivek', 'vivek123', 'vivek@mailinator.com', 1, 1, NULL, NULL, '0000-00-00 00:00:00', 5500, NULL, NULL, '+1', '', '$2y$10$.6bjYSzwPCKv/4Bo4lhOp.rJUfEiRZ/PHX/VcWH08Dvv8p.M4R2lq', NULL, 0, NULL, 0, NULL, NULL, NULL, NULL, NULL, NULL, NULL, 1, 1, NULL, 3, 0, NULL, 1, NULL, '', '', NULL, 2, NULL, NULL, NULL, 1, NULL, NULL, 0, NULL, '2019-05-02 02:15:27', '2019-05-02 23:20:54', NULL, ''),
(42, 'en', 'LLK', 'LKM', 'lkm@mailinator.com', 1, 1, NULL, 25, '0000-00-00 00:00:00', 1316, NULL, NULL, '+91', '4578895645', '$2y$10$tyieeay8wnvMFj6TgHxyxuSDXOP2DXdtWOb0rMV1MZPIePFfgnX6a', 'Relationship,Friendship', 4, '150', 1, NULL, NULL, 'HSJD', 'LASJKAS', 'CLAJDS', NULL, 'As DFSda fdsafsd fj sfsdf sdfkds dffd sgf ds gdf g\nDfsg\nDfsgdfgd sg\nFdsfw rewfew \nWfsdfdsafsdka lfdsvafdsafsdf dsafndsfdskjfdhfdksfsdaf dsafndsf.dsjlfsdvo vfdskf dsafsbfdskfds fasdf\nSf sdf\nAdsafsdafsdafasdfjlsfsdf fsdf sdfas. Fsafkjsjfs dvxc vbxc vxcvvkjd vxcnvvm,xxcbvc xv xvxcvxmnvcvcvmncx', 1, 1, 1, 3, 1, NULL, 2, '1559889898.png', '47,51,104,107,109,113,120,122,123,124,125', '120', NULL, 2, NULL, NULL, NULL, 1, NULL, NULL, 0, NULL, '2019-05-02 04:54:13', '2019-06-07 01:45:53', NULL, '92702720'),
(43, 'en', '', 'MKL TTTLE', 'mkl12@mailinator.com', 1, 1, NULL, NULL, NULL, 3372, NULL, NULL, '+91', '7856894578', '$2y$10$Is.vB/K8hjBNH4hH73fRHub9pmjNTXZNpwr6s5zbDIUUiGLHiLoru', NULL, 0, NULL, 0, NULL, NULL, NULL, NULL, NULL, NULL, NULL, 1, 1, NULL, 3, 0, NULL, 2, NULL, '', '', NULL, 2, NULL, NULL, NULL, 1, NULL, NULL, 0, NULL, '2019-05-02 05:31:48', '2019-05-02 05:32:24', NULL, ''),
(44, 'en', 'John Carter', 'john123', 'john@gmail.com', 1, 1, NULL, 24, '2019-05-07 00:47:00', NULL, NULL, NULL, '+91', '8825031562', '$2y$10$pVEVHRp0TJ.UEtQUP7YvS.Gy9B2GDFJz9RNii.buu7fXU/EUVuz5a', NULL, 0, '40', 0, 'kkkhk', 'khkhk', 'khhkh', 'khugu', 'jgjgjj', NULL, 'hkhkfdfffewfsfdfss dfgdfg', 1, 1, 1, 3, 1, NULL, 1, '1557493315.png', '', '', NULL, 2, NULL, NULL, NULL, 1, NULL, NULL, 0, 'ghgh', '2019-05-02 23:13:42', '2019-05-10 07:31:55', NULL, ''),
(45, 'en', 'Test', NULL, 'test201@mailinator.com', 1, 1, NULL, NULL, NULL, NULL, NULL, NULL, NULL, NULL, NULL, NULL, 0, NULL, 0, NULL, NULL, NULL, NULL, NULL, NULL, NULL, 1, 1, NULL, 3, 0, NULL, 1, NULL, '', '', NULL, 2, NULL, NULL, NULL, 1, NULL, NULL, 0, NULL, '2019-05-06 06:10:40', '2019-05-06 06:10:40', 'web', ''),
(46, 'en', 'Ravi', NULL, 'ravinderdahiya.chd@gmail.com', 1, 1, NULL, NULL, NULL, NULL, NULL, NULL, NULL, NULL, NULL, NULL, 0, NULL, 0, '', '', NULL, NULL, '', NULL, '', 1, 1, 1, 3, 0, NULL, 1, NULL, '', '', NULL, 2, NULL, NULL, NULL, 1, NULL, NULL, 0, NULL, '2019-05-06 06:26:23', '2019-05-28 01:03:24', 'web', ''),
(47, 'en', 'xicom vivek', 'Vivek KKK', 'xicomvivek2079@gmail.com', 1, 3, '104300381434884301471', 25, '2019-06-05 01:41:46', NULL, NULL, NULL, '+91', '4578895623', NULL, NULL, 0, NULL, 0, NULL, NULL, NULL, NULL, NULL, NULL, 'About me', 1, 1, 1, 3, 1, NULL, 2, '1557497590.png', '', '', NULL, 2, NULL, NULL, NULL, 1, NULL, NULL, 0, NULL, '2019-05-06 07:50:30', '2019-06-05 01:41:46', NULL, '92789902'),
(48, 'en', 'gfg', 'vishu1', 'vishu@gmail.com', 1, 1, NULL, 20, '0000-00-00 00:00:00', 7651, NULL, NULL, '+1', '8825031563', '$2y$10$f5MOx9TgRQzknzdR6C9AGudS.TzBzONqBt2srL.CUmEp1YydDZ81O', NULL, 0, '40', 0, 'kljlkj', 'lkj', 'lkj', 'lkj', 'lkj', NULL, 'lkj', 1, 1, 1, 3, 1, NULL, 1, NULL, '', '', NULL, 2, NULL, NULL, NULL, 1, NULL, NULL, 0, NULL, '2019-05-07 02:06:03', '2019-05-07 02:25:19', NULL, ''),
(49, 'en', 'peter cech', 'cech', 'cech@mailinator.com', 1, 1, NULL, 22, '0000-00-00 00:00:00', 9442, NULL, NULL, '+91', '9868586534', '$2y$10$8dyiBniv5QMqXJ.zI/q/LuH0ADqdO6o.Vzs2gr6MTHPkQRiN5GMrG', NULL, 0, '32', 0, 'black', 'black', 'high school', 'pm', 'soccer', NULL, 'hi you are awesome', 1, 1, 1, 3, 1, NULL, 1, NULL, '', '', NULL, 2, NULL, NULL, NULL, 1, NULL, NULL, 0, NULL, '2019-05-07 23:58:20', '2019-05-08 00:00:23', NULL, ''),
(50, 'en', '', 'shick', 'shick@mailinator.com', 2, 1, NULL, NULL, NULL, 9231, NULL, NULL, '+91', '9868586532', '$2y$10$h.xE/zxbVhJaMMuM/I6j5OJGsQDJQM/kHr869p0qCL0UJoNvG5uVO', NULL, 0, NULL, 0, NULL, NULL, NULL, NULL, NULL, NULL, NULL, 1, 1, NULL, 3, 0, NULL, 2, NULL, '', '', NULL, 2, NULL, NULL, NULL, 1, NULL, NULL, 0, NULL, '2019-05-08 01:07:43', '2019-05-08 01:07:47', NULL, ''),
(51, 'en', '', 'ram', 'ram@mailinator.com', 2, 1, NULL, NULL, '0000-00-00 00:00:00', 4984, NULL, NULL, '+91', '9868586532', '$2y$10$Mv2fdQw/V3X7aRsF7GNOXuNIajDqIIl0rm6xKTqNtIQR8U7vM7ki.', NULL, 0, NULL, 0, NULL, NULL, NULL, NULL, NULL, NULL, NULL, 1, 1, NULL, 3, 0, NULL, 2, NULL, '', '', NULL, 2, NULL, NULL, NULL, 1, NULL, NULL, 0, NULL, '2019-05-08 01:12:21', '2019-05-08 01:13:31', NULL, ''),
(52, 'en', '', 'NASA', 'nasa@mailinator.com', 1, 1, NULL, NULL, '0000-00-00 00:00:00', 5180, NULL, NULL, '+1', '4578895623', '$2y$10$OUGMkjmTf767r.Mysmq20ucbsccK6nxWvqbII1/fVXHIQLJpbWZl.', NULL, 0, NULL, 0, NULL, NULL, NULL, NULL, NULL, NULL, NULL, 1, 1, NULL, 3, 0, NULL, 2, NULL, '', '', NULL, 2, NULL, NULL, NULL, 1, NULL, NULL, 0, NULL, '2019-05-08 02:20:20', '2019-05-08 02:22:05', NULL, ''),
(53, 'en', 'vishu', 'vishu2', 'vishu2@gmail.com', 1, 1, NULL, NULL, NULL, 7293, NULL, NULL, '+1', '565446464644', '$2y$10$N2WuexB7u/V8hVs6y6CxJ.Zn5F90LNu5/4KMu8PXzvlW/8xtvrKIC', NULL, 0, NULL, 0, NULL, NULL, NULL, NULL, NULL, NULL, NULL, 1, 1, NULL, 3, 0, NULL, 1, NULL, '', '', NULL, 2, NULL, NULL, NULL, 1, NULL, NULL, 0, NULL, '2019-05-08 06:45:30', '2019-05-08 06:45:30', NULL, ''),
(54, 'en', 'vishu', 'vishu3', 'vishu3@gmail.com', 1, 1, NULL, NULL, '0000-00-00 00:00:00', 4826, NULL, NULL, '+1', '24165465464', '$2y$10$Hzh29c.3h6BIMikX76rSeeLF1CjB/EkZqwr1N1UUTdhilf3EychyO', NULL, 0, NULL, 0, NULL, NULL, NULL, NULL, NULL, NULL, NULL, 1, 1, NULL, 3, 0, NULL, 1, NULL, '', '', NULL, 2, NULL, NULL, NULL, 1, NULL, NULL, 0, NULL, '2019-05-08 06:47:09', '2019-05-08 07:33:15', NULL, ''),
(55, 'en', 'Lavi Motwal', 'Lavi Motwal', 'lavimotwal12@gmail.com', 1, 2, '2063244963804904', 28, '2019-05-16 22:54:44', NULL, NULL, NULL, '+91', '8439665459', NULL, NULL, 0, '5.5', 0, 'Black', 'Black', 'MCA', 'SW / Xicom', 'Playing Cricket', 'Hindu', 'SDFDS', 1, 1, 1, 3, 1, NULL, 2, '1558067286.png', '', '', NULL, 2, NULL, NULL, NULL, 1, NULL, NULL, 0, NULL, '2019-05-09 03:55:17', '2019-05-16 22:58:06', NULL, ''),
(56, 'en', 'mark', NULL, 'mark1@mailinator.com', NULL, 1, NULL, NULL, '2019-05-10 02:16:23', NULL, NULL, NULL, NULL, NULL, NULL, NULL, 0, NULL, 0, NULL, NULL, NULL, NULL, NULL, NULL, NULL, 1, 1, NULL, 3, 0, NULL, 1, NULL, '', '', NULL, 2, NULL, NULL, NULL, 1, NULL, NULL, 0, NULL, '2019-05-10 02:15:36', '2019-05-10 02:16:23', 'web', ''),
(58, 'en', 'Ashish Singh', 'asshu', 'ashish.singh@mobiloitte.in', 1, 2, '454434248693914', 28, '2019-06-03 20:30:57', NULL, NULL, NULL, '+1', '88558255442', NULL, NULL, 0, '45', 0, NULL, NULL, 'btech', 'engineer', 'reading', 'jain', 'Hiiiibhjj', 1, 1, 1, 3, 1, NULL, 2, '1559311428.png', '', '', NULL, 2, NULL, NULL, NULL, 1, NULL, NULL, 0, NULL, '2019-05-10 06:06:59', '2019-06-04 08:30:57', NULL, '92752251'),
(59, 'en', '', 'tom', 'tom@hotmail.com', 2, 1, NULL, NULL, NULL, 2804, NULL, NULL, '+1', '9963636996', '$2y$10$ulLzhdU.U1Q50pEbXy15nuqZcoUTh/.4ed24qEL9L4zaqzOTpxShu', NULL, 0, NULL, 0, NULL, NULL, NULL, NULL, NULL, NULL, NULL, 1, 1, NULL, 3, 0, NULL, 2, NULL, '', '', NULL, 2, NULL, NULL, NULL, 1, NULL, NULL, 0, NULL, '2019-05-10 07:31:25', '2019-05-10 07:31:30', NULL, ''),
(63, 'en', '', 'tuom', 'zoe@mailinator.com', 1, 1, NULL, NULL, NULL, 8268, NULL, NULL, '+1', '2252525252', '$2y$10$GDRm3rrzK6miIM54GLaYIeqmJlZJRA7Iff66EtnjFH4d/km5YDUOG', NULL, 0, NULL, 0, NULL, NULL, NULL, NULL, NULL, NULL, NULL, 1, 1, NULL, 3, 0, NULL, 2, NULL, '', '', NULL, 2, NULL, NULL, NULL, 1, NULL, NULL, 0, NULL, '2019-05-10 07:34:06', '2019-05-10 07:35:04', NULL, ''),
(64, 'en', '', 'GHJ', 'ghj@mailinator.com', 1, 1, NULL, NULL, '2019-05-09 19:47:43', NULL, NULL, NULL, '+1', '4578895625', '$2y$10$ygRpZJCmvhl8DNc7RspCzef0AvKO267v2QIxEHPlk.Hi/OfvdtW/m', NULL, 0, NULL, 0, NULL, NULL, NULL, NULL, NULL, NULL, NULL, 1, 1, NULL, 3, 0, NULL, 2, NULL, '', '', NULL, 2, NULL, NULL, NULL, 1, NULL, NULL, 0, NULL, '2019-05-10 07:47:06', '2019-05-10 07:47:43', NULL, ''),
(70, 'en', '', 'John', 'johsdsn@mailinator.com', 1, 1, NULL, NULL, NULL, 3602, NULL, NULL, '+91', '123456789', '$2y$10$wVPzeVMQ0QK8GtjWqQR6p.BdjW3if5ZKyuSq6SzZDhQ8SmmGKNSx.', NULL, 0, NULL, 0, NULL, NULL, NULL, NULL, NULL, NULL, NULL, 1, 1, NULL, 3, 0, NULL, 2, NULL, '', '', NULL, 2, NULL, NULL, NULL, 1, NULL, NULL, 0, NULL, '2019-05-10 08:01:14', '2019-05-10 08:01:17', NULL, ''),
(73, 'en', 'Marsal', 'john Carten', 'johnC@mailinator.com', 1, 1, NULL, 36, '2019-05-09 20:03:48', NULL, NULL, NULL, '+91', '123456789', '$2y$10$M87FwdDRMwhBIphzPnD33.7gDDLcDg/J2.AIJ3rSl8XlF/HPi4DKG', NULL, 0, '6.2', 0, 'Brown', 'Black', 'Post Graduate', 'SE/ Xicom', 'LFGH', 'Cristen', 'Dsfsd', 1, 1, 1, 3, 1, NULL, 2, NULL, '', '', NULL, 2, NULL, NULL, NULL, 1, NULL, NULL, 0, NULL, '2019-05-10 08:03:07', '2019-05-10 08:05:37', NULL, ''),
(79, 'en', '', 'MKK', 'jmkl@mailinator.com', 1, 1, NULL, NULL, NULL, 1134, NULL, NULL, '+91', '123456123', '$2y$10$.HfJa98w/gbzmCgC6DPEbuaBiQzMvzdOBvoXqfmIP4MJKr2vgEhwa', NULL, 0, NULL, 0, NULL, NULL, NULL, NULL, NULL, NULL, NULL, 1, 1, NULL, 3, 0, NULL, 2, NULL, '', '', NULL, 2, NULL, NULL, NULL, 1, NULL, NULL, 0, NULL, '2019-05-10 08:20:25', '2019-05-10 08:20:28', NULL, ''),
(80, 'en', 'HHG', 'GHhJ', 'njk@mailinator.com', 1, 1, NULL, 22, '2019-05-09 20:27:18', NULL, NULL, NULL, '+1268', '1234567', '$2y$10$F3L/nOo.9039SG6QpathhO/TmU/BEog04jCHbLpSBBD/QJP9nU8sq', NULL, 0, '45', 0, NULL, NULL, NULL, NULL, NULL, NULL, 'About me', 1, 1, 1, 3, 1, NULL, 2, NULL, '', '', NULL, 2, NULL, NULL, NULL, 1, NULL, NULL, 0, NULL, '2019-05-10 08:26:26', '2019-05-10 08:27:48', NULL, ''),
(81, 'en', 'Abhishek', 'abhi122', 'abhi111@yopmail.com', 1, 1, NULL, NULL, NULL, 8657, NULL, NULL, '9632587410', '9632587410', '$2y$10$OOtHH4xeVwL2IqvcSAM8T.2q8I6JSGgoe.tSNtzAlueDqIcrKFwwe', NULL, 0, NULL, 0, NULL, NULL, NULL, NULL, NULL, NULL, NULL, 1, 1, NULL, 3, 0, NULL, 2, NULL, '', '', NULL, 2, NULL, NULL, NULL, 1, NULL, NULL, 0, NULL, '2019-05-10 08:33:49', '2019-05-10 08:33:50', NULL, ''),
(82, 'en', NULL, 'DG', 'fg@mailinator.com', 1, 1, NULL, 20, '2019-05-09 20:34:55', NULL, NULL, NULL, '+1', '123456789', '$2y$10$A4tgu76WYGE8GFbLXxZKfe6545COzSkiFswXTj9.bm5qEyo1gnoqi', NULL, 0, NULL, 0, NULL, NULL, NULL, NULL, NULL, NULL, 'About me', 1, 1, 1, 3, 1, NULL, 2, NULL, '', '', NULL, 2, NULL, NULL, NULL, 1, NULL, NULL, 0, NULL, '2019-05-10 08:34:29', '2019-05-10 08:35:09', NULL, ''),
(83, 'en', 'John', 'John Marsal', 'johnM@mailinator.com', 1, 1, NULL, 18, '2019-05-09 20:37:42', NULL, NULL, NULL, '+91', '5623895645', '$2y$10$Gftl/Mx4To4dUVz.FqX/c.t9q7l/9qqdq.CiQZHgqAH6ljAAxfJDC', NULL, 0, NULL, 0, 'Black', 'Brown', 'Graduate', 'SE/Xicom', NULL, 'Cr', 'Dteret', 1, 1, 1, 3, 1, NULL, 2, '1557497473.png', '', '', NULL, 2, NULL, NULL, NULL, 1, NULL, NULL, 0, NULL, '2019-05-10 08:37:20', '2019-05-10 08:41:13', NULL, ''),
(84, 'en', 'vishal', 'vishal2', 'vs1@gmail.com', 1, 1, NULL, 20, '2019-05-12 23:20:07', NULL, NULL, NULL, '+1', '64596896464', '$2y$10$9hgNNIbGzScUNxj9TOCI6.APlmhSRa0lQmjiz9ZfKTWRr3Cp6xUou', 'Daily Activities, No Expectation,', 0, '45', NULL, 'ihkj', 'khjkjh', 'London', 'Football', 'kjh', NULL, 'Primarily playing as anattacking midfielderand as awide midfielder, Hazard is known for his creativity, speed,dribblingand excellent passing.[4][5]He has earned critical acclaim for hishhhhhfadfipuodfkjsdjfksadkjlfjksdafk adsjfkladsjfkdasjfdsakfjasdhsadiotqwe sad\nfioasdj\nfkladsjf get\nkasdf as\nfkladsjf\nadksfads\nkfjadsiofuasdio\nfuqweiorui\nvjiuafjsadfioqewurioewqujfjasdkl;f', 1, 1, 1, 3, 1, NULL, 1, '1557985550.png', '', '', 'hindi', 2, NULL, NULL, NULL, 1, NULL, NULL, 0, NULL, '2019-05-12 23:19:23', '2019-06-10 01:42:11', NULL, '92750069'),
(85, 'en', '', 'Rohit Kumar', 'rohit@gmail.com', 1, 1, NULL, NULL, NULL, 8451, NULL, NULL, '+91', '8279489679', '$2y$10$LjzxAn7OXBUGKorpU6i9EeNRqSXnEuzkrTkCDQFAV6Qdr46VuNp5C', NULL, 0, NULL, 0, NULL, NULL, NULL, NULL, NULL, NULL, NULL, 1, 1, NULL, 3, 0, NULL, 2, NULL, '', '', NULL, 2, NULL, NULL, NULL, 1, NULL, NULL, 0, NULL, '2019-05-13 01:11:40', '2019-05-13 01:12:33', NULL, ''),
(86, 'en', '', 'Rohit', 'rohit.kumar@xicom.biz', 1, 1, NULL, NULL, '2019-05-13 01:20:31', NULL, NULL, NULL, '+91', '8279489649', '$2y$10$QUO41y/wR1V4AsrmwPxJY.JNjPE0EgoGg5RURYV4SKI2ozzKOfmmG', NULL, 0, NULL, 0, NULL, NULL, NULL, NULL, NULL, NULL, NULL, 1, 1, NULL, 3, 0, NULL, 2, NULL, '', '', NULL, 2, NULL, NULL, NULL, 1, NULL, NULL, 0, NULL, '2019-05-13 01:14:48', '2019-05-13 01:20:31', NULL, ''),
(87, 'en', 'Rohit Kumar', 'rke', 'rohitku.prajapati@gmail.com', 1, 2, '111307508972604779539', 23, '2019-05-13 05:24:38', NULL, NULL, NULL, '+91', '8279489679', NULL, NULL, 0, '12', 0, 'black', 'black', 'graduate', 'xicom', 'workout', 'hindu', 'Erewr', 1, 1, 1, 3, 1, NULL, 2, NULL, '', '', NULL, 2, NULL, NULL, NULL, 1, NULL, NULL, 0, NULL, '2019-05-13 01:32:25', '2019-05-13 05:24:38', NULL, ''),
(88, 'en', 'vishal', 'vishal4', 'vsf2@gmial.com', 1, 1, NULL, 19, '2019-05-13 02:08:15', NULL, NULL, NULL, '+1', '6496464654897', '$2y$10$a3M1xIxPN9lWI3/DRG9gAeVUc6vtIxhqIqj01/aW80LxKKIbL9Wre', NULL, 0, '40', 0, 'lkjlkj', 'lkjlj', 'lojk', 'lkj', 'lkjlkj', 'android.support.v7.widget.AppCompatEditText{f416b87 VFED..CL. ........ 13,13-983,112 #7f0a0183 app:id/religionET}', 'lkj', 1, 1, 1, 3, 1, NULL, 1, NULL, '', '', NULL, 2, NULL, NULL, NULL, 1, NULL, NULL, 0, NULL, '2019-05-13 02:07:36', '2019-05-13 02:09:35', NULL, ''),
(89, 'en', 'dfdf', 'vishal6', 'vsf4@gmail.com', 1, 1, NULL, 21, '2019-05-13 02:12:45', NULL, NULL, NULL, '+1', '465646466487', '$2y$10$Vs3W2i5a6cp0VKv9czhnruGGvR8UVD8RxOnNosgmtEUqfdpfP/Dq6', NULL, 0, 'khkjh', 0, 'kjhkjh', 'kjhoiu', 'oiu', 'hkjhkjh', 'khjh', 'kjhkjh', 'khkjh', 1, 1, 1, 3, 1, NULL, 1, NULL, '', '', NULL, 2, NULL, NULL, NULL, 1, NULL, NULL, 0, NULL, '2019-05-13 02:12:26', '2019-05-13 02:13:19', NULL, ''),
(90, 'en', 'Rohit Kumar', 'Rohitr', 'rohitku.pra@gmail.com', 1, 2, '109818246920384786076', NULL, '2019-05-13 04:49:09', NULL, NULL, NULL, '+1', '8528528529', NULL, NULL, 0, NULL, 0, NULL, NULL, NULL, NULL, NULL, NULL, NULL, 1, 1, NULL, 3, 0, NULL, 2, NULL, '', '', NULL, 2, NULL, NULL, NULL, 1, NULL, NULL, 0, NULL, '2019-05-13 04:35:31', '2019-05-13 04:49:09', NULL, ''),
(91, 'en', 'vishal', 'vishal8', 'vs8@gmail.com', 1, 1, NULL, 21, '2019-05-13 05:10:25', NULL, NULL, NULL, '+1', '1345689752', '$2y$10$2uzA7sCbkBd1Fwa7l2Sb1.O0ruRvHRXZX38pvEgF55lIbELl1wnGa', NULL, 0, '46', 0, 'jokml', 'hiuj', 'kljh', 'this is my job', 'jklj', NULL, 'kjjhijhihfisjlmvlksdjiom ojfo', 1, 1, 1, 3, 1, NULL, 1, NULL, '', '', NULL, 2, NULL, NULL, NULL, 1, NULL, NULL, 0, NULL, '2019-05-13 05:10:07', '2019-05-13 05:11:19', NULL, ''),
(92, 'en', 'Lidwin', 'reckstar', 'lidwin13@gmail.com', 1, 3, 'mCTmNlzTjZdwxyg2xlmS5Rd8z1g1', 20, '2019-06-10 04:32:15', NULL, NULL, NULL, '+91', '9969585366', NULL, NULL, 0, 'ty', 0, NULL, NULL, 'jzdkj', 'jkks', NULL, NULL, 'nnm', 1, 1, 1, 3, 1, NULL, 1, '1559713681.png', '', '', 'Hindi', 2, NULL, NULL, NULL, 1, NULL, NULL, 0, NULL, '2019-05-14 04:16:04', '2019-06-10 04:32:15', NULL, '92961388'),
(93, 'en', 'Anil Thakur', 'rohitb', 'anil.xicom@gmail.com', 1, 3, '100875460123046140750', NULL, '2019-05-14 05:08:22', NULL, NULL, NULL, '+91', '8279489679', NULL, NULL, 0, NULL, 0, NULL, NULL, NULL, NULL, NULL, NULL, NULL, 1, 1, NULL, 3, 0, NULL, 2, NULL, '', '', NULL, 2, NULL, NULL, NULL, 1, NULL, NULL, 0, NULL, '2019-05-14 05:08:22', '2019-05-14 05:08:39', NULL, ''),
(94, 'en', 'Tiya Khanna', NULL, 'khannatiya', NULL, 2, '1507939209', NULL, '2019-05-15 04:27:25', NULL, NULL, NULL, NULL, NULL, NULL, NULL, 0, NULL, 0, NULL, NULL, NULL, NULL, NULL, NULL, NULL, 1, 1, NULL, 3, 0, NULL, 2, NULL, '', '', NULL, 2, NULL, NULL, NULL, 1, NULL, NULL, 0, NULL, '2019-05-15 01:23:18', '2019-05-15 04:27:25', NULL, ''),
(95, 'en', 'rohit', 'rohir1', 'dev.rohitrke@gmail.com', 1, 3, '104036530130163139817', 20, '2019-05-15 05:06:01', NULL, NULL, NULL, '+1', '85236445882', NULL, NULL, 0, '40', 0, 'nshh', 'dheh', 'shsg', 'bashh', 'hags', 'shrk', 'Stshsjk', 1, 1, 1, 3, 1, NULL, 2, NULL, '', '', NULL, 2, NULL, NULL, NULL, 1, NULL, NULL, 0, NULL, '2019-05-15 05:06:01', '2019-05-15 05:07:34', NULL, ''),
(96, 'en', 'Akhil', 'akhil', 'iamakhilsharma@gmail.com', 1, 2, '1888239897947717', 24, '2019-05-20 19:55:17', NULL, NULL, NULL, '+91', '7814817171', NULL, NULL, 0, NULL, 0, NULL, NULL, NULL, NULL, NULL, NULL, 'test', 1, 1, 1, 3, 1, NULL, 1, NULL, '', '', NULL, 2, NULL, NULL, NULL, 1, NULL, NULL, 0, NULL, '2019-05-16 01:23:20', '2019-05-21 07:55:17', NULL, ''),
(97, 'en', 'vishal', 'vishal1', 'vsf2@gmail.com', 1, 1, NULL, 17, '2019-05-16 01:34:30', NULL, NULL, NULL, '+1', '654654674774', '$2y$10$t0ZUdhJoUgNhOaFmSLmizerQaz22ecR2nWpEkTi4APlMhiew19FSy', NULL, 0, 'kh', 0, 'kjh', 'kjhkj', 'kjh', 'kjh', 'kh', NULL, 'hkjh', 1, 1, 1, 3, 1, NULL, 1, NULL, '', '', NULL, 2, NULL, NULL, NULL, 1, NULL, NULL, 0, NULL, '2019-05-16 01:34:04', '2019-05-24 06:35:11', NULL, ''),
(98, 'en', 'vishu', 'vishal10', 'vs3@gmail.com', 1, 1, NULL, 18, '2019-05-16 03:54:28', NULL, NULL, NULL, '+1', '5456456464', '$2y$10$X8Ifqgw4xFCJ4HHw1g8Bpuff8h1.GnFC//6nOvzmHutHCi08jwPdm', NULL, 0, 'khjkj', 0, 'hkjh', 'kh', 'kh', 'jkh', 'hh', NULL, 'khjkj', 1, 1, 1, 3, 1, NULL, 1, NULL, '', '', NULL, 2, NULL, NULL, NULL, 1, NULL, NULL, 0, NULL, '2019-05-16 03:54:06', '2019-05-28 01:03:09', NULL, ''),
(99, 'en', 'Test', 'test', 'test21@mailinator.com', 1, 1, NULL, 21, '2019-05-16 06:21:07', NULL, NULL, NULL, '+1', '', '$2y$10$KOLFXUEMVeiN91UueSQBv.1syQHF4GjrNLBNbdhGK5zc0OM0Ss/2m', NULL, 0, NULL, 0, NULL, NULL, NULL, NULL, NULL, NULL, NULL, 1, 1, 1, 3, 1, NULL, 1, NULL, '', '', NULL, 2, NULL, NULL, NULL, 1, NULL, NULL, 0, NULL, '2019-05-16 06:20:23', '2019-05-16 06:21:47', NULL, ''),
(100, 'en', 'Testt', 'testt', 'test22@mailinator.com', 1, 1, NULL, 21, '2019-05-16 06:34:06', NULL, NULL, NULL, '+1', '', '$2y$10$KOLFXUEMVeiN91UueSQBv.1syQHF4GjrNLBNbdhGK5zc0OM0Ss/2m', NULL, 0, NULL, 0, NULL, NULL, NULL, NULL, NULL, NULL, NULL, 1, 1, 1, 3, 1, NULL, 1, NULL, '', '', NULL, 2, NULL, NULL, NULL, 1, NULL, NULL, 0, NULL, '2019-05-16 06:33:49', '2019-05-16 06:35:31', NULL, ''),
(101, 'en', 'test3', 'test3', 'test23@mailinator.com', 1, 1, NULL, 20, '2019-05-16 06:50:31', NULL, NULL, NULL, '+1', '', '$2y$10$RH5hJw63tqEdee67RdPASu2jm3a117BuFGhZHeN1Q2X/Eajlt.9Ki', NULL, 0, NULL, 0, NULL, NULL, NULL, NULL, NULL, NULL, NULL, 1, 1, 1, 3, 1, NULL, 1, NULL, '', '', NULL, 2, NULL, NULL, NULL, 1, NULL, NULL, 0, NULL, '2019-05-16 06:50:06', '2019-06-06 23:58:44', NULL, '93090950'),
(104, 'en', 'Vishal', 'vishal3', 'sainivishal163@gmail.com', 2, 2, '1281010462051355', 20, '2019-05-30 06:30:20', NULL, NULL, NULL, '+1', '54465456', NULL, NULL, 0, ',mn', 0, ',mn', ',mn', 'no,m', 'no,mn', 'no,m', NULL, 'ghghg', 1, 1, 2, 3, 1, NULL, 1, NULL, '', '', NULL, 2, NULL, NULL, NULL, 1, NULL, NULL, 0, NULL, '2019-05-20 01:30:27', '2019-05-30 06:30:23', NULL, '92750029'),
(105, 'en', 'Tiya Khanna', 'ASHLe', 'mgkl@mailinator.com', 1, 4, '1507939209', 14, '2019-05-20 02:02:28', NULL, NULL, NULL, NULL, NULL, NULL, NULL, 0, NULL, 0, NULL, NULL, NULL, NULL, NULL, NULL, 'About me', 1, 1, 1, 3, 1, NULL, 2, '1558344951.png', '', '', NULL, 2, NULL, NULL, NULL, 1, NULL, NULL, 0, NULL, '2019-05-20 01:32:00', '2019-06-03 01:46:33', NULL, '92909883'),
(106, 'en', 'Vishal Saini', 'vishalinsta1', 'vs11@gmail.com', 2, 4, '4142674495', 15, NULL, NULL, NULL, NULL, '+1', '45454545421', NULL, NULL, 0, 'hghq', 0, 'tht', 'tghg', 'fgfg', 'fgfg', 'hfghhq', NULL, 'hgfhg', 1, 1, 2, 3, 1, NULL, 1, NULL, '', '', NULL, 2, NULL, NULL, NULL, 1, NULL, NULL, 0, NULL, '2019-05-20 01:32:15', '2019-05-20 01:33:05', NULL, ''),
(107, 'en', 'Xicom Test', 'Muskan', 'muskan@mailinator.com', 1, 4, '198805087', 29, '2019-05-20 07:08:49', NULL, NULL, NULL, NULL, NULL, NULL, NULL, 0, NULL, 0, NULL, NULL, NULL, NULL, NULL, NULL, 'About me', 1, 1, 1, 3, 1, NULL, 2, NULL, '', '', NULL, 2, NULL, NULL, NULL, 1, NULL, NULL, 0, NULL, '2019-05-20 07:00:01', '2019-05-23 05:33:58', NULL, ''),
(108, 'en', 'Micheal Johns', 'KLDS', 'xicomtest04@gmail.com', 1, 2, '2294658150783061', 40, '2019-06-03 19:51:34', NULL, NULL, NULL, NULL, NULL, NULL, NULL, 0, NULL, 0, NULL, NULL, NULL, NULL, NULL, NULL, 'About me', 1, 1, 1, 3, 1, NULL, 2, NULL, '', '', NULL, 2, NULL, NULL, NULL, 1, NULL, NULL, 0, NULL, '2019-05-20 23:02:54', '2019-06-04 07:51:34', NULL, '92789163'),
(109, 'de', 'July', 'July', 'juliagiacalone@yahoo.de', 2, 1, NULL, 22, '2019-05-21 05:56:57', NULL, NULL, NULL, '+49', '', '$2y$10$Rr1yyxv5R8glSE8orYRiI.MS3LVeCK1ChcMV1Wze3Ew1nt1B2G6P.', NULL, 0, '170', 0, 'blue', NULL, NULL, NULL, NULL, NULL, NULL, 1, 1, 2, 3, 1, NULL, 1, NULL, '', '', NULL, 2, NULL, NULL, NULL, 1, NULL, NULL, 0, NULL, '2019-05-21 05:56:04', '2019-05-21 06:02:35', NULL, ''),
(110, 'de', 'Felix Barth', 'flex', 'colognedog777@gmail.com', 1, 1, NULL, 25, '2019-05-20 23:37:19', NULL, NULL, NULL, '+49', '1746082989', '$2y$10$pDixcsH6SaG8N8B44bXfTuuTF6hglRf0kz1jd21ZMOcBZLJh1Zu02', NULL, 0, '185', 0, 'brown', 'black', 'super', 'myself', 'enjoy life', NULL, NULL, 1, 1, 1, 3, 1, NULL, 1, NULL, '', '', NULL, 2, NULL, NULL, NULL, 1, NULL, NULL, 0, NULL, '2019-05-21 11:35:43', '2019-05-21 11:44:55', NULL, ''),
(111, 'en', 'fbh', 'fhh', 'lidwin.cleetus@xicom.biz', 1, 1, NULL, 20, '2019-05-24 04:07:01', NULL, NULL, NULL, '+91', '9868586534', '$2y$10$zMNjF9cBfKUf/.4bLI.h2u0pOsq7BWBfPmntBzxGEy/sCDhbxjO8q', NULL, 0, NULL, 0, NULL, NULL, NULL, NULL, NULL, NULL, NULL, 1, 1, 1, 3, 1, NULL, 1, NULL, '', '', NULL, 2, NULL, NULL, NULL, 1, NULL, NULL, 0, NULL, '2019-05-24 04:06:23', '2019-05-24 04:08:59', NULL, ''),
(112, 'en', 'Vishal sss', 'visahl12', 'vs12@gmail.com', 3, 1, NULL, 18, '2019-05-24 05:47:26', NULL, NULL, NULL, '+91', '65464764654', '$2y$10$mu5JUdeX.MWHfE5C7hm3I.6EQJTtfO61DgCIAv7.m3RrlLj3xozPi', NULL, 0, '5554', 0, NULL, NULL, 'khkjh', 'jkhkj', 'hjhk', NULL, 'a jhjk FFF DF degree ere rwrew a a', 1, 1, 3, 3, 1, NULL, 1, '1558697804.png', '', '', NULL, 2, NULL, NULL, NULL, 1, NULL, NULL, 0, NULL, '2019-05-24 05:47:09', '2019-05-24 06:06:44', NULL, ''),
(113, 'en', 'khaleesi', 'khal drogo', 'khaleesi@mailinator.com', 2, 1, NULL, 21, '2019-05-28 01:58:54', NULL, NULL, NULL, '+91', '9969363232', '$2y$10$dNuU813cAPZ51KGJpIeq6eZNL2iZHzECvxyccWQBl5mi6ndI6bSyi', NULL, 0, NULL, 0, NULL, NULL, NULL, NULL, NULL, NULL, 'I love dragons', 1, 1, 2, 3, 1, NULL, 1, NULL, '', '', NULL, 2, NULL, NULL, NULL, 1, NULL, NULL, 0, NULL, '2019-05-28 01:58:37', '2019-05-28 02:00:13', NULL, ''),
(114, 'en', 'Gaurav', 'subhash@gmail.com', 'xicomtest12@gmail.com', 1, 3, '109096629095633710546', 20, '2019-05-30 07:00:18', NULL, NULL, NULL, '+91', '8375884881', NULL, NULL, 0, '12', 0, NULL, NULL, 'ans', 'shsh', NULL, NULL, 'asgdjdjdj dhdndb', 1, 1, 1, 3, 1, NULL, 1, '1559219563.png', '', '', NULL, 2, NULL, NULL, NULL, 1, NULL, NULL, 0, NULL, '2019-05-30 06:58:56', '2019-05-30 07:02:43', NULL, '92751092'),
(115, 'en', 'Xien Lua', 'ajay', 'xicomtest11@gmail.com', 1, 3, '104672601682824780059', 6, '2019-06-05 02:26:46', NULL, NULL, NULL, NULL, NULL, NULL, NULL, 0, NULL, 0, NULL, NULL, NULL, NULL, NULL, NULL, 'Hin iansmmalajolsmddb', 1, 1, 3, 3, 1, NULL, 2, '1559555573.png', '', '', NULL, 2, NULL, NULL, NULL, 1, NULL, NULL, 0, NULL, '2019-06-03 01:32:26', '2019-06-05 02:26:46', NULL, '92909574'),
(116, 'en', 'Ashish Singh', 'Ashish', 'ashish1xicom@gmail.com', 1, 3, '113459739028465254420', 8, '2019-06-04 19:59:38', NULL, NULL, NULL, NULL, NULL, NULL, NULL, 0, '777', 0, NULL, NULL, 'ghhj', 'hhhhhh', NULL, NULL, 'About me', 1, 1, 1, 3, 1, NULL, 2, '1559741504.png', '', '', 'ggg', 2, NULL, NULL, NULL, 1, NULL, NULL, 0, NULL, '2019-06-04 07:35:31', '2019-06-05 08:01:44', NULL, '92961400'),
(117, 'en', 'Lkm Fbd', 'FBD', 'fbdlkm@gmail.com', 1, 2, '108673503727354', 5, '2019-06-06 23:17:30', NULL, NULL, NULL, NULL, NULL, NULL, NULL, 0, NULL, 0, NULL, NULL, NULL, NULL, NULL, NULL, 'About me', 1, 1, 1, 3, 1, NULL, 2, NULL, '', '', NULL, 2, NULL, NULL, NULL, 1, NULL, NULL, 0, NULL, '2019-06-04 08:13:33', '2019-06-06 23:17:30', NULL, '92962334'),
(118, 'en', '', 'MTL', 'mtl@mailinator.com', 1, 1, NULL, NULL, '2019-06-05 02:30:21', NULL, NULL, NULL, '+1', '', '$2y$10$2XFyTnzLqwycDYgODrnbP.vl6TFT/kFo2pCDSN8j6Kgb3bdjZyXFq', NULL, 0, NULL, 0, NULL, NULL, NULL, NULL, NULL, NULL, NULL, 1, 1, NULL, 3, 0, NULL, 2, NULL, '', '', NULL, 2, NULL, NULL, NULL, 1, NULL, NULL, 0, NULL, '2019-06-05 02:29:47', '2019-06-05 02:30:23', NULL, '92995707'),
(119, 'en', NULL, 'romanov', 'lidwin.cleetus@xicom.biz', 1, 1, NULL, 26, '2019-06-05 03:35:40', NULL, NULL, NULL, '+91', '98653269', '$2y$10$RW/Wp/tBrxCgr4EWFTRbH.IPJeAdkbRJYtTpeWgGPnbSBiqdMDGYq', NULL, 0, '34', 0, NULL, NULL, 'thailand', 'project', 'alel', NULL, 'Primarily playing as an attacking midfielder and as a wide midfielder, Hazard is known for his creativity, speed, dribbling and excellent passing.[4][5] He has earned critical acclaim for his playing style, with the media, coaches, and players drawing comparisons to Ballon d\'Or winners Lionel Messi and Cristiano Ronaldo,[6][7][8][9] and Hazard is widely considered one of the best players in the world.[10][11][12][13][14]\n\nHazard is the son of two former footballers and began his career in Belgium playing for local youth clubs. In 2005, he moved to France where he began his senior career, joining first division club Lille. Hazard spent two years in the club\'s academy and, at the age of 16, made his professional debut in November 2007. He went on to become an integral part of the Lille team under manager Rudi Garcia, racking up over 190 appearances. In his first full season as a starter, he won the National Union of Professional Footballers (UNFP) Young Player of the Year award, becoming the first non-French player to win the award.[15] In the 200910 season, Hazard captured the award again, becoming the first player to win the award twice.[16] He was also named to the league\'s Team of the Year.', 1, 1, 3, 3, 1, NULL, 2, '1559725939.png', '', '', NULL, 2, NULL, NULL, NULL, 1, NULL, NULL, 0, NULL, '2019-06-05 03:34:57', '2019-06-05 03:43:58', NULL, '92997712'),
(120, 'en', 'Uma kusum', 'Elina', 'elina@mailinator.com', 2, 1, NULL, 21, '2019-06-05 04:53:59', NULL, NULL, NULL, '+1', '', '$2y$10$zOA3SZjlg3aaq4NRXhAey.WYzT3vCKBeYL9TqyAEwLWLRmgaOEM4S', NULL, 1, '23', 3, NULL, NULL, 'Shimla', 'XXXCMCA', 'GHgj', NULL, 'DF gdf', 1, 1, 1, 3, 1, NULL, 2, '1559818789.png', '42', '42', 'English', 2, NULL, NULL, NULL, 1, NULL, NULL, 0, NULL, '2019-06-05 04:53:43', '2019-06-06 05:29:49', NULL, '93002065'),
(121, 'en', 'rtyuja', 'moriarity', 'lidwin.cleetus@xicom.biz', 1, 1, NULL, 34, '2019-06-05 06:26:40', NULL, NULL, NULL, '+91', '2252363252', '$2y$10$U3jbJICfSHZ3Y5eOEnyEoOv86t6/ZWjjeWcv9wx0fJRuyxfJdZRgG', NULL, 0, '45', 0, NULL, NULL, 'thailand', 'romco', 'sleeping', NULL, 'Hazard was instrumental in Baku, scoring a second-half brace as Chelsea beat Arsenal 4-1 to win the trophy, but the match may have been his last for the club, with Real Madrid expected to sign the 28-year-old forward this summer.\n\nAsked about his future after Chelseas victory, Hazard said: I have made my decision already and now Im waiting on both clubs, like you wait and the fans wait. You will know in a couple of days.\n\nHowever, one week on from the final, there has be no official announcement over Hazards future. Chelsea are still holding out for a fee of 130m (115m) for the Belgian, while Madrid are hopeful of landing him for around 100m (89m).', 1, 1, 3, 3, 1, NULL, 2, '1559736221.png', NULL, NULL, NULL, 2, NULL, NULL, NULL, 1, NULL, NULL, 0, NULL, '2019-06-05 06:26:05', '2019-06-05 06:33:41', NULL, ''),
(122, 'en', 'jjin', 'bhun', 'lidwin.cleetus@xicom.biz', 1, 1, NULL, 22, '2019-06-04 20:45:21', NULL, NULL, NULL, '+91', '36363636363', '$2y$10$BT2J1N5uatzWX0LZMCqHPu.pjvKNSL.1vjfrkbJ5CRRB0T4XvYfbO', NULL, 0, '23', 0, NULL, NULL, 'Thailand', 'ghajbw', 'bajak', NULL, 'b kdkdkdkdkdlel', 1, 1, 1, 3, 1, NULL, 1, NULL, NULL, NULL, NULL, 2, NULL, NULL, NULL, 1, NULL, NULL, 0, NULL, '2019-06-05 08:44:49', '2019-06-05 08:48:20', NULL, ''),
(123, 'en', 'Lydia Scott', 'lydiabscott', 'lydia.wscott@hotmail.com', 2, 2, '2414535085484864', 18, '2019-06-07 04:58:33', NULL, NULL, NULL, '+44', '7455276814', NULL, NULL, 0, '8', 0, NULL, NULL, 'Croatia', 'Bar assistant', NULL, NULL, 'About me', 1, 1, 3, 3, 1, NULL, 2, NULL, NULL, NULL, NULL, 2, NULL, NULL, NULL, 1, NULL, NULL, 0, NULL, '2019-06-05 09:22:35', '2019-06-07 16:58:33', NULL, '93009148'),
(125, 'en', 'moreia', 'Chelsea', 'lidwin.cleetus@xicom.biz', 1, 1, NULL, 25, '2019-06-06 07:19:52', NULL, NULL, NULL, '+91', '88585858555', '$2y$10$u9ClytIUObbU4NnjKB8/setJnKH9Y84IXEXJbsNV5NUJVOFCx/C0q', 'Friendship', 3, '23', 4, NULL, NULL, 'tahil', 'pm', 'reading', NULL, 'The other two central midfield positions will be held by Ruben Loftus-Cheek and Mason Mount. Ruben Loftus-Cheek solidified his place in any Chelsea XI next season through his stellar play this season. Loftus-Cheek is the goalscoring midfielder for whom Chelsea has been searching for awhile. His elusiveness and skill on the ball makes him an ideal Santo midfielder.\n\nOne of the staples of Santos style of play is his triangular passing lanes. Almost all ball movement in the midfield creates triangles, meaning the two central attacking midfielders must be able to make slicing off-ball runs. Loftus-Cheek is the best Chelsea midfielder for that job\n\nThe other two central midfield positions will be held by Ruben Loftus-Cheek and Mason Mount. Ruben Loftus-Cheek solidified his place in any Chelsea XI next season through his stellar play this season. Loftus-Cheek is the goalscoring midfielder for whom Chelsea has been searching for awhile. His elusiveness and skill on the ball makes him an ideal Santo midfielder.\n\nOne of the staples of Santos style of play is his triangular passing lanes. Almost all ball movement in the midfield creates triangles, meaning the two central attacking midfielders must be able to make slicing off-ball runs. Loftus-Cheek is the best Chelsea midfielder for that job', 1, 1, 1, 3, 1, NULL, 1, NULL, NULL, NULL, NULL, 2, NULL, NULL, NULL, 1, NULL, NULL, 0, NULL, '2019-06-06 07:18:52', '2019-06-06 07:20:33', NULL, ''),
(126, 'en', 'lovepush', 'Love Push', 'lovepush.app@gmail.com', 1, 4, '14273783417', 22, '2019-06-06 23:37:10', NULL, NULL, NULL, NULL, NULL, NULL, NULL, 1, '5.5', 1, NULL, NULL, 'SDFL', 'SW', 'NAKSDAS', NULL, 'Fdsg dfgds gdf', 1, 1, 1, 3, 1, NULL, 2, '1559884330.png', NULL, NULL, 'English', 2, NULL, NULL, NULL, 1, NULL, NULL, 0, NULL, '2019-06-06 23:35:05', '2019-06-06 23:42:10', NULL, '93090395'),
(129, 'en', 'bon', 'Robert', 'lidwin.cleetus@xicom.biz', 1, 1, NULL, 24, '2019-06-10 04:39:42', NULL, NULL, NULL, '+91', '9868586534', '$2y$10$Y9wHOTu.CiNfNEgbKGk3OO4Xz9PGs0rvBE5J1kzHt5YJxRTtcaBhu', 'Friendship,Daily Activities', 0, '55', NULL, NULL, NULL, 'hishej', 'bjsjs', 'reading', NULL, 'communities.Keralahas a reputation of being, communally, one of the most religiously diverse states in India. According to 2011Census of Indiafigures, 54.73% of Kerala\'s population areHindus, 26.56% are Muslims, 18.38% areChristians, and the remaining 0.32% follows other religions or no religion.[2]\n\nVarious tribal people in Kerala have retained the religious beliefs of their ancestors.Hindusconstitute the majority in all districts exceptMalappuram, where they are outnumbered by Muslims.[3]As of 2016,Hindus,Muslims,Christiansand others account for 41.88%, 42.55%, 15.35% and 0.22% of the total child births in the state, respectively.[4]Consequently, Kerala\'s religious landscape is set to diversify further in the future.', 1, 1, 1, 3, 1, NULL, 1, NULL, NULL, NULL, NULL, 2, NULL, NULL, NULL, 1, NULL, NULL, 0, NULL, '2019-06-10 04:39:10', '2019-06-10 04:41:51', NULL, ''),
(132, 'en', 'subhash', 'subhash', 'subhash.verma@xicom.biz', 1, 1, NULL, NULL, NULL, 3829, NULL, NULL, '+91', '124567891', '$2y$10$frzWzc0OUx2phkxYlRpLse6CxN6MzPzwxqee5gjxzHYS14V0Ix6B2', NULL, NULL, NULL, NULL, NULL, NULL, NULL, NULL, NULL, NULL, NULL, 1, 1, NULL, 3, 0, NULL, 1, NULL, NULL, NULL, NULL, 2, NULL, NULL, NULL, 1, NULL, NULL, 0, NULL, '2019-06-11 01:46:31', '2019-06-11 01:46:31', NULL, ''),
(133, 'en', 'subhash', 'subhash', 'subhash.verma@xicom.biz', 1, 1, NULL, 20, '2019-06-11 01:47:08', NULL, NULL, NULL, '+91', '124567891', '$2y$10$JDJ/OskkKXanjcNf3kgIUuRj41w8oPHpsFOocBiQQC9F0N8koWCci', 'Relationship, Friendship, Daily Activities,', 1, '1234', 3, NULL, NULL, 'london', 'dsfa', 'dsfasd', NULL, 'dsafadsf', 1, 1, 1, 3, 1, NULL, 1, NULL, NULL, NULL, 'English', 2, NULL, NULL, NULL, 1, NULL, NULL, 0, NULL, '2019-06-11 01:46:31', '2019-06-11 01:47:45', NULL, '');

-- --------------------------------------------------------

--
-- Table structure for table `user_profile_images`
--

CREATE TABLE `user_profile_images` (
  `id` int(10) UNSIGNED NOT NULL,
  `user_id` int(10) UNSIGNED NOT NULL,
  `image` varchar(191) COLLATE utf8mb4_unicode_ci NOT NULL,
  `created_at` timestamp NULL DEFAULT NULL,
  `updated_at` timestamp NULL DEFAULT NULL
) ENGINE=InnoDB DEFAULT CHARSET=utf8mb4 COLLATE=utf8mb4_unicode_ci;

--
-- Dumping data for table `user_profile_images`
--

INSERT INTO `user_profile_images` (`id`, `user_id`, `image`, `created_at`, `updated_at`) VALUES
(2, 3, '185371548660957.png', '2019-01-28 02:05:57', '2019-01-28 02:05:57'),
(3, 3, '279021548661234.png', '2019-01-28 02:10:34', '2019-01-28 02:10:34'),
(4, 3, '968221548661234.png', '2019-01-28 02:10:34', '2019-01-28 02:10:34'),
(5, 6, '353311548661272.png', '2019-01-28 02:11:12', '2019-01-28 02:11:12'),
(6, 6, '392041548661272.png', '2019-01-28 02:11:12', '2019-01-28 02:11:12'),
(10, 24, '913441556716677.png', '2019-05-01 07:47:57', '2019-05-01 07:47:57'),
(11, 58, '482311557488350.png', '2019-05-10 06:09:10', '2019-05-10 06:09:10'),
(12, 58, '664611557488350.png', '2019-05-10 06:09:10', '2019-05-10 06:09:10'),
(13, 83, '709571557497472.png', '2019-05-10 08:41:12', '2019-05-10 08:41:12'),
(14, 83, '642311557497472.png', '2019-05-10 08:41:12', '2019-05-10 08:41:12'),
(48, 55, '355901558067286.png', '2019-05-16 22:58:06', '2019-05-16 22:58:06'),
(60, 39, '834291558449261.png', '2019-05-21 09:04:21', '2019-05-21 09:04:21'),
(61, 39, '507261558538799.png', '2019-05-22 09:56:39', '2019-05-22 09:56:39'),
(64, 58, '393431559311402.png', '2019-05-31 08:33:22', '2019-05-31 08:33:22'),
(65, 115, '124021559555402.png', '2019-06-03 04:20:02', '2019-06-03 04:20:02'),
(66, 115, '698081559555476.png', '2019-06-03 04:21:16', '2019-06-03 04:21:16'),
(68, 84, '140511559639760.jpeg', '2019-06-04 03:46:00', '2019-06-04 03:46:00'),
(70, 42, '49671559726645.png', '2019-06-05 03:54:05', '2019-06-05 03:54:05'),
(71, 121, '396021559735945.png', '2019-06-05 06:29:05', '2019-06-05 06:29:05'),
(72, 121, '261601559735945.png', '2019-06-05 06:29:05', '2019-06-05 06:29:05'),
(75, 122, '137401559744247.jpg', '2019-06-05 08:47:27', '2019-06-05 08:47:27'),
(77, 84, '550581559795972.jpg', '2019-06-05 23:09:32', '2019-06-05 23:09:32'),
(78, 84, '482081559795973.jpg', '2019-06-05 23:09:33', '2019-06-05 23:09:33'),
(79, 84, '822871559795973.jpg', '2019-06-05 23:09:33', '2019-06-05 23:09:33'),
(80, 84, '299921559795973.jpg', '2019-06-05 23:09:33', '2019-06-05 23:09:33');

-- --------------------------------------------------------

--
-- Table structure for table `user_tests`
--

CREATE TABLE `user_tests` (
  `id` int(11) NOT NULL,
  `user_id` int(11) NOT NULL,
  `created_at` datetime NOT NULL DEFAULT CURRENT_TIMESTAMP,
  `updated_at` datetime NOT NULL DEFAULT CURRENT_TIMESTAMP ON UPDATE CURRENT_TIMESTAMP
) ENGINE=InnoDB DEFAULT CHARSET=latin1;

--
-- Dumping data for table `user_tests`
--

INSERT INTO `user_tests` (`id`, `user_id`, `created_at`, `updated_at`) VALUES
(1, 101, '2019-05-24 11:48:18', '2019-05-24 11:48:18'),
(2, 112, '2019-05-24 11:50:48', '2019-05-24 11:50:48'),
(4, 97, '2019-05-24 12:05:20', '2019-05-24 12:05:20'),
(5, 113, '2019-05-28 07:41:51', '2019-05-28 07:41:51'),
(6, 110, '2019-05-28 12:17:49', '2019-05-28 12:17:49'),
(9, 58, '2019-05-31 14:00:21', '2019-05-31 14:00:21'),
(13, 115, '2019-06-03 09:41:24', '2019-06-03 09:41:24'),
(15, 84, '2019-06-04 07:05:12', '2019-06-04 07:05:12'),
(27, 92, '2019-06-05 05:46:49', '2019-06-05 05:46:49'),
(28, 119, '2019-06-05 09:12:43', '2019-06-05 09:12:43'),
(30, 120, '2019-06-05 10:45:31', '2019-06-05 10:45:31'),
(33, 121, '2019-06-05 11:59:52', '2019-06-05 11:59:52'),
(35, 39, '2019-06-05 17:06:50', '2019-06-05 17:06:50'),
(36, 124, '2019-06-06 06:44:46', '2019-06-06 06:44:46'),
(39, 125, '2019-06-06 12:54:52', '2019-06-06 12:54:52'),
(40, 42, '2019-06-07 07:07:53', '2019-06-07 07:07:53'),
(41, 128, '2019-06-11 04:29:38', '2019-06-11 04:29:38');

--
-- Indexes for dumped tables
--

--
-- Indexes for table `admins`
--
ALTER TABLE `admins`
  ADD PRIMARY KEY (`id`);

--
-- Indexes for table `connect_requests`
--
ALTER TABLE `connect_requests`
  ADD PRIMARY KEY (`id`);

--
-- Indexes for table `intentions`
--
ALTER TABLE `intentions`
  ADD PRIMARY KEY (`id`);

--
-- Indexes for table `likes`
--
ALTER TABLE `likes`
  ADD PRIMARY KEY (`id`);

--
-- Indexes for table `matches`
--
ALTER TABLE `matches`
  ADD PRIMARY KEY (`id`);

--
-- Indexes for table `migrations`
--
ALTER TABLE `migrations`
  ADD PRIMARY KEY (`id`);

--
-- Indexes for table `notifications`
--
ALTER TABLE `notifications`
  ADD PRIMARY KEY (`id`);

--
-- Indexes for table `notification_descs`
--
ALTER TABLE `notification_descs`
  ADD PRIMARY KEY (`notification_id`,`language_id`) USING BTREE;

--
-- Indexes for table `NotUsed@feeds`
--
ALTER TABLE `NotUsed@feeds`
  ADD PRIMARY KEY (`id`),
  ADD KEY `feeds_user_id_foreign` (`user_id`);

--
-- Indexes for table `NotUsed@notifications`
--
ALTER TABLE `NotUsed@notifications`
  ADD PRIMARY KEY (`id`),
  ADD KEY `notifications_user_id_foreign` (`user_id`);

--
-- Indexes for table `NotUsed@personality_questions`
--
ALTER TABLE `NotUsed@personality_questions`
  ADD PRIMARY KEY (`id`);

--
-- Indexes for table `NotUsed@personality_questions_options`
--
ALTER TABLE `NotUsed@personality_questions_options`
  ADD PRIMARY KEY (`id`),
  ADD KEY `personality_questions_options_personality_question_id_foreign` (`personality_question_id`);

--
-- Indexes for table `NotUsed@personality_tests`
--
ALTER TABLE `NotUsed@personality_tests`
  ADD PRIMARY KEY (`id`),
  ADD KEY `personality_tests_user_id_foreign` (`user_id`),
  ADD KEY `personality_tests_option_id_foreign` (`option_id`);

--
-- Indexes for table `NotUsed@post_ads`
--
ALTER TABLE `NotUsed@post_ads`
  ADD PRIMARY KEY (`id`),
  ADD KEY `post_ads_user_id_foreign` (`user_id`);

--
-- Indexes for table `NotUsed@user_attempt_questions`
--
ALTER TABLE `NotUsed@user_attempt_questions`
  ADD PRIMARY KEY (`id`);

--
-- Indexes for table `NotUsed@user_attempt_ques_answers`
--
ALTER TABLE `NotUsed@user_attempt_ques_answers`
  ADD PRIMARY KEY (`id`);

--
-- Indexes for table `NotUsed@user_requests`
--
ALTER TABLE `NotUsed@user_requests`
  ADD PRIMARY KEY (`id`),
  ADD KEY `user_requests_sender_id_foreign` (`sender_id`),
  ADD KEY `user_requests_receiver_id_foreign` (`receiver_id`);

--
-- Indexes for table `oauth_access_tokens`
--
ALTER TABLE `oauth_access_tokens`
  ADD PRIMARY KEY (`id`),
  ADD KEY `oauth_access_tokens_user_id_index` (`user_id`);

--
-- Indexes for table `oauth_auth_codes`
--
ALTER TABLE `oauth_auth_codes`
  ADD PRIMARY KEY (`id`);

--
-- Indexes for table `oauth_clients`
--
ALTER TABLE `oauth_clients`
  ADD PRIMARY KEY (`id`),
  ADD KEY `oauth_clients_user_id_index` (`user_id`);

--
-- Indexes for table `oauth_personal_access_clients`
--
ALTER TABLE `oauth_personal_access_clients`
  ADD PRIMARY KEY (`id`),
  ADD KEY `oauth_personal_access_clients_client_id_index` (`client_id`);

--
-- Indexes for table `oauth_refresh_tokens`
--
ALTER TABLE `oauth_refresh_tokens`
  ADD PRIMARY KEY (`id`),
  ADD KEY `oauth_refresh_tokens_access_token_id_index` (`access_token_id`);

--
-- Indexes for table `password_resets`
--
ALTER TABLE `password_resets`
  ADD KEY `password_resets_email_index` (`email`);

--
-- Indexes for table `questions`
--
ALTER TABLE `questions`
  ADD PRIMARY KEY (`id`);

--
-- Indexes for table `question_descs`
--
ALTER TABLE `question_descs`
  ADD PRIMARY KEY (`question_id`,`language_id`) USING BTREE;

--
-- Indexes for table `ques_options`
--
ALTER TABLE `ques_options`
  ADD PRIMARY KEY (`id`);

--
-- Indexes for table `ques_option_descs`
--
ALTER TABLE `ques_option_descs`
  ADD PRIMARY KEY (`ques_option_id`,`language_id`) USING BTREE;

--
-- Indexes for table `test_ques`
--
ALTER TABLE `test_ques`
  ADD PRIMARY KEY (`id`);

--
-- Indexes for table `test_ques_ans`
--
ALTER TABLE `test_ques_ans`
  ADD PRIMARY KEY (`id`);

--
-- Indexes for table `test_ques_comparisons`
--
ALTER TABLE `test_ques_comparisons`
  ADD PRIMARY KEY (`id`);

--
-- Indexes for table `test_scores`
--
ALTER TABLE `test_scores`
  ADD PRIMARY KEY (`id`);

--
-- Indexes for table `users`
--
ALTER TABLE `users`
  ADD PRIMARY KEY (`id`);

--
-- Indexes for table `user_profile_images`
--
ALTER TABLE `user_profile_images`
  ADD PRIMARY KEY (`id`),
  ADD KEY `user_profile_images_user_id_foreign` (`user_id`);

--
-- Indexes for table `user_tests`
--
ALTER TABLE `user_tests`
  ADD PRIMARY KEY (`id`);

--
-- AUTO_INCREMENT for dumped tables
--

--
-- AUTO_INCREMENT for table `admins`
--
ALTER TABLE `admins`
  MODIFY `id` int(10) UNSIGNED NOT NULL AUTO_INCREMENT, AUTO_INCREMENT=2;
--
-- AUTO_INCREMENT for table `connect_requests`
--
ALTER TABLE `connect_requests`
  MODIFY `id` int(11) NOT NULL AUTO_INCREMENT, AUTO_INCREMENT=5;
--
-- AUTO_INCREMENT for table `intentions`
--
ALTER TABLE `intentions`
  MODIFY `id` int(11) NOT NULL AUTO_INCREMENT, AUTO_INCREMENT=5;
--
-- AUTO_INCREMENT for table `likes`
--
ALTER TABLE `likes`
  MODIFY `id` int(11) NOT NULL AUTO_INCREMENT, AUTO_INCREMENT=13;
--
-- AUTO_INCREMENT for table `matches`
--
ALTER TABLE `matches`
  MODIFY `id` int(11) NOT NULL AUTO_INCREMENT, AUTO_INCREMENT=2;
--
-- AUTO_INCREMENT for table `migrations`
--
ALTER TABLE `migrations`
  MODIFY `id` int(10) UNSIGNED NOT NULL AUTO_INCREMENT, AUTO_INCREMENT=47;
--
-- AUTO_INCREMENT for table `notifications`
--
ALTER TABLE `notifications`
  MODIFY `id` int(11) NOT NULL AUTO_INCREMENT, AUTO_INCREMENT=13;
--
-- AUTO_INCREMENT for table `NotUsed@feeds`
--
ALTER TABLE `NotUsed@feeds`
  MODIFY `id` int(10) UNSIGNED NOT NULL AUTO_INCREMENT, AUTO_INCREMENT=2;
--
-- AUTO_INCREMENT for table `NotUsed@notifications`
--
ALTER TABLE `NotUsed@notifications`
  MODIFY `id` int(10) UNSIGNED NOT NULL AUTO_INCREMENT, AUTO_INCREMENT=23;
--
-- AUTO_INCREMENT for table `NotUsed@personality_questions`
--
ALTER TABLE `NotUsed@personality_questions`
  MODIFY `id` int(10) UNSIGNED NOT NULL AUTO_INCREMENT, AUTO_INCREMENT=3;
--
-- AUTO_INCREMENT for table `NotUsed@personality_questions_options`
--
ALTER TABLE `NotUsed@personality_questions_options`
  MODIFY `id` int(10) UNSIGNED NOT NULL AUTO_INCREMENT, AUTO_INCREMENT=13;
--
-- AUTO_INCREMENT for table `NotUsed@personality_tests`
--
ALTER TABLE `NotUsed@personality_tests`
  MODIFY `id` int(10) UNSIGNED NOT NULL AUTO_INCREMENT, AUTO_INCREMENT=34;
--
-- AUTO_INCREMENT for table `NotUsed@post_ads`
--
ALTER TABLE `NotUsed@post_ads`
  MODIFY `id` int(10) UNSIGNED NOT NULL AUTO_INCREMENT, AUTO_INCREMENT=7;
--
-- AUTO_INCREMENT for table `NotUsed@user_attempt_questions`
--
ALTER TABLE `NotUsed@user_attempt_questions`
  MODIFY `id` int(11) NOT NULL AUTO_INCREMENT, AUTO_INCREMENT=99;
--
-- AUTO_INCREMENT for table `NotUsed@user_attempt_ques_answers`
--
ALTER TABLE `NotUsed@user_attempt_ques_answers`
  MODIFY `id` int(11) NOT NULL AUTO_INCREMENT, AUTO_INCREMENT=145;
--
-- AUTO_INCREMENT for table `NotUsed@user_requests`
--
ALTER TABLE `NotUsed@user_requests`
  MODIFY `id` int(10) UNSIGNED NOT NULL AUTO_INCREMENT, AUTO_INCREMENT=27;
--
-- AUTO_INCREMENT for table `oauth_clients`
--
ALTER TABLE `oauth_clients`
  MODIFY `id` int(10) UNSIGNED NOT NULL AUTO_INCREMENT, AUTO_INCREMENT=2;
--
-- AUTO_INCREMENT for table `oauth_personal_access_clients`
--
ALTER TABLE `oauth_personal_access_clients`
  MODIFY `id` int(10) UNSIGNED NOT NULL AUTO_INCREMENT, AUTO_INCREMENT=2;
--
-- AUTO_INCREMENT for table `questions`
--
ALTER TABLE `questions`
  MODIFY `id` int(11) NOT NULL AUTO_INCREMENT, AUTO_INCREMENT=20;
--
-- AUTO_INCREMENT for table `ques_options`
--
ALTER TABLE `ques_options`
  MODIFY `id` int(11) NOT NULL AUTO_INCREMENT, AUTO_INCREMENT=96;
--
-- AUTO_INCREMENT for table `test_ques`
--
ALTER TABLE `test_ques`
  MODIFY `id` int(11) NOT NULL AUTO_INCREMENT, AUTO_INCREMENT=961;
--
-- AUTO_INCREMENT for table `test_ques_ans`
--
ALTER TABLE `test_ques_ans`
  MODIFY `id` int(11) NOT NULL AUTO_INCREMENT, AUTO_INCREMENT=1399;
--
-- AUTO_INCREMENT for table `test_ques_comparisons`
--
ALTER TABLE `test_ques_comparisons`
  MODIFY `id` int(11) NOT NULL AUTO_INCREMENT, AUTO_INCREMENT=9734;
--
-- AUTO_INCREMENT for table `test_scores`
--
ALTER TABLE `test_scores`
  MODIFY `id` int(11) NOT NULL AUTO_INCREMENT, AUTO_INCREMENT=603;
--
-- AUTO_INCREMENT for table `users`
--
ALTER TABLE `users`
  MODIFY `id` int(10) UNSIGNED NOT NULL AUTO_INCREMENT, AUTO_INCREMENT=134;
--
-- AUTO_INCREMENT for table `user_profile_images`
--
ALTER TABLE `user_profile_images`
  MODIFY `id` int(10) UNSIGNED NOT NULL AUTO_INCREMENT, AUTO_INCREMENT=81;
--
-- AUTO_INCREMENT for table `user_tests`
--
ALTER TABLE `user_tests`
  MODIFY `id` int(11) NOT NULL AUTO_INCREMENT, AUTO_INCREMENT=42;
--
-- Constraints for dumped tables
--

--
-- Constraints for table `NotUsed@feeds`
--
ALTER TABLE `NotUsed@feeds`
  ADD CONSTRAINT `feeds_user_id_foreign` FOREIGN KEY (`user_id`) REFERENCES `users` (`id`) ON DELETE CASCADE;

--
-- Constraints for table `NotUsed@notifications`
--
ALTER TABLE `NotUsed@notifications`
  ADD CONSTRAINT `notifications_user_id_foreign` FOREIGN KEY (`user_id`) REFERENCES `users` (`id`) ON DELETE CASCADE;

--
-- Constraints for table `NotUsed@personality_questions_options`
--
ALTER TABLE `NotUsed@personality_questions_options`
  ADD CONSTRAINT `personality_questions_options_personality_question_id_foreign` FOREIGN KEY (`personality_question_id`) REFERENCES `NotUsed@personality_questions` (`id`) ON DELETE CASCADE;

--
-- Constraints for table `NotUsed@personality_tests`
--
ALTER TABLE `NotUsed@personality_tests`
  ADD CONSTRAINT `personality_tests_option_id_foreign` FOREIGN KEY (`option_id`) REFERENCES `NotUsed@personality_questions_options` (`id`) ON DELETE CASCADE,
  ADD CONSTRAINT `personality_tests_user_id_foreign` FOREIGN KEY (`user_id`) REFERENCES `users` (`id`) ON DELETE CASCADE;

--
-- Constraints for table `NotUsed@post_ads`
--
ALTER TABLE `NotUsed@post_ads`
  ADD CONSTRAINT `post_ads_user_id_foreign` FOREIGN KEY (`user_id`) REFERENCES `users` (`id`) ON DELETE CASCADE;

--
-- Constraints for table `NotUsed@user_requests`
--
ALTER TABLE `NotUsed@user_requests`
  ADD CONSTRAINT `user_requests_receiver_id_foreign` FOREIGN KEY (`receiver_id`) REFERENCES `users` (`id`) ON DELETE CASCADE,
  ADD CONSTRAINT `user_requests_sender_id_foreign` FOREIGN KEY (`sender_id`) REFERENCES `users` (`id`) ON DELETE CASCADE;

--
-- Constraints for table `user_profile_images`
--
ALTER TABLE `user_profile_images`
  ADD CONSTRAINT `user_profile_images_user_id_foreign` FOREIGN KEY (`user_id`) REFERENCES `users` (`id`) ON DELETE CASCADE;

/*!40101 SET CHARACTER_SET_CLIENT=@OLD_CHARACTER_SET_CLIENT */;
/*!40101 SET CHARACTER_SET_RESULTS=@OLD_CHARACTER_SET_RESULTS */;
/*!40101 SET COLLATION_CONNECTION=@OLD_COLLATION_CONNECTION */;
