-- phpMyAdmin SQL Dump
-- version 4.5.4.1deb2ubuntu2.1
-- http://www.phpmyadmin.net
--
-- Host: localhost
-- Generation Time: May 17, 2019 at 06:10 PM
-- Server version: 5.7.26-0ubuntu0.16.04.1
-- PHP Version: 7.1.20-1+ubuntu16.04.1+deb.sury.org+1

SET SQL_MODE = "NO_AUTO_VALUE_ON_ZERO";
SET time_zone = "+00:00";


/*!40101 SET @OLD_CHARACTER_SET_CLIENT=@@CHARACTER_SET_CLIENT */;
/*!40101 SET @OLD_CHARACTER_SET_RESULTS=@@CHARACTER_SET_RESULTS */;
/*!40101 SET @OLD_COLLATION_CONNECTION=@@COLLATION_CONNECTION */;
/*!40101 SET NAMES utf8mb4 */;

--
-- Database: `lovepush`
--

-- --------------------------------------------------------

--
-- Table structure for table `admins`
--

CREATE TABLE `admins` (
  `id` int(10) UNSIGNED NOT NULL,
  `name` varchar(255) COLLATE utf8mb4_unicode_ci NOT NULL,
  `email` varchar(255) COLLATE utf8mb4_unicode_ci NOT NULL,
  `phone` varchar(255) COLLATE utf8mb4_unicode_ci NOT NULL,
  `image` varchar(255) COLLATE utf8mb4_unicode_ci NOT NULL,
  `password` varchar(255) COLLATE utf8mb4_unicode_ci NOT NULL,
  `capture_distance` int(11) NOT NULL DEFAULT '0' COMMENT 'NotUsed (in meters) distance range for other members profiles capture not used',
  `remember_token` varchar(100) COLLATE utf8mb4_unicode_ci DEFAULT NULL,
  `verify_code` varchar(50) COLLATE utf8mb4_unicode_ci DEFAULT NULL COMMENT 'used for forgot password',
  `verify_code_created_at` datetime DEFAULT NULL,
  `created_at` timestamp NULL DEFAULT NULL,
  `updated_at` timestamp NULL DEFAULT NULL
) ENGINE=InnoDB DEFAULT CHARSET=utf8mb4 COLLATE=utf8mb4_unicode_ci;

--
-- Dumping data for table `admins`
--

INSERT INTO `admins` (`id`, `name`, `email`, `phone`, `image`, `password`, `capture_distance`, `remember_token`, `verify_code`, `verify_code_created_at`, `created_at`, `updated_at`) VALUES
(1, 'admin', 'admin@love-push.com', '7814817171', '1555586888.jpg', '$2y$10$oALoe/ZsdJCnM91RPUYkFOS.2tP2X/vTdmuJ5xqusIras5gP3hcj.', 100, 'WUYBq14QUo3Iw1SSWuNjAFbcflBO2cgPs9DvMnHEkwbxPHW8CkAVhVUJu6bl', '774846', '2018-10-04 19:04:55', '2018-06-27 05:06:26', '2019-04-18 05:58:08');

-- --------------------------------------------------------

--
-- Table structure for table `feeds`
--

CREATE TABLE `feeds` (
  `id` int(10) UNSIGNED NOT NULL,
  `user_id` int(10) UNSIGNED NOT NULL,
  `title` varchar(191) COLLATE utf8mb4_unicode_ci DEFAULT NULL,
  `description` text COLLATE utf8mb4_unicode_ci,
  `image` varchar(191) COLLATE utf8mb4_unicode_ci DEFAULT NULL,
  `created_at` timestamp NULL DEFAULT NULL,
  `updated_at` timestamp NULL DEFAULT NULL
) ENGINE=InnoDB DEFAULT CHARSET=utf8mb4 COLLATE=utf8mb4_unicode_ci;

--
-- Dumping data for table `feeds`
--

INSERT INTO `feeds` (`id`, `user_id`, `title`, `description`, `image`, `created_at`, `updated_at`) VALUES
(1, 3, 'First Feed', 'FF', '1548326142.png', '2019-01-24 05:05:42', '2019-01-24 05:05:42');

-- --------------------------------------------------------

--
-- Table structure for table `intentions`
--

CREATE TABLE `intentions` (
  `id` int(11) NOT NULL,
  `name` varchar(255) DEFAULT NULL,
  `status` tinyint(1) NOT NULL DEFAULT '1' COMMENT '1=active, 0=inactive',
  `created_at` datetime NOT NULL DEFAULT CURRENT_TIMESTAMP,
  `updated_at` datetime NOT NULL DEFAULT CURRENT_TIMESTAMP ON UPDATE CURRENT_TIMESTAMP
) ENGINE=InnoDB DEFAULT CHARSET=latin1;

--
-- Dumping data for table `intentions`
--

INSERT INTO `intentions` (`id`, `name`, `status`, `created_at`, `updated_at`) VALUES
(1, 'relationship', 1, '2019-05-02 14:50:32', '2019-05-02 14:50:32'),
(2, 'friendship', 1, '2019-05-02 14:50:32', '2019-05-02 14:50:32'),
(3, 'daily activities', 1, '2019-05-02 14:50:55', '2019-05-02 14:50:55'),
(4, 'no expactations', 1, '2019-05-02 14:50:55', '2019-05-02 14:50:55');

-- --------------------------------------------------------

--
-- Table structure for table `migrations`
--

CREATE TABLE `migrations` (
  `id` int(10) UNSIGNED NOT NULL,
  `migration` varchar(191) COLLATE utf8mb4_unicode_ci NOT NULL,
  `batch` int(11) NOT NULL
) ENGINE=InnoDB DEFAULT CHARSET=utf8mb4 COLLATE=utf8mb4_unicode_ci;

--
-- Dumping data for table `migrations`
--

INSERT INTO `migrations` (`id`, `migration`, `batch`) VALUES
(26, '2014_10_12_000000_create_users_table', 1),
(27, '2014_10_12_100000_create_password_resets_table', 1),
(28, '2016_06_01_000001_create_oauth_auth_codes_table', 1),
(29, '2016_06_01_000002_create_oauth_access_tokens_table', 1),
(30, '2016_06_01_000003_create_oauth_refresh_tokens_table', 1),
(31, '2016_06_01_000004_create_oauth_clients_table', 1),
(32, '2016_06_01_000005_create_oauth_personal_access_clients_table', 1),
(33, '2019_01_15_133005_create_post_ads_table', 1),
(34, '2019_01_16_074723_add_image_to_users_table', 1),
(35, '2019_01_16_075955_create_user_profile_images_table', 1),
(36, '2019_01_16_125501_add_role_to_users_table', 1),
(37, '2019_01_17_070145_add_city_country_to_users_table', 1),
(38, '2019_01_18_102128_create_user_requests_table', 1),
(39, '2019_01_18_103857_create_notifications_table', 1),
(40, '2019_01_21_072426_create_personality_questions_table', 2),
(41, '2019_01_21_072803_create_personality_questions_options_table', 2),
(42, '2019_01_21_095504_create_personality_tests_table', 2),
(43, '2019_01_22_042411_change_radius_to_post_ads_table', 3),
(44, '2019_01_23_093446_add_otp_to_users_table', 4),
(45, '2019_01_24_101128_create_feeds_table', 5),
(46, '2019_01_25_091432_add_seetingsparam_to_users_table', 6);

-- --------------------------------------------------------

--
-- Table structure for table `notifications`
--

CREATE TABLE `notifications` (
  `id` int(10) UNSIGNED NOT NULL,
  `user_id` int(10) UNSIGNED NOT NULL,
  `type` varchar(191) COLLATE utf8mb4_unicode_ci DEFAULT NULL,
  `message` varchar(191) COLLATE utf8mb4_unicode_ci NOT NULL,
  `created_at` timestamp NULL DEFAULT NULL,
  `updated_at` timestamp NULL DEFAULT NULL
) ENGINE=InnoDB DEFAULT CHARSET=utf8mb4 COLLATE=utf8mb4_unicode_ci;

--
-- Dumping data for table `notifications`
--

INSERT INTO `notifications` (`id`, `user_id`, `type`, `message`, `created_at`, `updated_at`) VALUES
(1, 6, 'Like', 'test has sent you a request.', '2019-01-24 04:16:15', '2019-01-24 04:16:15'),
(2, 6, 'Like', 'test has sent you a request.', '2019-01-24 04:24:56', '2019-01-24 04:24:56'),
(3, 4, 'Like', 'test has sent you a request.', '2019-01-24 04:25:02', '2019-01-24 04:25:02'),
(4, 5, 'Like', 'test has sent you a request.', '2019-01-24 04:31:21', '2019-01-24 04:31:21'),
(5, 4, 'Like', 'test has sent you a request.', '2019-01-24 04:31:22', '2019-01-24 04:31:22'),
(6, 5, 'Like', 'vivek kumar has sent you a request.', '2019-01-25 06:34:39', '2019-01-25 06:34:39'),
(7, 5, 'Like', 'vivek kumar has sent you a request.', '2019-01-25 06:46:38', '2019-01-25 06:46:38'),
(8, 5, 'Like', 'vivek kumar has sent you a request.', '2019-01-25 07:18:21', '2019-01-25 07:18:21'),
(9, 13, 'Like', 'ER has sent you a request.', '2019-01-28 00:28:20', '2019-01-28 00:28:20'),
(10, 13, 'Like', 'ER has sent you a request.', '2019-01-28 01:15:05', '2019-01-28 01:15:05'),
(11, 13, 'Like', 'ER has sent you a request.', '2019-01-28 01:15:27', '2019-01-28 01:15:27'),
(12, 13, 'Like', 'ER has sent you a request.', '2019-01-28 01:15:54', '2019-01-28 01:15:54'),
(13, 13, 'Like', 'ER has sent you a request.', '2019-01-28 01:20:18', '2019-01-28 01:20:18'),
(14, 13, 'Like', 'ER has sent you a request.', '2019-01-28 01:20:40', '2019-01-28 01:20:40'),
(15, 13, 'Like', 'ER has sent you a request.', '2019-01-28 01:24:03', '2019-01-28 01:24:03'),
(16, 13, 'Like', 'ER has sent you a request.', '2019-01-28 01:25:43', '2019-01-28 01:25:43'),
(17, 13, 'Like', 'ER has sent you a request.', '2019-01-28 01:25:54', '2019-01-28 01:25:54'),
(18, 13, 'Like', 'ER has sent you a request.', '2019-01-28 01:25:59', '2019-01-28 01:25:59'),
(19, 13, 'Like', 'ER has sent you a request.', '2019-01-28 01:28:13', '2019-01-28 01:28:13'),
(20, 13, 'Like', 'ER has sent you a request.', '2019-01-28 01:28:15', '2019-01-28 01:28:15'),
(21, 13, 'Like', 'ER has sent you a request.', '2019-01-29 01:19:06', '2019-01-29 01:19:06'),
(22, 8, 'Like', 'ER has sent you a request.', '2019-01-29 01:19:08', '2019-01-29 01:19:08');

-- --------------------------------------------------------

--
-- Table structure for table `oauth_access_tokens`
--

CREATE TABLE `oauth_access_tokens` (
  `id` varchar(100) COLLATE utf8mb4_unicode_ci NOT NULL,
  `user_id` int(11) DEFAULT NULL,
  `client_id` int(10) UNSIGNED NOT NULL,
  `name` varchar(191) COLLATE utf8mb4_unicode_ci DEFAULT NULL,
  `scopes` text COLLATE utf8mb4_unicode_ci,
  `revoked` tinyint(1) NOT NULL,
  `created_at` timestamp NULL DEFAULT NULL,
  `updated_at` timestamp NULL DEFAULT NULL,
  `expires_at` datetime DEFAULT NULL
) ENGINE=InnoDB DEFAULT CHARSET=utf8mb4 COLLATE=utf8mb4_unicode_ci;

--
-- Dumping data for table `oauth_access_tokens`
--

INSERT INTO `oauth_access_tokens` (`id`, `user_id`, `client_id`, `name`, `scopes`, `revoked`, `created_at`, `updated_at`, `expires_at`) VALUES
('0003550d3767ae0a4e621ca78e3b42ca555c221b04fbb09c4caad0a6a36b207fd71d79fd38ec6e86', 55, 1, 'user', '[]', 0, '2019-05-15 05:21:27', '2019-05-15 05:21:27', '2020-05-15 10:51:27'),
('0018f9d016c845e1fc28f69f27fcdf76777ced16829c00696895c3724995449a9064b3f3ae3c13b9', 82, 1, 'user', '[]', 0, '2019-05-10 08:35:09', '2019-05-10 08:35:09', '2020-05-10 14:05:09'),
('00cea182f77ffead277df5a91f62e2a246a625286d5c996e70d0b86fd92e5d212d8856cdd7e0961f', 84, 1, 'user', '[]', 0, '2019-05-16 02:33:21', '2019-05-16 02:33:21', '2020-05-16 08:03:21'),
('010209f2a280590b0d67dbbed8ab11a0281ee6b9a68bad246b174be379191d1fc6c1de02f6d37246', 3, 1, 'user', '[]', 1, '2019-01-24 04:24:31', '2019-01-24 04:24:31', '2020-01-24 09:54:31'),
('0131b2cce91ecdd9d4a7d23f637c32d060b869ce7e31835cc171ccca4e8f177ec44d428e1f3f48c6', 42, 1, 'user', '[]', 0, '2019-05-03 02:31:03', '2019-05-03 02:31:03', '2020-05-03 08:01:03'),
('016a2f9a0e2d5d8584c154dd7ea046dc26cc908e2a6e7b9e04e211d70380cc6b6d0d3a8b19b12da7', 18, 1, 'user', '[]', 0, '2019-04-09 05:11:19', '2019-04-09 05:11:19', '2020-04-09 10:41:19'),
('01fa6a96d852a813e2d301c32601fb7d9e8505d7545a1e3aa393aaec73d267837f08e0184e4b0959', 24, 1, 'user', '[]', 0, '2019-04-24 23:06:53', '2019-04-24 23:06:53', '2020-04-25 04:36:53'),
('02363c6420868190b1f83069a78661b1360f13ea5661cac77fca16f1ed902f4f8b2622b2f6a8d1fb', 55, 1, 'user', '[]', 0, '2019-05-15 04:57:58', '2019-05-15 04:57:58', '2020-05-15 10:27:58'),
('02a80a9dd23988c3174854d13f2a5cb0c094535001534ad6a3d44377f8c618d51631e250bcc89d37', 3, 1, 'user', '[]', 1, '2019-05-10 08:13:32', '2019-05-10 08:13:32', '2020-05-10 13:43:32'),
('030645d74c9ec53634290742332880d65446cc4b90be16c371067400865ec3325b75dbbe3e098614', 54, 1, 'user', '[]', 0, '2019-05-08 07:32:57', '2019-05-08 07:32:57', '2020-05-08 13:02:57'),
('035e5686e69e31b33807328b94bae04cf47c0c53b78fb9b01adada21a58ee215022d1abd9ea9ac84', 84, 1, 'user', '[]', 0, '2019-05-12 23:19:27', '2019-05-12 23:19:27', '2020-05-13 04:49:27'),
('03922e15cc1176f81094988fd063ed2df986060f41d439a5a8222d9eb4fab5c0342464522d68b22e', 24, 1, 'user', '[]', 0, '2019-05-01 04:00:07', '2019-05-01 04:00:07', '2020-05-01 09:30:07'),
('03f716bf5ce6b2c643b6b608310370ad7c6f76ac6411104f6eb39d14148980b2887d74cf9d0b6250', 42, 1, 'user', '[]', 0, '2019-05-02 07:03:22', '2019-05-02 07:03:22', '2020-05-02 12:33:22'),
('0482de5162d92386f630eb6c5363c3a41bae9bb4c735f683137275e936ecebb3f0bd99325d34aef2', 57, 1, 'user', '[]', 0, '2019-05-10 05:24:27', '2019-05-10 05:24:27', '2020-05-10 10:54:27'),
('04ef59c74f8ffe10de9909cf5d7dac27e3711a5dbed2efb6a3a748cc670b61a4faa9b8b75d88ae6f', 42, 1, 'user', '[]', 0, '2019-05-03 06:24:31', '2019-05-03 06:24:31', '2020-05-03 11:54:31'),
('060edc750852f75402979ee977afa825abe2f22d886d1bbc1ed15ebe6d976233b51f35c8542248a4', 55, 1, 'user', '[]', 0, '2019-05-15 04:24:23', '2019-05-15 04:24:23', '2020-05-15 09:54:23'),
('0692ef4b20da98181345c4f78e176017cc60546f310c3c2ee9961907db2d5e0b02001e13cf82579a', 3, 1, 'user', '[]', 0, '2019-04-22 05:52:32', '2019-04-22 05:52:32', '2020-04-22 11:22:32'),
('06bdfb1dd98533ae54cb328826522c172930826df5e604b746e586614f1a9adc448fc37b72eb6a61', 3, 1, 'user', '[]', 0, '2019-04-10 01:32:33', '2019-04-10 01:32:33', '2020-04-10 07:02:33'),
('06e2407e81611d6d96fe0c28550a23fbb90cf013e8422f32368990a801556d0d32dc641b44dbd44b', 42, 1, 'user', '[]', 0, '2019-05-03 04:39:57', '2019-05-03 04:39:57', '2020-05-03 10:09:57'),
('092d46325afda467e4e88cfe8b40bbf80fd3bc9ddde841ad271aac350808bf9c4e73b9bd0f8dff39', 87, 1, 'user', '[]', 0, '2019-05-13 01:32:50', '2019-05-13 01:32:50', '2020-05-13 07:02:50'),
('09587d300538eddf5a24ea2d70cf4bf4a874be00ffd03179a296a613d69f21fc18c5c95e1347de41', 82, 1, 'user', '[]', 1, '2019-05-10 08:34:32', '2019-05-10 08:34:32', '2020-05-10 14:04:32'),
('09e099284f4822a6ca7f9eea7dba78989eb96a65b3544f0b8351266fb5413fd29e5f10066d7bda63', 44, 1, 'user', '[]', 0, '2019-05-07 00:37:02', '2019-05-07 00:37:02', '2020-05-07 06:07:02'),
('09f2191d7aa8fec0e1b00d2770fb98c82dd6d5c583ef5b51dea9f36ad6cc6c295def02a702afb413', 48, 1, 'user', '[]', 0, '2019-05-07 02:11:36', '2019-05-07 02:11:36', '2020-05-07 07:41:36'),
('09f63010409ff8d93e3bc1a3e5f9672bff43e3a4e60ebce42c390dedb0c4d3839a87e165e844e7f5', 91, 1, 'user', '[]', 0, '2019-05-13 05:10:11', '2019-05-13 05:10:11', '2020-05-13 10:40:11'),
('0a4611fba855d672de4300173ffbd47d26a64d5c494887f69da4b812b65ada6889a9fa70f3a0a304', 15, 1, 'user', '[]', 0, '2019-04-09 05:00:57', '2019-04-09 05:00:57', '2020-04-09 10:30:57'),
('0a5a3f5f272830b1d10073c746f93b2b1ee2d1c74f449ef8aa37d57a45c3bdfede2383200cbef273', 1, 1, 'user', '[]', 0, '2019-05-10 08:34:30', '2019-05-10 08:34:30', '2020-05-10 14:04:30'),
('0a9e8b1a981d61115a2e40a9da60c64858f5ff8c00b3a7b410a3090f5755a36951cf3cbed87c22fb', 42, 1, 'user', '[]', 0, '2019-05-03 02:10:50', '2019-05-03 02:10:50', '2020-05-03 07:40:50'),
('0aa634d55800357f2d419ed93fa87c2827315717514b3b979ae88afb02daefe351373c2002a5f74f', 3, 1, 'user', '[]', 0, '2019-04-19 04:46:09', '2019-04-19 04:46:09', '2020-04-19 10:16:09'),
('0afefe0bb34761de39e85adb39397a1d0ee93b106c42637fbe4c3c1a99775c6cc94031caec869085', 43, 1, 'user', '[]', 0, '2019-05-02 05:36:52', '2019-05-02 05:36:52', '2020-05-02 11:06:52'),
('0aff1cd85f56d6fa7c741b7ed32acf4c70924fad01421c91aadcf5ba10500199dd4135f6223e985b', 52, 1, 'user', '[]', 0, '2019-05-08 02:31:06', '2019-05-08 02:31:06', '2020-05-08 08:01:06'),
('0b58567ba45bf839f5b4374a86cbe8c9f3d4130515925d90f3d38b5da1807e528cd6f47f5ec2f4df', 55, 1, 'user', '[]', 1, '2019-05-16 22:54:44', '2019-05-16 22:54:44', '2020-05-17 04:24:44'),
('0ba3e9de511026a0dc978d8bdee5d783e611a528d80c5a3851058aaf56c27bcbf4cd61a1fc84169a', 42, 1, 'user', '[]', 1, '2019-05-06 03:54:25', '2019-05-06 03:54:25', '2020-05-06 09:24:25'),
('0bbf21c4ff06f8037e22fd9df3e601a3dbe52bfe69429e4d90fa1d87daa1366c1e5a1338473ff468', 42, 1, 'user', '[]', 0, '2019-05-02 05:50:49', '2019-05-02 05:50:49', '2020-05-02 11:20:49'),
('0bc072ebfa7c150becfe5a20279a7c05f0bd2b7abcf806eb0752f37321a15bd848f6ee33a8e7d9a0', 3, 1, 'user', '[]', 0, '2019-04-30 00:57:41', '2019-04-30 00:57:41', '2020-04-30 06:27:41'),
('0bf0512c0c3953673fa3a9a4881bb3276876ed0a8e1d93754491c84cec034d6061e02010603caf5e', 24, 1, 'user', '[]', 0, '2019-04-26 07:50:06', '2019-04-26 07:50:06', '2020-04-26 13:20:06'),
('0c4f576f433ac74498730e70d059d827d142f175fd0b50aee1071f1a723918416e95ace45ea1def6', 84, 1, 'user', '[]', 0, '2019-05-16 02:19:59', '2019-05-16 02:19:59', '2020-05-16 07:49:59'),
('0dd01c4b4501a4a8bcffcf623661ab913a391cfda4e520ce9a3c0fe991ed52670408fd22b7d5be28', 44, 1, 'user', '[]', 1, '2019-05-10 07:30:53', '2019-05-10 07:30:53', '2020-05-10 13:00:53'),
('0e231c21658e046761c63990278741c7e3ad10fc5f5d9ce611d5e1056b1c90b060a258d3c026f918', 2, 1, 'user', '[]', 0, '2019-01-22 04:48:41', '2019-01-22 04:48:41', '2020-01-22 10:18:41'),
('0f02e73ddfa5275b38e07241436222d8167bf296b261962508f26d659404b04346b68e30ce28b522', 5, 1, 'user', '[]', 0, '2019-01-22 05:17:47', '2019-01-22 05:17:47', '2020-01-22 10:47:47'),
('0f31362c61e36574d319d92028f1f7f4adfe3473b4e667ec60988c588989afcfcc899c99fa3c26de', 90, 1, 'user', '[]', 0, '2019-05-13 04:49:09', '2019-05-13 04:49:09', '2020-05-13 10:19:09'),
('0f8de5921f7ad29badd2ef5d3b4a8d60982e660fa58480c5f9c06430bf261bec6beaec33cf353763', 42, 1, 'user', '[]', 0, '2019-05-02 05:44:30', '2019-05-02 05:44:30', '2020-05-02 11:14:30'),
('0fc76d86afcebca8ed4c5e4757cea173927c86c40f88d82d5e9acc224c0fbd28bb27ef86438dfa58', 84, 1, 'user', '[]', 1, '2019-05-17 02:02:59', '2019-05-17 02:02:59', '2020-05-17 07:32:59'),
('10c4bc5b75d3ab721e65833546b560639094d1e73f734f73b878a148a845f81208b59b3bd1c47822', 57, 1, 'user', '[]', 0, '2019-05-10 07:37:42', '2019-05-10 07:37:42', '2020-05-10 13:07:42'),
('10d1c5ca9302f10c0c0ded256e4b11a7a13915b3a29571d5b70b00ba5d89dc213eed556282f099a5', 3, 1, 'user', '[]', 1, '2019-04-25 04:43:31', '2019-04-25 04:43:31', '2020-04-25 10:13:31'),
('10efd41897248126664f5ddb6ae6fcfcb08644966747d5e6c17d3c72639c3a8de4e62460295cd8b3', 42, 1, 'user', '[]', 0, '2019-05-03 02:32:36', '2019-05-03 02:32:36', '2020-05-03 08:02:36'),
('10fd85df205df53724ca3ab1385d4ace5fa39330dc69d029bb24298626d6dcc463c9a4d572a6b12b', 6, 1, 'user', '[]', 0, '2019-01-29 01:18:42', '2019-01-29 01:18:42', '2020-01-29 06:48:42'),
('110a373f72afd970e840dfb5c0185668445ae084d4255a45eb0de1310946f2ddc3349bd111f890be', 97, 1, 'user', '[]', 1, '2019-05-16 06:36:46', '2019-05-16 06:36:46', '2020-05-16 12:06:46'),
('1172f2b7804d396adef4e58c434e12571abaeda2d53bf2de5a3df9d148918c6a63c6eda1218f1b0e', 48, 1, 'user', '[]', 0, '2019-05-07 02:17:41', '2019-05-07 02:17:41', '2020-05-07 07:47:41'),
('11d3e7d427541d08b012d8facfd1cc849ff80b4d76f5267e6b3f09b02c84511473962d1f1a1a61fc', 6, 1, 'user', '[]', 1, '2019-01-25 08:01:34', '2019-01-25 08:01:34', '2020-01-25 13:31:34'),
('122f134b8fe041f2b1ab60102065bdcb91b79f64c77fd0dc4972bd42a8004e35aae164fde236878d', 3, 1, 'user', '[]', 0, '2019-04-30 04:08:09', '2019-04-30 04:08:09', '2020-04-30 09:38:09'),
('12a7c3e93e0b32da7b4061a12e1a318df3efa747c9dfc0dfcc24d31ce48f5d404f1284f34b3e327e', 42, 1, 'user', '[]', 0, '2019-05-07 04:47:27', '2019-05-07 04:47:27', '2020-05-07 10:17:27'),
('12de18688308587f5c6dfefa78ddbc3249aa08b0952b55d20762f724a73fa4ab445bb40b78548e46', 57, 1, 'user', '[]', 0, '2019-05-10 07:44:06', '2019-05-10 07:44:06', '2020-05-10 13:14:06'),
('14a3e8378ac1b9af4a863aa990d5da1bc26370211254fd05ad608bc807fb8a8b59875e60570ab606', 24, 1, 'user', '[]', 0, '2019-05-01 03:48:23', '2019-05-01 03:48:23', '2020-05-01 09:18:23'),
('14b737d828891ec45afe72239688c623cce59b4e3032058fc8207cb31023b45ac020354ce2ee0477', 57, 1, 'user', '[]', 0, '2019-05-10 05:18:31', '2019-05-10 05:18:31', '2020-05-10 10:48:31'),
('1510e74722d63191074bd3b98e79a1c746179b458fd5c218c35ff36b1ae9ede02b0ee788d61f375d', 55, 1, 'user', '[]', 0, '2019-05-16 06:56:02', '2019-05-16 06:56:02', '2020-05-16 12:26:02'),
('15c6c833a411fe3ffcc1535756315e5f8f84a1f7a905dfb487d1065f597e95ba27ff2aac37beaaa4', 3, 1, 'user', '[]', 0, '2019-01-22 04:00:12', '2019-01-22 04:00:12', '2020-01-22 09:30:12'),
('15ed7a1d666b14a3c99ecabd4c3d5397619de2263a999f6d812b00c6a79e443c2cc9f5f61888fe87', 47, 1, 'user', '[]', 0, '2019-05-09 05:54:46', '2019-05-09 05:54:46', '2020-05-09 11:24:46'),
('1699b64a767d765ad3233c9affa9af7a699bd51019a6dae9772110c26a8e57af5b179e39a53b3197', 24, 1, 'user', '[]', 0, '2019-05-01 03:51:23', '2019-05-01 03:51:23', '2020-05-01 09:21:23'),
('173e7730e0810b1283fbcf5b6c5b39fe21c2eea12c11b344ba2b13333a3555c5a6d6afa42225248a', 54, 1, 'user', '[]', 0, '2019-05-08 07:13:47', '2019-05-08 07:13:47', '2020-05-08 12:43:47'),
('17ec615073a8af918e8842e149115946c3e4952f2c4712bcba9611667e1c7f1943f862e93f149a88', 3, 1, 'user', '[]', 0, '2019-01-25 03:45:25', '2019-01-25 03:45:25', '2020-01-25 09:15:25'),
('18140f9194b2d45cfd88ca8a3fdc08edd2fbef0f1eaa801cad613e7cc4b400d59a971dee8ef53ef5', 55, 1, 'user', '[]', 0, '2019-05-09 03:55:17', '2019-05-09 03:55:17', '2020-05-09 09:25:17'),
('1884f299d5128717eacb636571d2d7f953895e7acc823d14bca2771542a33b440f0368fbde2f77db', 5, 1, 'user', '[]', 0, '2019-01-25 02:04:48', '2019-01-25 02:04:48', '2020-01-25 07:34:48'),
('19b3a04a1ef2dbc9a0863687ad72491fb0d417b73411c98af38aa2f937184b3bbc54f7817126e5f0', 6, 1, 'user', '[]', 1, '2019-01-28 02:09:33', '2019-01-28 02:09:33', '2020-01-28 07:39:33'),
('1a274492c982777339a13265b7307e5d3beec5b4adc238b142e0694685b062238f1a9ca41931c39e', 42, 1, 'user', '[]', 0, '2019-05-07 05:40:37', '2019-05-07 05:40:37', '2020-05-07 11:10:37'),
('1a54a8e9ad7ad33229e9e8b97a5e7f575791143a22a67cb99d58ffa6a6031c995ee5cd1d4391f8af', 96, 1, 'user', '[]', 1, '2019-05-16 03:50:40', '2019-05-16 03:50:40', '2020-05-16 09:20:40'),
('1a805842f292668dc4c9b77d4cdde1a1f3ccdd20d04adcceb218c2febeea68134f132a206e196d1a', 84, 1, 'user', '[]', 0, '2019-05-16 02:09:24', '2019-05-16 02:09:24', '2020-05-16 07:39:24'),
('1aaec3a7a1b481979ed2b34ce5929829e7db7f976c69c61e7716a5768486c111b450de2928f327e9', 54, 1, 'user', '[]', 0, '2019-05-08 07:06:58', '2019-05-08 07:06:58', '2020-05-08 12:36:58'),
('1b116ad61e51d8c5f68d60106f13231a0079cddced7f9f0c24ba41d0858e5e6c46cfb3c5967e20b6', 84, 1, 'user', '[]', 1, '2019-05-16 06:35:50', '2019-05-16 06:35:50', '2020-05-16 12:05:50'),
('1b7ce1bc5ccd2920953bf0f3b0656116d9ee007859c1121c0515a6a38fc2a75aa402d080446f62ae', 55, 1, 'user', '[]', 0, '2019-05-16 06:37:40', '2019-05-16 06:37:40', '2020-05-16 12:07:40'),
('1c22c83b3a30cb26132a5a271e96aaca2f944c20bf61f52e9e7d8629a0f3980b4947df84b6ad6b15', 3, 1, 'user', '[]', 0, '2019-04-30 00:57:52', '2019-04-30 00:57:52', '2020-04-30 06:27:52'),
('1c606bd9a8034e4fbc8d5d3f61c02ca5f7fd31c35dd1ea51b86dea99d6a5e416c140bf04199a1a4a', 57, 1, 'user', '[]', 0, '2019-05-10 07:33:13', '2019-05-10 07:33:13', '2020-05-10 13:03:13'),
('1e01c745cf435fcdc5dabe7a5700c796c801af060acb74762f3614258b49faa04d1ffbd01ab1d016', 44, 1, 'user', '[]', 0, '2019-05-07 01:27:09', '2019-05-07 01:27:09', '2020-05-07 06:57:09'),
('20ea40f285045ec91d6204fd76bf70d3930ad332da005a7995135d537de0311c964008c871872edd', 42, 1, 'user', '[]', 0, '2019-05-03 04:51:10', '2019-05-03 04:51:10', '2020-05-03 10:21:10'),
('220bd78863e75e4f0f42bdf97c2705b9437d6a99c2ab9c6a40bf56d8aca32c37adf46026bfd2b2a1', 3, 1, 'user', '[]', 0, '2019-01-23 01:20:01', '2019-01-23 01:20:01', '2020-01-23 06:50:01'),
('230d54258925b720124ce5e03d9567b0c72e9865a8e3352adfe13b5dd3600149d0b42c44cd6f80d6', 42, 1, 'user', '[]', 0, '2019-05-03 05:38:41', '2019-05-03 05:38:41', '2020-05-03 11:08:41'),
('23435b22f0978aa750359720f32d8be88e86eed9b3a8065dab98d5ccd3d721abcd4e7c3445910433', 89, 1, 'user', '[]', 0, '2019-05-13 02:12:30', '2019-05-13 02:12:30', '2020-05-13 07:42:30'),
('24df8680430ea0e4359c26ed8c74ba92eee1d82ceb0269d89d2ec92c6a789fd39aa04ae5d4153729', 42, 1, 'user', '[]', 0, '2019-05-03 03:59:39', '2019-05-03 03:59:39', '2020-05-03 09:29:39'),
('2548d4fe9f148d8c4c6558b2b761c1f07afe9e7df9e8e1b3ebcf80b1bc939d9a29084b254c99da70', 44, 1, 'user', '[]', 0, '2019-05-07 01:24:45', '2019-05-07 01:24:45', '2020-05-07 06:54:45'),
('264ec38104f493516fff79546ac27191aeb1573e9e7eb94ca18edd43385c8562ccee303a2106bef2', 24, 1, 'user', '[]', 0, '2019-04-24 07:58:24', '2019-04-24 07:58:24', '2020-04-24 13:28:24'),
('266c415f91dfb04c8ef1509dbf2b34b4c5a5a63e78a292b21d93019594073a0e05feefce942f8893', 2, 1, 'user', '[]', 1, '2019-01-24 06:07:52', '2019-01-24 06:07:52', '2020-01-24 11:37:52'),
('272a230b71b6eaef5fed5d4b77af4c6a2ccbd08d906218363a123902d9b344456a222b80e078d580', 42, 1, 'user', '[]', 0, '2019-05-03 06:35:58', '2019-05-03 06:35:58', '2020-05-03 12:05:58'),
('27ed0fa4d853c0b41de571f710688800293f6d1c35fb726ed9d4e300d735989f028d7fc58ddbb51b', 87, 1, 'user', '[]', 0, '2019-05-13 01:34:06', '2019-05-13 01:34:06', '2020-05-13 07:04:06'),
('29909436933f28ac85c1523828be1cde4f955dd5ba234e52b4019ef3b9ae68d43241b80a7185f84a', 42, 1, 'user', '[]', 0, '2019-05-03 01:56:20', '2019-05-03 01:56:20', '2020-05-03 07:26:20'),
('2c31e28a43f7011f6f97f70ac65f4ad3a1b5903300a8415d6a9ef375d5777fe6146ecbd25df096d7', 57, 1, 'user', '[]', 0, '2019-05-10 07:12:58', '2019-05-10 07:12:58', '2020-05-10 12:42:58'),
('2c3eed16089cfe1feddb2e873f60b88abae3936669ef7a381055e4ae595a8ae242cc7df33f37a55d', 96, 1, 'user', '[]', 0, '2019-05-16 01:23:39', '2019-05-16 01:23:39', '2020-05-16 06:53:39'),
('2c4f71245ebdff998545621d3e2d5efeb2932d65673f417d6bce96a4036bebbfca6b5bff4ea33090', 42, 1, 'user', '[]', 0, '2019-05-08 05:22:13', '2019-05-08 05:22:13', '2020-05-08 10:52:13'),
('2f50463f901d1ad4c8dc4810cb6b00f0c234dc94da546de550bc3f586beab7d458635c673a80b38d', 26, 1, 'user', '[]', 0, '2019-04-25 04:41:43', '2019-04-25 04:41:43', '2020-04-25 10:11:43'),
('30384d8f5e29e9a87d46f7211744ab2cdf2734cc718203c84d183da413dbc99e6da8156ad29cbc9f', 84, 1, 'user', '[]', 1, '2019-05-16 06:00:36', '2019-05-16 06:00:36', '2020-05-16 11:30:36'),
('30eaf7a759cadcc43cc0ae853cedb5a5ccf5427a5095bfdb1658aa558c98d3a2c46698debcda529a', 84, 1, 'user', '[]', 1, '2019-05-17 00:20:37', '2019-05-17 00:20:37', '2020-05-17 05:50:37'),
('32e8df31ff6a166eeaad2e7a69c76e2945ddca9da972344b4bb7d19823f763392b7e9223f4316927', 71, 1, 'user', '[]', 1, '2019-05-12 23:01:56', '2019-05-12 23:01:56', '2020-05-13 04:31:56'),
('32f1d1def32293fc47825983c1b972869743fdc68d2da4309af52cf72b28d059e87234a4e259ec61', 8, 1, 'user', '[]', 0, '2019-01-24 06:39:36', '2019-01-24 06:39:36', '2020-01-24 12:09:36'),
('33c4248fa7e076b06122c4b3d357e1f63b0709189e9486b3a00b2862c827e6a97cc3274770575b42', 57, 1, 'user', '[]', 0, '2019-05-10 07:14:36', '2019-05-10 07:14:36', '2020-05-10 12:44:36'),
('33f72c0bfbd3a9c8e0f780d13f5a7f57f488ccfc986293e46fdb400a89c8cfd4557e21e9d90c1977', 5, 1, 'user', '[]', 0, '2019-01-25 05:42:03', '2019-01-25 05:42:03', '2020-01-25 11:12:03'),
('33fca877a807d187d06ba48fb3bed592e316c695328ccf662875d6bcf0b9782c66ba9166501c5858', 24, 1, 'user', '[]', 0, '2019-04-24 08:09:44', '2019-04-24 08:09:44', '2020-04-24 13:39:44'),
('349ed541c66e0c7c68e5d88c5a155478b6365b812050d9b983b1bd3b5371f87f852ddb59bc0f9d55', 84, 1, 'user', '[]', 0, '2019-05-16 02:31:34', '2019-05-16 02:31:34', '2020-05-16 08:01:34'),
('34e27329acc9da1e05450e4133501342e9261e99022b02d4841906c93a33c6739731629d287d64cc', 81, 1, 'user', '[]', 0, '2019-05-10 08:33:53', '2019-05-10 08:33:53', '2020-05-10 14:03:53'),
('350a97db0d2a27ee5cc1b22beb62ce4d00a506f3750ee90d1567e0c6b37c72374202a25d176d1ef5', 48, 1, 'user', '[]', 0, '2019-05-07 02:21:01', '2019-05-07 02:21:01', '2020-05-07 07:51:01'),
('35c9eb1288ec9d84981ccdc3e04b1eb0ffece14da790008c670347e11cf9ac453735895a4e9b8544', 3, 1, 'user', '[]', 0, '2019-04-19 04:48:58', '2019-04-19 04:48:58', '2020-04-19 10:18:58'),
('3618c5be1fccb8e77dcd235980e44222f32c0c1451c018542b06e9719ff0e66562862f736b85f5cd', 24, 1, 'user', '[]', 0, '2019-04-24 06:22:09', '2019-04-24 06:22:09', '2020-04-24 11:52:09'),
('364167c8e5bbc993f5672b041614e91444549d6593759bbb847e82689df63e2d42b501d8783501b3', 15, 1, 'user', '[]', 0, '2019-03-20 05:18:15', '2019-03-20 05:18:15', '2020-03-20 10:48:15'),
('3709f47e72f2929db7e26831dc0bca4fd2cf5916f34442ed606cf4148ccb618c90ac02dc480c29f4', 42, 1, 'user', '[]', 0, '2019-05-03 06:13:36', '2019-05-03 06:13:36', '2020-05-03 11:43:36'),
('373ff20c009f0d35f6fa49038664c837eb5b556122a6135ef2ae1c50985a04ff166a6dee7e2e0389', 24, 1, 'user', '[]', 0, '2019-05-01 05:39:50', '2019-05-01 05:39:50', '2020-05-01 11:09:50'),
('384fbd178b75beea67b47896a0e0f75d53edc72d4a7037ac524bfc8f6c89b6f0a4a1cb2a3b21275e', 2, 1, 'user', '[]', 1, '2019-01-24 06:10:24', '2019-01-24 06:10:24', '2020-01-24 11:40:24'),
('38d01f7188d93b97d3ac2af0efb6d05a0817affca8b29f2fef18010abbc9487ccd1f9210f6168620', 6, 1, 'user', '[]', 1, '2019-01-24 04:25:40', '2019-01-24 04:25:40', '2020-01-24 09:55:40'),
('3915c91fb10e6b062d470ec0f166932a69a0ff4113078e781ddd27110870038cdcb88a12b92bdf6f', 42, 1, 'user', '[]', 0, '2019-05-02 05:45:47', '2019-05-02 05:45:47', '2020-05-02 11:15:47'),
('3962678288b2597fc5e535c1a9afc40f2b3593d768b3ddb02951f93bd7945ddbbfc469b1f945723a', 84, 1, 'user', '[]', 0, '2019-05-15 06:58:06', '2019-05-15 06:58:06', '2020-05-15 12:28:06'),
('3ac370ef7d717cb3173ecc4001c81abaefd71162717af591e382a83b53d3560aea6b7845a3415923', 84, 1, 'user', '[]', 0, '2019-05-14 05:30:16', '2019-05-14 05:30:16', '2020-05-14 11:00:16'),
('3b6cf9c5ebcb2be15754b0325c0820fa6cc2d4cb7c246264a52fab06bb40dc8dee64274d44792fd4', 87, 1, 'user', '[]', 0, '2019-05-13 01:32:25', '2019-05-13 01:32:25', '2020-05-13 07:02:25'),
('3c5561f4262a9202dae566e05b204e12d3f3066fc89c099674b83efc22492348043d5ce83bc4244f', 15, 1, 'user', '[]', 0, '2019-03-29 06:19:00', '2019-03-29 06:19:00', '2020-03-29 11:49:00'),
('3d373ccaacd215169cb3192ce5558da4319eece50dc43ea206339bc325298ee44d9f95dbf6da699b', 11, 1, 'user', '[]', 1, '2019-01-24 07:17:11', '2019-01-24 07:17:11', '2020-01-24 12:47:11'),
('3d587bbc0da17cd69a27e6edae2d4b684f1d9e3bf0cca9e2984881370d473d2402b3385a414f73f3', 5, 1, 'user', '[]', 0, '2019-01-22 04:56:34', '2019-01-22 04:56:34', '2020-01-22 10:26:34'),
('3dd868c278c5282ddabcde0f94fc413c4050a9a0715b5e653d54392a5e0207e6e47af4aa77cf18d3', 42, 1, 'user', '[]', 0, '2019-05-03 03:32:42', '2019-05-03 03:32:42', '2020-05-03 09:02:42'),
('3f4dc6996d74b9863b7f967734169dab55a72588dc20f06e37389c9c844bd30e893146bee1687a75', 44, 1, 'user', '[]', 0, '2019-05-02 23:17:21', '2019-05-02 23:17:21', '2020-05-03 04:47:21'),
('404f595da0603459c39bba6727be00e6ad80a30d519e4179861353a1588cf39b41e3e4081b99ef62', 13, 1, 'user', '[]', 0, '2019-03-29 06:21:02', '2019-03-29 06:21:02', '2020-03-29 11:51:02'),
('40c98ea14223d6aac2a95a1c71fe1f321ef8da62f2282249b3a90b0cf25b30095f9c9ce4896f304c', 24, 1, 'user', '[]', 0, '2019-04-26 08:15:03', '2019-04-26 08:15:03', '2020-04-26 13:45:03'),
('41e11cf01e3765177f22b270fb8945beb5da4d2fa4c62131e3eda730caa96b2a9bb0c74bf21fef0d', 42, 1, 'user', '[]', 0, '2019-05-03 01:39:10', '2019-05-03 01:39:10', '2020-05-03 07:09:10'),
('42351ddd23a878d254c8434f8ccf3e1ca9e98f686493a101e9f888d018fba6d0144826aeaa7482e4', 57, 1, 'user', '[]', 0, '2019-05-10 07:10:00', '2019-05-10 07:10:00', '2020-05-10 12:40:00'),
('424f0b472a5d871b7663e349ec9da677381513cb71cd24d3c9ff026a23dbfe1703f7b839d8339bf3', 94, 1, 'user', '[]', 0, '2019-05-15 01:23:18', '2019-05-15 01:23:18', '2020-05-15 06:53:18'),
('42548244a318f4383f3b45301d8249ac10cac214d5c9c81c839fc7fbf3265b62dd04345d5d324b09', 55, 1, 'user', '[]', 0, '2019-05-09 05:23:05', '2019-05-09 05:23:05', '2020-05-09 10:53:05'),
('4681788473543aedc8bc170555414cbcb2f5d3e2f909658f85b6c9162577b15ed7b9195b22991607', 42, 1, 'user', '[]', 1, '2019-05-17 03:34:38', '2019-05-17 03:34:38', '2020-05-17 09:04:38'),
('46a51264c76d5f2f755c1cde59a6b06561f6426ac1135bffbdb279a2beb5a7294b84abc07b1e82b3', 55, 1, 'user', '[]', 0, '2019-05-15 01:43:51', '2019-05-15 01:43:51', '2020-05-15 07:13:51'),
('47653767b4d7ce148827b4cd09ec8d9a4c4f5cfb9e32a50a0d0eb918a412497c9a9ede18454e8848', 24, 1, 'user', '[]', 0, '2019-04-24 06:09:26', '2019-04-24 06:09:26', '2020-04-24 11:39:26'),
('48e1a8fbe2ea5c846cc3c37630bfb9ce883f0d9a4e833d037da102f99ddc453f158e06c4ad8ace42', 42, 1, 'user', '[]', 0, '2019-05-08 05:53:20', '2019-05-08 05:53:20', '2020-05-08 11:23:20'),
('48ec69d27f670d00f839fe89a8e24f264b33ea15075bb5dd5795d3e98352ca8835a7ab7346f04959', 98, 1, 'user', '[]', 1, '2019-05-16 03:57:52', '2019-05-16 03:57:52', '2020-05-16 09:27:52'),
('4939008bc839870b979f6429c8ccb502cbd7821173f62f63dc8ae1dcbe1725d489ba598551db1770', 24, 1, 'user', '[]', 0, '2019-04-24 06:21:00', '2019-04-24 06:21:00', '2020-04-24 11:51:00'),
('4951f88ff8732f9d95578d17265b2d96f0954c1ab0fc2462cb04150fac890b48b1e67d133fb13c11', 42, 1, 'user', '[]', 1, '2019-05-08 06:46:32', '2019-05-08 06:46:32', '2020-05-08 12:16:32'),
('498646e1a854fece9398927d3b87a193095f4041de659fa64ae36bbfcea1ba6da93982e09fd5b8dd', 83, 1, 'user', '[]', 1, '2019-05-10 08:37:23', '2019-05-10 08:37:23', '2020-05-10 14:07:23'),
('49ee72b5e31c046600d490bfccfce991953882aadcf13795fb147eed756e9f6d24fe73d7689f540e', 15, 1, 'user', '[]', 0, '2019-04-09 04:58:14', '2019-04-09 04:58:14', '2020-04-09 10:28:14'),
('4a1359e69c0e80d88ca0a42cf052568c22179c9a59f5acb2ae6131ce5fa9698f91caee6729f1c4b9', 54, 1, 'user', '[]', 0, '2019-05-08 07:31:08', '2019-05-08 07:31:08', '2020-05-08 13:01:08'),
('4a468062fe83f153227a44a821e7bc5cf448298bbed3a94fff5c47e284a8aed658d4a7a302fae5e0', 3, 1, 'user', '[]', 0, '2019-04-30 00:18:55', '2019-04-30 00:18:55', '2020-04-30 05:48:55'),
('4b39543d7bf76a4b2d91b4951d516ee60e3db8938e899456741a80238c0d1e291158ebc7cd83dfc0', 3, 1, 'user', '[]', 0, '2019-04-30 00:56:52', '2019-04-30 00:56:52', '2020-04-30 06:26:52'),
('4b6924c608a772997c0b99cb576ef082fe349149430193aac811d29f3afd21ec4631abf3d5b3b495', 42, 1, 'user', '[]', 0, '2019-05-03 04:14:18', '2019-05-03 04:14:18', '2020-05-03 09:44:18'),
('4c5ae2a941bd7371764cdfff76fc71a3d28e1b4413f961d65cdbbae8b5af00ce67c0c0ca9bbb753d', 84, 1, 'user', '[]', 0, '2019-05-16 22:58:00', '2019-05-16 22:58:00', '2020-05-17 04:28:00'),
('4cd74804f976c394beae67f6dddd6a0b4380a313bd82515e5ef5911572ae58b1ce56b2e81792b572', 24, 1, 'user', '[]', 0, '2019-04-24 08:13:45', '2019-04-24 08:13:45', '2020-04-24 13:43:45'),
('4cd856cf3dd6909f5afe14c7d756700ed584eeb769768b66377824e3d53d7c38f6560fbb868581cc', 24, 1, 'user', '[]', 1, '2019-05-01 23:18:20', '2019-05-01 23:18:20', '2020-05-02 04:48:20'),
('4cd8cc8d8065a432a04d866ff2a23b6efc7239f211c0c051887a6d8edb1126392be22a5567dc23fc', 42, 1, 'user', '[]', 0, '2019-05-08 05:23:53', '2019-05-08 05:23:53', '2020-05-08 10:53:53'),
('4d68f6d5353c86c4b5ebd426fb28964c0bbf8669d9a58ca2248334b662e9cebc5c0a37c273ae72e5', 55, 1, 'user', '[]', 0, '2019-05-09 05:26:22', '2019-05-09 05:26:22', '2020-05-09 10:56:22'),
('4d926d32ef2b4f5d2b4273c5b14e24a2f525136cbfedb740d3c7192d2e27ebc87a92f7ed3493cc50', 24, 1, 'user', '[]', 0, '2019-04-30 08:00:06', '2019-04-30 08:00:06', '2020-04-30 13:30:06'),
('4d961d267ef9dc7cc753a581fd099103bc65c85762e2b1d6ec8853b3cc4df9e72a76a8e200d95c40', 57, 1, 'user', '[]', 0, '2019-05-10 07:40:18', '2019-05-10 07:40:18', '2020-05-10 13:10:18'),
('4e09e89c4f62cabcf72638101ebb8b729b9bdbb1cc78cc1a965f5e731c92d7fc38e09e9778f4cba6', 96, 1, 'user', '[]', 1, '2019-05-16 05:49:21', '2019-05-16 05:49:21', '2020-05-16 11:19:21'),
('4e33f7efd64eaad2ed07b8514845dcdb76687f1f48b99e249c631c7017f7edeb37ea5b45625e9c83', 55, 1, 'user', '[]', 0, '2019-05-09 05:48:16', '2019-05-09 05:48:16', '2020-05-09 11:18:16'),
('4e385065b050098787e5ddd070890e4b4698142766b58dcf64f9e5f909da01ceec9b09f8b5745395', 24, 1, 'user', '[]', 0, '2019-05-01 06:47:41', '2019-05-01 06:47:41', '2020-05-01 12:17:41'),
('4e4a3015521b97dd95d19e0835f07a4a967978066cc6a08a4fa60e5a265b75c485fc872ee0d4b89f', 44, 1, 'user', '[]', 1, '2019-05-09 04:47:03', '2019-05-09 04:47:03', '2020-05-09 10:17:03'),
('4e60a22a5a27f2fee59d548455c8c9d2334a6e19778fa91fadd83f284acbc5e7a01de6aae525432c', 71, 1, 'user', '[]', 1, '2019-05-16 01:19:54', '2019-05-16 01:19:54', '2020-05-16 06:49:54'),
('4f8fa7394d01e7e6168c16a2d7b3a2e1784a83fda9855d5c1716cd66dbed60f6bb4359a669655b0b', 55, 1, 'user', '[]', 0, '2019-05-16 06:40:32', '2019-05-16 06:40:32', '2020-05-16 12:10:32'),
('4fe7124e089714194f48162fd4c97a9d5588708a8bf56dbb76822a1d56cecb3aecbc2be89f6d256d', 84, 1, 'user', '[]', 1, '2019-05-17 05:04:24', '2019-05-17 05:04:24', '2020-05-17 10:34:24'),
('50ef67a39fb8a402074fbdbbca31fc8553e5e628956106bf9a1ae8d446203e956c4bdbf9eb66f72c', 47, 1, 'user', '[]', 0, '2019-05-06 07:50:31', '2019-05-06 07:50:31', '2020-05-06 13:20:31'),
('50f1235b70e4d8c0fcc360f8476475bac86dfff77a598b7411ddf3829479e223a73be2da39dce8f6', 99, 1, 'user', '[]', 1, '2019-05-16 07:04:29', '2019-05-16 07:04:29', '2020-05-16 12:34:29'),
('50ffbc22d750d23097c836ee4859001cf09a77ee2e605e8ba49c2be668225c471fb08920b64163ae', 5, 1, 'user', '[]', 0, '2019-01-22 05:51:17', '2019-01-22 05:51:17', '2020-01-22 11:21:17'),
('5150674f4e4efa7406f79e22cc922b6dc7167b84623c84200c6d368d48fe4715a329990a5fb6186c', 42, 1, 'user', '[]', 1, '2019-05-09 05:17:02', '2019-05-09 05:17:02', '2020-05-09 10:47:02'),
('52434f243f65e3d8d2fd663651cdf1dc2d2ed8b9a154386a5366326bfba815fab50f8fe2bc4cb93c', 14, 1, 'user', '[]', 0, '2019-03-13 05:13:16', '2019-03-13 05:13:16', '2020-03-13 10:43:16'),
('52b6f3e8a529e422aca75aa36fb2fd01e14f0b9e6dd4cb73ae6023abb4e6ef28127d830a0216d772', 43, 1, 'user', '[]', 0, '2019-05-02 05:55:20', '2019-05-02 05:55:20', '2020-05-02 11:25:20'),
('5305d3167a693905a5bcd61887949dd0b1fd2d7d3b67464f5f456b7c42d48e43166a9349a0476f9a', 24, 1, 'user', '[]', 0, '2019-05-01 23:09:01', '2019-05-01 23:09:01', '2020-05-02 04:39:01'),
('531862f2298dc4baa102b0d6b5f6839891afa08e41977183ba516a6a7abc20b8a913f110fb2c9fca', 3, 1, 'user', '[]', 0, '2019-04-25 01:31:26', '2019-04-25 01:31:26', '2020-04-25 07:01:26'),
('53a7a06423c8f9043ea96aeb3147e0c6f992d3c4312264910ed66e5c91738d4799e92c368f3d6713', 42, 1, 'user', '[]', 0, '2019-05-03 05:37:46', '2019-05-03 05:37:46', '2020-05-03 11:07:46'),
('53ca7769f359080890a160ac114885e397310dc594136771cfa26441caea26f5e79af7255329da5f', 13, 1, 'user', '[]', 1, '2019-01-25 05:43:11', '2019-01-25 05:43:11', '2020-01-25 11:13:11'),
('5536fc5a47755c3e03edcd0357e3446340fe615ea9a6a80e8a8762c6617c14707e37f99048bd33cc', 55, 1, 'user', '[]', 0, '2019-05-15 02:14:04', '2019-05-15 02:14:04', '2020-05-15 07:44:04'),
('55ee3236eb7879e8a0631e7b39d1b48ce357cde2b63452e9f6f68177cd68ef685871d8c3584278dc', 3, 1, 'user', '[]', 1, '2019-01-22 06:39:00', '2019-01-22 06:39:00', '2020-01-22 12:09:00'),
('56298b91f47f9a7cb539d7390565eb4d86a9e81881055336b2f63d697df2d41ae8bbe2c68f83c622', 25, 1, 'user', '[]', 0, '2019-05-01 00:44:02', '2019-05-01 00:44:02', '2020-05-01 06:14:02'),
('5632eebac3d3e693d2f10de4a2015c8c64c28980909db35bb13f8e205245083cc42b24b4d3f3f871', 24, 1, 'user', '[]', 0, '2019-04-26 08:13:52', '2019-04-26 08:13:52', '2020-04-26 13:43:52'),
('563e564819d1d0f6a1a9e96f0dc27584012df4e39788669c64b0f8048314e3b8c06720c167160285', 2, 1, 'user', '[]', 1, '2019-01-23 07:25:42', '2019-01-23 07:25:42', '2020-01-23 12:55:42'),
('56bd5473219b0e6df0ea440a8f65c3f9cfe03162348623efcdf9e2c4e09c2f3c4184f2cfa8722f81', 24, 1, 'user', '[]', 0, '2019-04-30 08:56:44', '2019-04-30 08:56:44', '2020-04-30 14:26:44'),
('570a53a2c7c782888619eb07642e4dc1f70d3ecffd1b21da7b5cc0f784b84cce3b4bd4b1cb20b4ae', 24, 1, 'user', '[]', 0, '2019-05-01 07:36:43', '2019-05-01 07:36:43', '2020-05-01 13:06:43'),
('570b6fded96a16e2741a6dcb2ee311f46507af4e4101a7344a239ce00e37006963fb9d1cc0c58acc', 57, 1, 'user', '[]', 0, '2019-05-10 07:41:56', '2019-05-10 07:41:56', '2020-05-10 13:11:56'),
('580032e838407e4242aba3c8a6f470eca9ac4b3e9799f4dd96f8abe5d8d9c8e8f4822b5be12cc63e', 71, 1, 'user', '[]', 0, '2019-05-12 23:16:07', '2019-05-12 23:16:07', '2020-05-13 04:46:07'),
('5815771e275a04832300352e3d3b315fedc228b5a15faabad58e927d1d865dcdf119a24186843b22', 24, 1, 'user', '[]', 0, '2019-05-01 07:10:47', '2019-05-01 07:10:47', '2020-05-01 12:40:47'),
('58619ea8be97cc34b3f79ad1147b98d9dc0489cf018a9c4667e778fdd9e46a392209e74dd946fd50', 55, 1, 'user', '[]', 0, '2019-05-15 01:32:58', '2019-05-15 01:32:58', '2020-05-15 07:02:58'),
('5872500d89a05fd6575c3ea2c415c4f2df59472cd859828e99da23ee11fb375efee0715389b70f1a', 84, 1, 'user', '[]', 1, '2019-05-16 00:56:20', '2019-05-16 00:56:20', '2020-05-16 06:26:20'),
('588eb87516d6d4f5ae6890dd5119b89e438cc7d8011b23d75665df819241c6e17a9ada43063af1dc', 97, 1, 'user', '[]', 0, '2019-05-16 01:34:09', '2019-05-16 01:34:09', '2020-05-16 07:04:09'),
('58ca0c6b423233f45541e9650db00df64876b3b35acda1182cd2e3e88df9a941c87d4a33645519cd', 57, 1, 'user', '[]', 0, '2019-05-10 07:37:59', '2019-05-10 07:37:59', '2020-05-10 13:07:59'),
('58e2e6d0f2837fe8d0aa856e66ac8a4fd7aabe6f1d5a98c6c3069c3e5a6fa96e0870d28092794ba6', 47, 1, 'user', '[]', 0, '2019-05-09 05:53:38', '2019-05-09 05:53:38', '2020-05-09 11:23:38'),
('59ce3996ae944e4c607bbba894e6351da1ae3f1c3f729af3b7b4e96c979e3f496d2557f84096a361', 12, 1, 'user', '[]', 0, '2019-01-24 07:23:01', '2019-01-24 07:23:01', '2020-01-24 12:53:01'),
('59cec1dfc8a0464b84a103126f2b81d7ea08258bb72b660510bb404b54cf534f44051aef018b70e3', 24, 1, 'user', '[]', 0, '2019-04-26 06:58:17', '2019-04-26 06:58:17', '2020-04-26 12:28:17'),
('5b221abe31ea31bd00f62b0927288d184fb513eff5b7bf3d513e902eadc751199ca1f34e34f4bcc8', 42, 1, 'user', '[]', 0, '2019-05-03 06:16:31', '2019-05-03 06:16:31', '2020-05-03 11:46:31'),
('5b323d189e2490d3f5d4574c2cb0fe4c7a135fd8f478f94764e56dc9b9dd03cafe6e5e3ecea82a28', 24, 1, 'user', '[]', 0, '2019-05-01 06:41:09', '2019-05-01 06:41:09', '2020-05-01 12:11:09'),
('5b3f9e9e501a0a5138534ff24696a6f5bc74dbc3a4e73fcc87521c7791f1809ff73f0ecfc88e1e16', 24, 1, 'user', '[]', 0, '2019-05-01 07:25:34', '2019-05-01 07:25:34', '2020-05-01 12:55:34'),
('5bf263f4e917bd8876fe86d9a85f4b929064ce8781ff4ff74cfb8b52a02bcef8da949a4fa91c471a', 48, 1, 'user', '[]', 0, '2019-05-07 02:27:27', '2019-05-07 02:27:27', '2020-05-07 07:57:27'),
('5c1793347f177fcc2b4cd9b298bfeacdcca618656911e4e7fde66ccbb14fcc7b08d5a490789dd5ae', 13, 1, 'user', '[]', 1, '2019-03-20 05:25:23', '2019-03-20 05:25:23', '2020-03-20 10:55:23'),
('5cb40a57d6af0fe6b63dbc06231e844364ad49a01d5eff20c7e17df7c26324d04e2ad92f1f5c6c1e', 71, 1, 'user', '[]', 1, '2019-05-12 23:17:06', '2019-05-12 23:17:06', '2020-05-13 04:47:06'),
('5d3e2aea59a6d4c32b6ab565012addf6ad2ca94ed87d8dfea298e09e592fd1b0ca6ac802ff82de66', 24, 1, 'user', '[]', 0, '2019-04-26 08:01:58', '2019-04-26 08:01:58', '2020-04-26 13:31:58'),
('5dd2de4ebef5019ab59bc6eb5e24515db51d4ac44861fdb64464b65fe2338b11183484b739667c41', 13, 1, 'user', '[]', 0, '2019-01-25 05:57:19', '2019-01-25 05:57:19', '2020-01-25 11:27:19'),
('5e83feb925939689fb44de174ff49d5e065a56cbd7bf290e59364582e158fed202406c798d4a2444', 3, 1, 'user', '[]', 0, '2019-01-23 00:03:31', '2019-01-23 00:03:31', '2020-01-23 05:33:31'),
('5eb7ead320a205261d8d1684ff9d1537cef386318efa82bf2762c1bc3395d5cda60d4d29f6df2568', 24, 1, 'user', '[]', 0, '2019-05-08 06:58:01', '2019-05-08 06:58:01', '2020-05-08 12:28:01'),
('5ebd596337b35310a9186358c3109f84f3ac8615501904f3d9bc61106766e4a87b631b7925188b97', 24, 1, 'user', '[]', 0, '2019-04-26 08:14:08', '2019-04-26 08:14:08', '2020-04-26 13:44:08'),
('5eef37a925196d3b1e1b987fee977692fd61088e6c4f15d0b5da7c7642700358484d5fdc9e490c3e', 42, 1, 'user', '[]', 0, '2019-05-03 06:29:16', '2019-05-03 06:29:16', '2020-05-03 11:59:16'),
('5f92edc9dd3bcaa19c1bc55d0c9da9b10eceee024c1502c7e0e76ccd0ef2118668ecf50d1ae69ce2', 98, 1, 'user', '[]', 0, '2019-05-16 03:54:11', '2019-05-16 03:54:11', '2020-05-16 09:24:11'),
('60620fb5f4355d2b562bbfcede3d239e2a98fd76c5a1b7acce984e87d42d977f20149b65e5dc222d', 42, 1, 'user', '[]', 0, '2019-05-03 00:41:49', '2019-05-03 00:41:49', '2020-05-03 06:11:49'),
('60c91e4d9bad8a50c8924cb8f9982feb78f6beddfe98160a403da58b18d3961e33631cd11e1fb05a', 24, 1, 'user', '[]', 1, '2019-04-26 08:16:57', '2019-04-26 08:16:57', '2020-04-26 13:46:57'),
('60d93a3f384f81bdefc7830c8bc9ce95cf56531597dec5e371a6466e535c02aac00b2dfe19a9a912', 55, 1, 'user', '[]', 0, '2019-05-15 02:20:08', '2019-05-15 02:20:08', '2020-05-15 07:50:08'),
('61a9e00ba9969c491dd0870c7942d79179e785e91ba9dcb842d7398dfb7ce926fa49b8a049344ec4', 44, 1, 'user', '[]', 1, '2019-05-16 07:35:15', '2019-05-16 07:35:15', '2020-05-16 13:05:15'),
('62fb1dc7af0c9ee9ff404d4f0ff6644cd525dcb97db352ad64f341b61e67ad0ded5a7310d25afc0e', 84, 1, 'user', '[]', 0, '2019-05-16 01:50:02', '2019-05-16 01:50:02', '2020-05-16 07:20:02'),
('62fee37f3e37a77f52b5de4a13758b7b60955a752d04eb1c58516e4a19e35e48fc9f002386a00b8f', 96, 1, 'user', '[]', 0, '2019-05-16 01:24:44', '2019-05-16 01:24:44', '2020-05-16 06:54:44'),
('6314cbfba636f7ae1f96e611c27b644b8061042cf68a06fbd5f4c589b9df2d3488908babc9bf4ace', 83, 1, 'user', '[]', 0, '2019-05-10 08:38:02', '2019-05-10 08:38:02', '2020-05-10 14:08:02'),
('6397f67ad4605ef7f506b47b48e0e9805a10ee33f870ce63470dc0c3756b82e15b433aaab705dc62', 84, 1, 'user', '[]', 0, '2019-05-16 02:31:43', '2019-05-16 02:31:43', '2020-05-16 08:01:43'),
('63ce30445b7e85b17aefbfc8e3ec2f3871a252209c3ba228e06e6e72e7bdd4c02f6cad7e2c818cbd', 44, 1, 'user', '[]', 1, '2019-05-09 02:28:11', '2019-05-09 02:28:11', '2020-05-09 07:58:11'),
('659ac3d94ca94fd5a3737eed26e3c03aa32675cf9e4b51c8d9e839f6e4da240c55dedc20bdcc355e', 3, 1, 'user', '[]', 0, '2019-01-23 05:13:11', '2019-01-23 05:13:11', '2020-01-23 10:43:11'),
('667d492047691a830c7d5e8bdb8a0a4139fe05df2ec96db47a5a991c0e8db6c0cdee39cc0a91585e', 6, 1, 'user', '[]', 0, '2019-01-27 23:37:01', '2019-01-27 23:37:01', '2020-01-28 05:07:01'),
('66c42c9a0d69b6e2a54f830a0ad1ffdd2a5d87cedb8cbbb91c45249f722c6618b62fba8a49e9420c', 6, 1, 'user', '[]', 0, '2019-01-23 06:51:23', '2019-01-23 06:51:23', '2020-01-23 12:21:23'),
('6753cff064d4cd0094d32a0d4705e490a7aefe2618cbcd96e226ca278d4c20d2f0aaa35287c5b380', 47, 1, 'user', '[]', 1, '2019-05-10 04:26:50', '2019-05-10 04:26:50', '2020-05-10 09:56:50'),
('675daa39b100a513f322cc1842558fa99194d6c27387d4f4b7e73726cdeef7968a36f92fad6e7b6d', 47, 1, 'user', '[]', 0, '2019-05-10 06:30:01', '2019-05-10 06:30:01', '2020-05-10 12:00:01'),
('68e461f6bde1deab612ef64baca8fe58ebf2823a291e0eb298e8829b908a32709e85d797a54b6d36', 97, 1, 'user', '[]', 0, '2019-05-16 01:35:01', '2019-05-16 01:35:01', '2020-05-16 07:05:01'),
('6966acf8de15923ffaea538f16ef1f7bf818bf9feab89f816ca50eb612c3d1333dedadc0cc98e211', 55, 1, 'user', '[]', 0, '2019-05-15 01:54:04', '2019-05-15 01:54:04', '2020-05-15 07:24:04'),
('69c0eb329a72af0d34ebf8192b1c9b1fefaa107d5f98339e3f037d31b5779260c015124885427dd7', 44, 1, 'user', '[]', 1, '2019-05-09 03:44:24', '2019-05-09 03:44:24', '2020-05-09 09:14:24'),
('69d49dbd0b1d9709df945e94a1a68106dfd114c2943bef64c4451fabaf231097d5311dd094926cdd', 91, 1, 'user', '[]', 1, '2019-05-13 05:11:19', '2019-05-13 05:11:19', '2020-05-13 10:41:19'),
('6ad9349d9a72050950fb60f1da5c2d27317553e185acf459b46cda2915300fadf14bce739b656a61', 98, 1, 'user', '[]', 1, '2019-05-16 03:55:04', '2019-05-16 03:55:04', '2020-05-16 09:25:04'),
('6b5122384f2f4c9a6dbfad381de7e6d6fd195ac290e905a1b162b136cdd8646ff38c3d15fcae5c4c', 58, 1, 'user', '[]', 1, '2019-05-10 06:09:53', '2019-05-10 06:09:53', '2020-05-10 11:39:53'),
('6c74675d556d2c745a97eed0a1a5d54561c72f6e4f1a1d8c1cf1b202370fae48022ff44da23e8a7f', 24, 1, 'user', '[]', 0, '2019-04-26 00:45:47', '2019-04-26 00:45:47', '2020-04-26 06:15:47'),
('6ca2c1c2e54d6116d0bd6533757c51da2ee8e8a2119548f956348ecc53407cf3219443f343acc148', 93, 1, 'user', '[]', 0, '2019-05-14 05:08:22', '2019-05-14 05:08:22', '2020-05-14 10:38:22'),
('6cfa0863e31a0f8cf1f37afdc2b2fe07190379ec8717043a730082692e74cbb302bcfa241b896139', 99, 1, 'user', '[]', 1, '2019-05-17 01:37:04', '2019-05-17 01:37:04', '2020-05-17 07:07:04'),
('6e2cacb3566c884280971a3a0c427bfdbaf5f9338c3c2afa47a18e0cc280781e294dc2a50dcd8020', 24, 1, 'user', '[]', 0, '2019-04-30 08:51:58', '2019-04-30 08:51:58', '2020-04-30 14:21:58'),
('6e850b1f957a3ce29a78ebb533382122b8df7aa572c197194ce58b23d685ad2aadbe4a3d146526f0', 54, 1, 'user', '[]', 0, '2019-05-08 07:22:40', '2019-05-08 07:22:40', '2020-05-08 12:52:40'),
('6eebed886fccdd82ddbf736f5e46e1a9532834039169a9e6364f3b36f074da7a070c7910a3c73b83', 84, 1, 'user', '[]', 1, '2019-05-16 03:48:23', '2019-05-16 03:48:23', '2020-05-16 09:18:23'),
('6eec7d712448aeefbc716a918203d0e4529f8788066f16f6308b92d2d94421ae68c05e54b04b15bf', 25, 1, 'user', '[]', 0, '2019-05-01 00:44:02', '2019-05-01 00:44:02', '2020-05-01 06:14:02'),
('7065f12cceee0c9951ca12c0b53f61b3ac9093b694ae97f297d3ddecce09bf48df882e804bb0fd28', 97, 1, 'user', '[]', 0, '2019-05-16 01:59:36', '2019-05-16 01:59:36', '2020-05-16 07:29:36'),
('70b4b6c5ccc6316b3dc1381bbe9fa61b4b1c8718c68f80b31f077f296e055979872b38f9e6378b9f', 25, 1, 'user', '[]', 0, '2019-04-25 04:54:37', '2019-04-25 04:54:37', '2020-04-25 10:24:37'),
('70ef04dc282231fb1cfbd81d1dc39c82332f6c9c6246429fc95010ff0823c47c0f06f38f1ec13504', 42, 1, 'user', '[]', 0, '2019-05-03 06:09:05', '2019-05-03 06:09:05', '2020-05-03 11:39:05'),
('71e840a3627c12d12820e07f84fa6ddb4cfc9860049e2c915ca5ca9f2540ae358f152712231ba3e8', 57, 1, 'user', '[]', 0, '2019-05-10 07:11:55', '2019-05-10 07:11:55', '2020-05-10 12:41:55'),
('71e9767dcf5c15774bfc6020735ba5b8784da997a761021da0bc00eba03dc64c430e2b0cf54cea6e', 3, 1, 'user', '[]', 0, '2019-04-22 04:46:28', '2019-04-22 04:46:28', '2020-04-22 10:16:28'),
('737090c958e1d35272c9d63ed5d511cc665b90f3a4c4a2f50b20629e2f5355354592db626a9c2b6a', 58, 1, 'user', '[]', 0, '2019-05-10 06:07:00', '2019-05-10 06:07:00', '2020-05-10 11:37:00'),
('73ae8e007c6ecc0007c0c26f2c85480612f97621e91b3c98cbc530ea85d7120fb755771faa2b3aab', 3, 1, 'user', '[]', 1, '2019-01-24 04:24:48', '2019-01-24 04:24:48', '2020-01-24 09:54:48'),
('74b10a2a8353bfb086460b85d4e56a57f967901a525b0b5645b12c2203106f2ede3a4e3e769d39b9', 5, 1, 'user', '[]', 0, '2019-01-22 05:14:42', '2019-01-22 05:14:42', '2020-01-22 10:44:42'),
('752c6f14a3a32e692049e0680cc74460709784aff43ead7f83b6b35348eac21760e8e22de42892d7', 44, 1, 'user', '[]', 0, '2019-05-07 00:52:33', '2019-05-07 00:52:33', '2020-05-07 06:22:33'),
('75fcc0b1bfaf5c8a032053d4652cad3a801a9390b7883af79fcba83ec0159fa2224a28a5467b36fa', 42, 1, 'user', '[]', 0, '2019-05-03 04:02:09', '2019-05-03 04:02:09', '2020-05-03 09:32:09'),
('7612a3fa1f4dab25ca1549ffc92d138f58a70ee0c8832132800e8c1343bd86a56048b08328996eb4', 5, 1, 'user', '[]', 0, '2019-01-25 00:57:01', '2019-01-25 00:57:01', '2020-01-25 06:27:01'),
('779f013e8c25c0a8480eb604e5a0c705c553c92c59a6bc689bc99d8866ccb2a4858afb252c972df2', 55, 1, 'user', '[]', 0, '2019-05-16 07:59:38', '2019-05-16 07:59:38', '2020-05-16 13:29:38'),
('7893b0332f9c32f3554bd446356615f08e2629de4439b09c5201b40430fb46f58696a7d2eacb66f6', 25, 1, 'user', '[]', 0, '2019-04-25 01:54:02', '2019-04-25 01:54:02', '2020-04-25 07:24:02'),
('78eb27e33a2f7efb5307296993165bc2de6d2ac97b7ceaf0738ae23e328935f9c0f912858228d084', 3, 1, 'user', '[]', 0, '2019-05-07 00:24:47', '2019-05-07 00:24:47', '2020-05-07 05:54:47'),
('7d28ee3c1d580d833a130c89b3b52aaabc18eb94d547633944ac7641a71eab31d717b1c9db7f520a', 24, 1, 'user', '[]', 0, '2019-04-30 09:06:52', '2019-04-30 09:06:52', '2020-04-30 14:36:52'),
('7d2eda6a6d389e640765f8c186655938f0b5ae9f5a61c9cf71e632f8242139f6008955d246e9c1f7', 84, 1, 'user', '[]', 0, '2019-05-16 03:40:56', '2019-05-16 03:40:56', '2020-05-16 09:10:56'),
('7dc209fe55036a2570869b63acb1e6c11b3b78c25947596bc8c602ea1d3a7904c5c853ff2be889d1', 47, 1, 'user', '[]', 0, '2019-05-10 05:05:55', '2019-05-10 05:05:55', '2020-05-10 10:35:55'),
('7e7dae08c782b3d9bf1341b603533dcd29f950ac803f633d6ca347180a5f53c2c68b163964831bd0', 3, 1, 'user', '[]', 1, '2019-01-24 04:34:45', '2019-01-24 04:34:45', '2020-01-24 10:04:45'),
('7f96a349aa5a271b67f35f61d17952e42ed7d0ee13ee46911f44d64512a9e79b84acc751d62e3dc0', 84, 1, 'user', '[]', 0, '2019-05-16 02:22:20', '2019-05-16 02:22:20', '2020-05-16 07:52:20'),
('804ee0852476b0e5f56fd717f8adc1819fe0361cc65a0095a3e4a39abc1507a04ed43d84ca4948bd', 94, 1, 'user', '[]', 0, '2019-05-15 01:27:46', '2019-05-15 01:27:46', '2020-05-15 06:57:46'),
('806423139de9cf95f42fdd04dc9cb21188e15a21af1b242b4d95bd9d07813d1329b80570ffa1843a', 42, 1, 'user', '[]', 0, '2019-05-03 05:20:39', '2019-05-03 05:20:39', '2020-05-03 10:50:39'),
('80be03f49ed02ca20c496e150c7a1bd196d9df11de554f3f81d33cb1b7f6ec4d999e07e72e221ce2', 5, 1, 'user', '[]', 0, '2019-01-22 04:55:29', '2019-01-22 04:55:29', '2020-01-22 10:25:29'),
('80f0a726736737aef710e8ebf6205d438a57326f4035d6bf430eaf4b6b76b488589f16e7c895bc6a', 5, 1, 'user', '[]', 0, '2019-01-22 04:43:34', '2019-01-22 04:43:34', '2020-01-22 10:13:34'),
('81014a3769586803a094eb8cdce5861bd626a1bddb7ca9bae098c416c498aabf62f0662dfe39d781', 55, 1, 'user', '[]', 0, '2019-05-15 05:13:56', '2019-05-15 05:13:56', '2020-05-15 10:43:56'),
('826c9f25afdb5f2590bb90e10795cfcabbcf0ff8d4e40900551ab248464c185e63674ab9797302df', 24, 1, 'user', '[]', 0, '2019-05-01 07:34:11', '2019-05-01 07:34:11', '2020-05-01 13:04:11'),
('82ab0a93efc366140416f8ce28637322d88c7fb494037861610dcd7fddbb28563dec016659e926b2', 42, 1, 'user', '[]', 0, '2019-05-08 05:27:46', '2019-05-08 05:27:46', '2020-05-08 10:57:46'),
('831948cffd6ad18cafa5639699169cb07506a90cb5606376890685d32259ceda20af69d4a51c958d', 42, 1, 'user', '[]', 0, '2019-05-09 03:41:03', '2019-05-09 03:41:03', '2020-05-09 09:11:03'),
('8513c86e0121db5f422d2e378afb36e0ff131109d1ed8b5fd765973ce93f8f0c41041646ad763aee', 5, 1, 'user', '[]', 0, '2019-01-22 05:53:27', '2019-01-22 05:53:27', '2020-01-22 11:23:27'),
('8599a66e0149002d44ed80e5a7e09f384c8ff2adf18580bcd6ffd7fb40dd1204f6489bb1c75456dc', 2, 1, 'user', '[]', 0, '2019-01-22 02:08:23', '2019-01-22 02:08:23', '2020-01-22 07:38:23'),
('859adbb9dbfcb858e3666f67af80c8e39e36bde080663dcd112fed72fcb2df31c697d3adcd44d685', 58, 1, 'user', '[]', 0, '2019-05-14 04:24:00', '2019-05-14 04:24:00', '2020-05-14 09:54:00'),
('859b354e64f6714cf5f6ce1c4820c55fba72989a47c05e15b7777d021fa9fc6c738c1b7a2249c1a4', 44, 1, 'user', '[]', 1, '2019-05-16 03:53:02', '2019-05-16 03:53:02', '2020-05-16 09:23:02'),
('861db646ed21b4685cc13a7522517ec37d2ec544e51c5e0cee24a3da34d0a4666ddfbcd90fc6e37f', 25, 1, 'user', '[]', 0, '2019-05-01 22:46:35', '2019-05-01 22:46:35', '2020-05-02 04:16:35'),
('86ec3b4d9160be962d01df49de9706210e70f001ca9054c24187b45ebdd7d7ae5c90cc4c8b148c74', 94, 1, 'user', '[]', 0, '2019-05-15 04:27:25', '2019-05-15 04:27:25', '2020-05-15 09:57:25'),
('8864e31dab545479779e466a91b7ac8ee1c4b9b42b7f99eb81c0a532ff116a56aa8e54b04d82efff', 24, 1, 'user', '[]', 0, '2019-04-24 08:06:43', '2019-04-24 08:06:43', '2020-04-24 13:36:43'),
('88ca5f4cba74a5afb641759917c902d8782a1ab926ff5286e829c7e9ff41cf8be6be80ac51bca886', 42, 1, 'user', '[]', 0, '2019-05-09 03:44:38', '2019-05-09 03:44:38', '2020-05-09 09:14:38'),
('8a2a05c7ad8a91b9ae11a1ec9a6779734696ece44e531dbe4213ea9803a3816acb402f8e8bdfd2e6', 87, 1, 'user', '[]', 0, '2019-05-13 02:17:44', '2019-05-13 02:17:44', '2020-05-13 07:47:44'),
('8aefe69e0db1d5b45ee7000dd19ba432eda4008a3c2d269b83f561cabf60bbd36d2426467bbf947d', 25, 1, 'user', '[]', 0, '2019-04-29 23:05:13', '2019-04-29 23:05:13', '2020-04-30 04:35:13'),
('8b746ecf282a31f8042fe93652c72626e6a8c1f895054fbd3db5d8ed0ba564b386d30328f4f548cc', 84, 1, 'user', '[]', 0, '2019-05-16 01:59:36', '2019-05-16 01:59:36', '2020-05-16 07:29:36'),
('8baf059c1e8b67165ffc12d6127b24f82d9c0063f943e29ca104de7f0b0078d2c6b7f003840db7b7', 24, 1, 'user', '[]', 0, '2019-05-01 04:57:42', '2019-05-01 04:57:42', '2020-05-01 10:27:42'),
('8bc2e103dba911e614765b7cb2cb6b4b8958d64ce38a891500e7f3d4ef4824b6802afcf20efe4305', 24, 1, 'user', '[]', 1, '2019-05-01 05:22:48', '2019-05-01 05:22:48', '2020-05-01 10:52:48'),
('8c1a22d2db26e002fd1a68021e01b8a6cccf44892cbdbae4e1b3899b756b9a6fedf55df45778cfa0', 42, 1, 'user', '[]', 0, '2019-05-02 05:58:16', '2019-05-02 05:58:16', '2020-05-02 11:28:16'),
('8c839a2c7f53ec6d09cd2bfa6140ce96da825ad48cb2c28fd846b56f1504ae5f7a37689e0b4992cd', 42, 1, 'user', '[]', 0, '2019-05-08 05:48:20', '2019-05-08 05:48:20', '2020-05-08 11:18:20'),
('8d3a34fde7f4a8a943b4f074d82f7c8d6cdc45e112dbded6611e682ff5f4e888b4e46161cde5415e', 3, 1, 'user', '[]', 0, '2019-05-07 00:26:05', '2019-05-07 00:26:05', '2020-05-07 05:56:05'),
('8da91ce0310a62fdc6b12c8a20dc669b0a51d1f4f4c3c8e9bd0aef7b16cf1aadc53b3f64f666e1f2', 57, 1, 'user', '[]', 0, '2019-05-10 07:49:15', '2019-05-10 07:49:15', '2020-05-10 13:19:15'),
('8df14b8bc2d424a4ad02129548df7d5fc3c59136a80fa9582b259b1985babeb372b23974d88cc256', 58, 1, 'user', '[]', 1, '2019-05-10 06:07:14', '2019-05-10 06:07:14', '2020-05-10 11:37:14'),
('8e58e5b0188ea4024de16ca87167991d417be32455f285f5e213d2eb6518391a68b1ea6e28618665', 84, 1, 'user', '[]', 0, '2019-05-16 03:40:45', '2019-05-16 03:40:45', '2020-05-16 09:10:45'),
('8f1037b2ddbf89905cded0fb5ce652776bf940867c04280ebc92deb8b6e51e162c62d2a05f256456', 3, 1, 'user', '[]', 0, '2019-01-21 07:43:52', '2019-01-21 07:43:52', '2020-01-21 13:13:52'),
('8f62e49ba39789b3b8394df0874882b66b192c4cd7b15272a26f8c13b26cd71514d152fe9e22c4d8', 42, 1, 'user', '[]', 0, '2019-05-08 04:29:57', '2019-05-08 04:29:57', '2020-05-08 09:59:57'),
('8f9341bc066ccbbeafdd01baef81989eda4a284c5b0d0a88a11798489e3a1ee0838b20918f6a5952', 26, 1, 'user', '[]', 0, '2019-04-25 04:29:42', '2019-04-25 04:29:42', '2020-04-25 09:59:42'),
('9000755165129b156f2114afec5a47632b44e09efe37ed00ae607b45f4041a89aa2144eb8238ba17', 90, 1, 'user', '[]', 0, '2019-05-13 04:35:31', '2019-05-13 04:35:31', '2020-05-13 10:05:31'),
('9148f56803b4ee7bf929ac1f07b57c199fb788ee4f7ae627885e88a9df182856a8349be6e05db817', 47, 1, 'user', '[]', 0, '2019-05-09 06:07:36', '2019-05-09 06:07:36', '2020-05-09 11:37:36'),
('9184a23065716e0e88082b56e15307cc2a8fcc278c62831af955193713ad772e82b2d0dd07cea592', 26, 1, 'user', '[]', 1, '2019-04-25 07:31:13', '2019-04-25 07:31:13', '2020-04-25 13:01:13'),
('9271ba2ff70f165df4188dc881013966ff77fa17b9bc9190be4bd83e3240d8334b4bfb8684c0ffd4', 24, 1, 'user', '[]', 1, '2019-05-01 05:12:57', '2019-05-01 05:12:57', '2020-05-01 10:42:57'),
('92c3bde9a6ddc15d5c12badd3f4c6eaf383860205bca8c01585f91bab3bb9edf3052069a3b4cf20c', 42, 1, 'user', '[]', 0, '2019-05-09 03:47:49', '2019-05-09 03:47:49', '2020-05-09 09:17:49'),
('935285af0ba0410681a415f726ffa590f5447429292f9c6650464fd1e1415fc83e438ff9d7f5c4b8', 57, 1, 'user', '[]', 0, '2019-05-10 07:38:26', '2019-05-10 07:38:26', '2020-05-10 13:08:26'),
('93d3a937f5e147c605e42388e3c4f25b45a635e391b8082ac40dbb9143abed2aac2ed0c777580b2b', 57, 1, 'user', '[]', 0, '2019-05-10 07:43:51', '2019-05-10 07:43:51', '2020-05-10 13:13:51'),
('9473f94c871593ba422c30b29f672763783dcc62ed5c9aa3ef0ca52c3c46d7caeccc4f3b3f3db65d', 57, 1, 'user', '[]', 0, '2019-05-10 07:07:42', '2019-05-10 07:07:42', '2020-05-10 12:37:42'),
('95ce23a8414bdd3f83026240ea2868e284fe6e69675dfacb9b4bf36e678e734f067f9996593ad9a3', 86, 1, 'user', '[]', 0, '2019-05-13 01:14:51', '2019-05-13 01:14:51', '2020-05-13 06:44:51'),
('95eebe8f642fa28fe017a2a35e62b98a076c4a1bffbeb1174198cbf9b47bebbe8f4c511736ce740e', 24, 1, 'user', '[]', 0, '2019-05-01 05:58:36', '2019-05-01 05:58:36', '2020-05-01 11:28:36'),
('95f3adeb5026c3bb1d05d618e5d797c9ce6b3b0a5cf5542faacb1e09e2305f932995af5af8637012', 24, 1, 'user', '[]', 1, '2019-04-26 04:58:28', '2019-04-26 04:58:28', '2020-04-26 10:28:28'),
('95f73c1da296271117235f178da38f5a72b4e092722b6c5256dc010c2c1ed25e8cecab5ac1e4609b', 85, 1, 'user', '[]', 0, '2019-05-13 01:11:43', '2019-05-13 01:11:43', '2020-05-13 06:41:43'),
('9660f5abd10ef81a88620532d03306a07ee1ac7d711971c884b363427e98ed882dc780d737e195a6', 55, 1, 'user', '[]', 0, '2019-05-09 05:21:32', '2019-05-09 05:21:32', '2020-05-09 10:51:32'),
('978c17722d5a107d60a7ea8cee324cc43621ef6e01ee7a49f8f595774ffb19125a61676c1905e6e3', 42, 1, 'user', '[]', 0, '2019-05-08 05:19:55', '2019-05-08 05:19:55', '2020-05-08 10:49:55'),
('978cb3f833bb1f97afe61baae0094b990a00d141f2f798c3346bbdf338e199ba3789dfbb471c6ab1', 44, 1, 'user', '[]', 0, '2019-05-07 01:00:03', '2019-05-07 01:00:03', '2020-05-07 06:30:03'),
('97b0be6712e259b5662839f7172780ea7c682b2cdd20a3ee14dbd44b59b915ed67f70012f7305835', 57, 1, 'user', '[]', 0, '2019-05-10 07:18:57', '2019-05-10 07:18:57', '2020-05-10 12:48:57'),
('98bfd399526d17c88d167f105f57dd5c3001a1554c9580b50189efe1a76b4dab704a1c11bdd59a0e', 3, 1, 'user', '[]', 1, '2019-01-24 05:02:04', '2019-01-24 05:02:04', '2020-01-24 10:32:04'),
('99b2d385e80c9feb42af7116a0c5c3820c1f23355f828ea120b28a11b32a72a179571139e225204f', 24, 1, 'user', '[]', 0, '2019-04-26 08:35:54', '2019-04-26 08:35:54', '2020-04-26 14:05:54'),
('9a03078e135ebd6601151540b2279bc66f92f7d18660dbd4279313332358b5c07a101059e413f09e', 26, 1, 'user', '[]', 1, '2019-04-25 04:46:26', '2019-04-25 04:46:26', '2020-04-25 10:16:26');
INSERT INTO `oauth_access_tokens` (`id`, `user_id`, `client_id`, `name`, `scopes`, `revoked`, `created_at`, `updated_at`, `expires_at`) VALUES
('9a53afafe49410716de44aaf25cd95c75e88599a1bdd1f87ed8bcb3fb98dbed662970e9d664c6eb0', 24, 1, 'user', '[]', 0, '2019-04-25 02:22:04', '2019-04-25 02:22:04', '2020-04-25 07:52:04'),
('9a70579725ebb3994dd770d8b1cad23115a93bd1d32758b8b649f25034e41a9cea95a570049be4a2', 71, 1, 'user', '[]', 0, '2019-05-12 23:12:07', '2019-05-12 23:12:07', '2020-05-13 04:42:07'),
('9a812156714a0ce3ba5ba1cc03db4a4359b5caf4f4f4811350748022a85476d101003955793b44eb', 6, 1, 'user', '[]', 0, '2019-01-25 08:02:21', '2019-01-25 08:02:21', '2020-01-25 13:32:21'),
('9ab1221021a7c22578ed5c049051568c9a6fae727cf8b9b8cd80be7149f658f132a371b449dc5f9a', 42, 1, 'user', '[]', 0, '2019-05-03 01:51:31', '2019-05-03 01:51:31', '2020-05-03 07:21:31'),
('9ae0122dd45ea9977b1abb0eb32b8ff70342aa26baf6b7ca6a267347e24e75d81f0c9e2fdd2b2a19', 54, 1, 'user', '[]', 0, '2019-05-08 07:33:36', '2019-05-08 07:33:36', '2020-05-08 13:03:36'),
('9ae3b14772904e19ef18ee93709158c5efacd6f82fb7d3df5374538219908dd7ba5d2e0db8cfa821', 42, 1, 'user', '[]', 0, '2019-05-03 07:06:15', '2019-05-03 07:06:15', '2020-05-03 12:36:15'),
('9c51289b56818f4484081490ab61323497ca216e51e2017b36b95bf57378ebc9c60fe50b99417ecd', 55, 1, 'user', '[]', 0, '2019-05-16 04:57:16', '2019-05-16 04:57:16', '2020-05-16 10:27:16'),
('9c7869fd7bb51367419400496fc3804b180e11f1fc087128b78fa5803f1312a4488af1b15ba1a871', 71, 1, 'user', '[]', 1, '2019-05-13 04:58:23', '2019-05-13 04:58:23', '2020-05-13 10:28:23'),
('9d08798764506dda2e7f6bef418e2a35a551e9d9dcbdd47a264ce046f8ea1ed77762c6213eca57bf', 24, 1, 'user', '[]', 0, '2019-04-30 08:02:59', '2019-04-30 08:02:59', '2020-04-30 13:32:59'),
('9dfaaa36465858923dc5332ca4231935075ce26effcfd93dc6dc1dd733381083189078adb7ebba87', 90, 1, 'user', '[]', 0, '2019-05-13 04:37:37', '2019-05-13 04:37:37', '2020-05-13 10:07:37'),
('9e0a0a70c32b36b33a4d808fcd1096674b1cdc5630f124465fca34f173aba1ed1d8634c99f8eab39', 42, 1, 'user', '[]', 0, '2019-05-02 06:05:09', '2019-05-02 06:05:09', '2020-05-02 11:35:09'),
('9e3bc3c975b787edddf8fec704dab2ce0ccf66d0b56cfe1ebe85e0bafc4e205f1773e76fba9096c6', 24, 1, 'user', '[]', 0, '2019-04-25 00:03:39', '2019-04-25 00:03:39', '2020-04-25 05:33:39'),
('9e3d1b0bc532cc9fc36ce54b0935d7a5a363a3821e9226d03b9617a7f3c7df3aa562afeb79554f9f', 99, 1, 'user', '[]', 1, '2019-05-16 06:21:47', '2019-05-16 06:21:47', '2020-05-16 11:51:47'),
('9e9e869d7b20f1c243cbfc44fbef9b41a209220271db2fdda4d7094f28b69510533ff9c0ff055d66', 5, 1, 'user', '[]', 0, '2019-01-22 05:53:51', '2019-01-22 05:53:51', '2020-01-22 11:23:51'),
('9eba103e95b3b61f8604923c3ee30692e1cea50e26bc830074c2abf19ac83beac901b0dbdb465820', 42, 1, 'user', '[]', 0, '2019-05-03 03:55:00', '2019-05-03 03:55:00', '2020-05-03 09:25:00'),
('9ecda84fc47369c1d2e47d14a71fc68cef110d6659848f7a51333873db42c237d8de2b38ff504cef', 6, 1, 'user', '[]', 0, '2019-01-28 02:23:25', '2019-01-28 02:23:25', '2020-01-28 07:53:25'),
('9fae56715383eb23d194bb257437892a50817b2858835498ec4dba8a73558bddcdc6dabcf2b3db8d', 55, 1, 'user', '[]', 1, '2019-05-09 05:49:23', '2019-05-09 05:49:23', '2020-05-09 11:19:23'),
('9fb5184293a4ea2882ec14728d7733767e901879bbf3e47ebc3eee60e83871e1c387c34e0ab8ef1d', 55, 1, 'user', '[]', 1, '2019-05-10 08:41:53', '2019-05-10 08:41:53', '2020-05-10 14:11:53'),
('9fe2ccf0b8f773cb48d63ee205effa4a5fee01eca511fa307ee45ad04de0295795c9305520ec3d71', 24, 1, 'user', '[]', 0, '2019-05-01 04:58:56', '2019-05-01 04:58:56', '2020-05-01 10:28:56'),
('a060eaaad120c349d9089d476cfaa1cde2a25f3c2551ade486739ad5b629b11213c061660c03935a', 57, 1, 'user', '[]', 0, '2019-05-10 07:25:19', '2019-05-10 07:25:19', '2020-05-10 12:55:19'),
('a065b1479ed9fc9ecf5d6e34d7b3ad4378f02cd8b82eac7f140a8a9b8943b03638f194c706cd93e5', 2, 1, 'user', '[]', 0, '2019-01-21 04:58:16', '2019-01-21 04:58:16', '2020-01-21 10:28:16'),
('a0a98362152cf6898ff6c40bb5b98dbb3656adbcbd987ed8ff90e54dbab40decc5364b79b6939552', 3, 1, 'user', '[]', 0, '2019-04-19 05:11:47', '2019-04-19 05:11:47', '2020-04-19 10:41:47'),
('a13ce10516babe0eb825b09e3d3cec537502edc807a75933f2ffe7cae4d2bd850f2b8174c21fea41', 95, 1, 'user', '[]', 0, '2019-05-15 05:07:35', '2019-05-15 05:07:35', '2020-05-15 10:37:35'),
('a18ba65717d2872203497a5d30bd80d5830612fa8ac955f06bd0f349a169a8d72f7dc7ff3bbd1b4a', 84, 1, 'user', '[]', 0, '2019-05-16 01:59:59', '2019-05-16 01:59:59', '2020-05-16 07:29:59'),
('a21ebc9d76a281624a783c3d6b6dcbc753ed3ac74a4a0b43d1fda48dce80e43317dec6c4ea0f4407', 24, 1, 'user', '[]', 0, '2019-04-24 08:17:15', '2019-04-24 08:17:15', '2020-04-24 13:47:15'),
('a2a090246457b619cc9b79c657d5db7fddaadd2c96f1f7de0e6f0181ddc6f28da41dbacb3725b23f', 24, 1, 'user', '[]', 0, '2019-04-24 07:54:49', '2019-04-24 07:54:49', '2020-04-24 13:24:49'),
('a2fcc5c9c91429d2f03196260234a4401c8dbaf7aa3269ef44949b6b012a57ed2328fc9af48ee3a4', 55, 1, 'user', '[]', 0, '2019-05-15 04:48:17', '2019-05-15 04:48:17', '2020-05-15 10:18:17'),
('a31d44175c7ed4625f0a31f76269cb727b591104e477c17e01e16d49a93871f5fa34bd60a0a20196', 55, 1, 'user', '[]', 0, '2019-05-15 04:41:47', '2019-05-15 04:41:47', '2020-05-15 10:11:47'),
('a380b81f6b6f04beafdd210a64bbf07a9c5bdf6c84fae47fec3506be51a8166c954f044ded4e24d2', 24, 1, 'user', '[]', 0, '2019-04-30 08:59:42', '2019-04-30 08:59:42', '2020-04-30 14:29:42'),
('a44aaa8f9f3a5591adbc363260187615f0bcf2732f052ed48933a26627175b4569ec6d8e4f1da3a3', 13, 1, 'user', '[]', 0, '2019-01-25 05:43:41', '2019-01-25 05:43:41', '2020-01-25 11:13:41'),
('a4c3a31fcae6fdbd5e86c7c60fa819d056072dd66edf3883c494fbc70bf37a18e42a83fc140aa28d', 6, 1, 'user', '[]', 1, '2019-01-25 08:01:54', '2019-01-25 08:01:54', '2020-01-25 13:31:54'),
('a4d5bc3928e3eaddd09995b6a5946407153215d6f5911df1e43890f2ca312d0f14949f4e2a79aaa4', 6, 1, 'user', '[]', 1, '2019-01-28 02:11:36', '2019-01-28 02:11:36', '2020-01-28 07:41:36'),
('a5602b32df917c6bf3e10445085083c66cb24f9f53a1765534dcaf38a138d53b4f4bd3529689fcea', 55, 1, 'user', '[]', 0, '2019-05-15 23:50:06', '2019-05-15 23:50:06', '2020-05-16 05:20:06'),
('a579a7e8e78a906541e2fb8a24cb03b28f1a265ce410f84176cb91d758cfaf6f32f4f786a00deb66', 42, 1, 'user', '[]', 0, '2019-05-03 04:45:46', '2019-05-03 04:45:46', '2020-05-03 10:15:46'),
('a5e7e711b74cd86b3057be2e778c7399645e3216cb98f81501a74bc532da89120055deebc90c5152', 5, 1, 'user', '[]', 0, '2019-01-22 05:12:10', '2019-01-22 05:12:10', '2020-01-22 10:42:10'),
('a5ee069ab2e48ab6096f11ab6d4de4f8f5301684c5b4211327dc25b6f71ee4a2851bdaa232a4572d', 55, 1, 'user', '[]', 0, '2019-05-15 05:19:47', '2019-05-15 05:19:47', '2020-05-15 10:49:47'),
('a60d3fe42bbcaaf60f597b22883f762ac605d5d16c3e3141b8c44ddeaaadc46a12a16e2d37e8fd59', 24, 1, 'user', '[]', 0, '2019-04-30 09:08:02', '2019-04-30 09:08:02', '2020-04-30 14:38:02'),
('a63a542c2f63589af4f3077076e1c45fb15b37d525a69aa34bf8199f2b90acb585fa6a0824b0eae0', 55, 1, 'user', '[]', 0, '2019-05-15 01:45:48', '2019-05-15 01:45:48', '2020-05-15 07:15:48'),
('a70c77edb33a256aa230299460c5a1677fcce5d006822d3354c36eddbc75a1859f2acef5ab343f54', 54, 1, 'user', '[]', 0, '2019-05-08 06:59:50', '2019-05-08 06:59:50', '2020-05-08 12:29:50'),
('a71d626f352e2880729ce7736e8790dc0a8f7348ad3cdb8159fbc1e1ab00dae146967b2d12dead44', 55, 1, 'user', '[]', 0, '2019-05-15 02:23:29', '2019-05-15 02:23:29', '2020-05-15 07:53:29'),
('a7535cfc803297f2d8afab5a6fa92ede2a2080393166487e954ee7eb6ef42a69bf8c87916fee6eee', 101, 1, 'user', '[]', 1, '2019-05-16 06:50:50', '2019-05-16 06:50:50', '2020-05-16 12:20:50'),
('a8051a1ed00c38149b7e4320d29e4a73221a26adf6705f889fa7329e05370140d56d9830e056ba8a', 55, 1, 'user', '[]', 0, '2019-05-15 23:56:13', '2019-05-15 23:56:13', '2020-05-16 05:26:13'),
('a8f6f8a477e1c89439613830507b193b9415a2b7ac842b3200ec8b27a55ddeb3190c79c0ae3e9e70', 95, 1, 'user', '[]', 0, '2019-05-15 05:06:04', '2019-05-15 05:06:04', '2020-05-15 10:36:04'),
('a9b44d41e15ac8a1a056a3a05d3e182c0fa1a34346090b3a82257cce78a0ce7fada4b06c03dce278', 42, 1, 'user', '[]', 0, '2019-05-03 04:13:05', '2019-05-03 04:13:05', '2020-05-03 09:43:05'),
('a9b9e89d2bd804ca5fd70423e5c0f28dd4150741087e04b1213e9882518c0ca36ab8427f7f7a4212', 24, 1, 'user', '[]', 0, '2019-05-01 07:51:05', '2019-05-01 07:51:05', '2020-05-01 13:21:05'),
('abba27541dfc54fc83f17d622261b9c4ead9f999765db27440ab8a2f459dd7250d0497fc55033d97', 3, 1, 'user', '[]', 0, '2019-04-19 05:01:36', '2019-04-19 05:01:36', '2020-04-19 10:31:36'),
('abcf261f9af0d6e24c72504fce5a25dc2c39a6c43ea06aee9ef5fd49da7bf085fbb463ebfeef34e7', 42, 1, 'user', '[]', 0, '2019-05-03 04:43:01', '2019-05-03 04:43:01', '2020-05-03 10:13:01'),
('ac76cb5ac433dca4a86f82e890e65e33720d2ff93d5e0d3a8b618f599e83b0804c751cec0c4dbd60', 3, 1, 'user', '[]', 0, '2019-01-27 23:35:58', '2019-01-27 23:35:58', '2020-01-28 05:05:58'),
('acc9b2a6b4e4266831e1b919d1efa2988679bd3231eff5bd5582a783c3677e7b280c436beb83b439', 3, 1, 'user', '[]', 0, '2019-04-24 07:31:15', '2019-04-24 07:31:15', '2020-04-24 13:01:15'),
('accbb481a7d9aee61ee255aa7ec2a4a31aa56f8cbccb7e9b78547ab0238b31c11da8a41871080c17', 95, 1, 'user', '[]', 0, '2019-05-15 05:06:31', '2019-05-15 05:06:31', '2020-05-15 10:36:31'),
('acede25ffd04a2ffc348dbdb156f115868649d9460412f0ac6361d05c3c9e5985cc216085a6aefc5', 24, 1, 'user', '[]', 0, '2019-05-01 05:23:20', '2019-05-01 05:23:20', '2020-05-01 10:53:20'),
('ad373e41088012970d2218b517ff3f0a87bcf14199efbc0b5afa7871ed374932022bbda2b0024f2b', 24, 1, 'user', '[]', 0, '2019-04-30 08:55:32', '2019-04-30 08:55:32', '2020-04-30 14:25:32'),
('ad3a59112d14ae1a2fbbdfa8bdc9ce3446b763910c0a59ff11f2d5e283409b217a55a4747a9aa037', 89, 1, 'user', '[]', 0, '2019-05-13 02:13:19', '2019-05-13 02:13:19', '2020-05-13 07:43:19'),
('adc0dfa3784820f54551181d2a704312381ca76c86a042d52c37bb710b5f67e0d778ac334af3b67c', 24, 1, 'user', '[]', 0, '2019-05-01 07:07:06', '2019-05-01 07:07:06', '2020-05-01 12:37:06'),
('ae3f0e223f28e5d2747ca210252a3205d069267609de597b213eea11a0579236739db1c5daed8f75', 57, 1, 'user', '[]', 0, '2019-05-10 07:26:19', '2019-05-10 07:26:19', '2020-05-10 12:56:19'),
('af6eefdfcc5a7f73ca57faedcccc5d45473274132050a0b1fe61b19e836143543215f58ef7b00b72', 55, 1, 'user', '[]', 0, '2019-05-15 01:58:46', '2019-05-15 01:58:46', '2020-05-15 07:28:46'),
('afbf46f744fc6b43cb48270a750d4df1bb3f5760defef2cfc2f7fdd705a65784aa9e96cc62bc7cd7', 57, 1, 'user', '[]', 0, '2019-05-10 07:38:46', '2019-05-10 07:38:46', '2020-05-10 13:08:46'),
('afc07226dcfe79a03647a0d0ae9640f1a1d2530dc34954f0b4aa8c9a115ce4571a2a09cc58b4e602', 42, 1, 'user', '[]', 0, '2019-05-08 06:12:25', '2019-05-08 06:12:25', '2020-05-08 11:42:25'),
('b045dee5873c11e52096a930a301f7c9d9dc9c32fef7c4cef06bfe4403bde7c1d749e55584ce1bbf', 3, 1, 'user', '[]', 0, '2019-04-30 00:26:40', '2019-04-30 00:26:40', '2020-04-30 05:56:40'),
('b0883e13cedeac6f248fe8a6cf4652807c009daca9e33c75a89b1b1c58cc24f8d1d82248d179f336', 71, 1, 'user', '[]', 0, '2019-05-10 08:02:30', '2019-05-10 08:02:30', '2020-05-10 13:32:30'),
('b1f4c820bea08b7177e1fbf321c411ae07990ed28f080a9d9ac472f97e9a93a722d82796bd45e17e', 44, 1, 'user', '[]', 1, '2019-05-10 06:44:03', '2019-05-10 06:44:03', '2020-05-10 12:14:03'),
('b225b0144120cbee41e72c6146fb3e082e324d2f58a7da56dd3ffb3a8b0c3c607243f3d3b7e7d115', 43, 1, 'user', '[]', 0, '2019-05-02 06:02:16', '2019-05-02 06:02:16', '2020-05-02 11:32:16'),
('b27ba1dd1be93beb04c705ad75697beaa6d62763c705e32d1fbd3b1d42da3a51994004045a7aa875', 42, 1, 'user', '[]', 1, '2019-05-10 08:13:48', '2019-05-10 08:13:48', '2020-05-10 13:43:48'),
('b2986d6f604000a08bcba99d9465c3884288ea4f851cc099d6f18b52df54bee0d54391c0322102f5', 3, 1, 'user', '[]', 0, '2019-01-24 04:13:37', '2019-01-24 04:13:37', '2020-01-24 09:43:37'),
('b2b828bfc2c34e3cfd4f6d3f0bf90cfe57aae91d194ef709c2f95aeff33cd6f1b292643618795d98', 55, 1, 'user', '[]', 0, '2019-05-16 06:44:16', '2019-05-16 06:44:16', '2020-05-16 12:14:16'),
('b2c47a81350657a1b2ac6c222e42cb64f382d2d3ff7e893bda1138fa15da65e70d61b70b316a247a', 3, 1, 'user', '[]', 1, '2019-04-25 04:45:47', '2019-04-25 04:45:47', '2020-04-25 10:15:47'),
('b36ec1b8e2b7bdd4703a3b4cac85ffd474769ed9d405154060783122b4691bf78dd8ee8b782cebe8', 55, 1, 'user', '[]', 0, '2019-05-15 01:40:30', '2019-05-15 01:40:30', '2020-05-15 07:10:30'),
('b571266f28ef3e5fcbe06077b992bed9ba51055ebc907e5b2b51a87c016609e1b01e6f10eca79a0c', 42, 1, 'user', '[]', 0, '2019-05-03 02:06:59', '2019-05-03 02:06:59', '2020-05-03 07:36:59'),
('b5fa430d2d6aa69b162d1f2692c841eeccf0d434ff2ef4eda4b6b11e1297eb9a24ef7e9e8a862758', 54, 1, 'user', '[]', 0, '2019-05-08 07:02:22', '2019-05-08 07:02:22', '2020-05-08 12:32:22'),
('b6daae71a70377e9db13ba522731f652c4042118878820d7c85ff290dc22141297fcb85a14505eb6', 42, 1, 'user', '[]', 0, '2019-05-03 01:58:02', '2019-05-03 01:58:02', '2020-05-03 07:28:02'),
('b8142d127e826a5b7256854ed3b709f29194a25dd9d714ba6ec0188d3cd87d6e913b6f9927fd8d43', 3, 1, 'user', '[]', 0, '2019-01-24 03:42:17', '2019-01-24 03:42:17', '2020-01-24 09:12:17'),
('b824822768e20e42e18c7b9ef75a804b4263f78f9854cf71b06febf255557cc9c3801b887d9c7d28', 42, 1, 'user', '[]', 0, '2019-05-03 05:53:08', '2019-05-03 05:53:08', '2020-05-03 11:23:08'),
('b8767f37ad90a308806a990893f272cd95176ed3470aade5503c463e2f28ac110a17805de1543394', 44, 1, 'user', '[]', 0, '2019-05-08 07:44:51', '2019-05-08 07:44:51', '2020-05-08 13:14:51'),
('b8c02e09a5b1718f93d0d11c1bc4af8f232dee155da73e46f5cb8d88caf89edcaa69384858231674', 57, 1, 'user', '[]', 0, '2019-05-10 07:54:23', '2019-05-10 07:54:23', '2020-05-10 13:24:23'),
('b8c224e6e79ea5022488bd4ae742242768bfefd6bd3f93415d382b6cff26c6ea126b18c2cbae6be4', 42, 1, 'user', '[]', 0, '2019-05-09 04:26:41', '2019-05-09 04:26:41', '2020-05-09 09:56:41'),
('b91aa8327a8cc2a5efb1c48f4e50d44295ed3ce5f6de0b1eae2e0e35ab80a04b280ec987e47c4eee', 88, 1, 'user', '[]', 1, '2019-05-13 02:09:35', '2019-05-13 02:09:35', '2020-05-13 07:39:35'),
('b93d2b0afba57ef80a545832cc7800ce9d10b850d789009ae49aa017539f3aa266ae7967cd22e2c9', 24, 1, 'user', '[]', 0, '2019-04-25 02:31:04', '2019-04-25 02:31:04', '2020-04-25 08:01:04'),
('b9c255b0d70d53e5961827713962a60cff276135c3c15a97fc5ccaad7ea965bd7f79f64e9e69b420', 55, 1, 'user', '[]', 0, '2019-05-15 05:16:23', '2019-05-15 05:16:23', '2020-05-15 10:46:23'),
('ba444a0ef59b9b69fc09a235082409e1163fdef7817417abb689ffb9d2f85a440260bc8372d18aaa', 71, 1, 'user', '[]', 1, '2019-05-16 03:51:59', '2019-05-16 03:51:59', '2020-05-16 09:21:59'),
('bb61c5765928e47c42638788a5e1c1c4f5e38372d22fe71bfc6fab15e073d19a1c51b90a61eb44b0', 24, 1, 'user', '[]', 0, '2019-04-26 07:38:21', '2019-04-26 07:38:21', '2020-04-26 13:08:21'),
('bbd59dccc026701f33f154a5a54fa62d0e4fe44e13232491f635d36ad8dca9a949dfe968940837aa', 42, 1, 'user', '[]', 0, '2019-05-03 02:02:54', '2019-05-03 02:02:54', '2020-05-03 07:32:54'),
('bc1dd210d0b56be30a26bbe6e3bb8254a69880e89ffdd0281dac574e236dc4131585c4603905e186', 65, 1, 'user', '[]', 0, '2019-05-10 07:56:29', '2019-05-10 07:56:29', '2020-05-10 13:26:29'),
('bc579da1a007a7aa0c9eda4f6a4134324c54fda8cd58d321a1181c046a07fd2e8e9ecde0b8c8955d', 48, 1, 'user', '[]', 0, '2019-05-07 02:23:58', '2019-05-07 02:23:58', '2020-05-07 07:53:58'),
('bca00ec6b8901dd7315ce51003fa240a257b9b831dc8282972e41a626c0a2bb25b1ef8a3dfed587e', 92, 1, 'user', '[]', 0, '2019-05-16 22:25:15', '2019-05-16 22:25:15', '2020-05-17 03:55:15'),
('bcd930a07d6135ba200b649833dbddf148d4db8ee23e9426fe14ed88150ed16b08ba320fe2c9f129', 48, 1, 'user', '[]', 0, '2019-05-07 23:24:28', '2019-05-07 23:24:28', '2020-05-08 04:54:28'),
('bd1e2ae2fc4f29ce705033241a609af3520c2a23b6453a55ec6ae0a161fddc6de12bb9fa41c40717', 42, 1, 'user', '[]', 0, '2019-05-07 04:56:32', '2019-05-07 04:56:32', '2020-05-07 10:26:32'),
('bde48f74bd6afb3cb76ee4cdba6358a88ee075babd082d473d56c64b594da59b739823d7deefd84e', 84, 1, 'user', '[]', 0, '2019-05-17 06:01:00', '2019-05-17 06:01:00', '2020-05-17 11:31:00'),
('be194a2841d3ee362d0ddecb65c6662301149e4ede913cb3e8e3bcb43f6f9dd7ffdbcecb6050e0d8', 3, 1, 'user', '[]', 0, '2019-01-24 04:21:14', '2019-01-24 04:21:14', '2020-01-24 09:51:14'),
('be3f7bf1082dcfa96896ba0093c6378db3a1ece17c93488abc8e3cd547ee6f0b92d1c62458e7e0cd', 55, 1, 'user', '[]', 0, '2019-05-16 00:02:27', '2019-05-16 00:02:27', '2020-05-16 05:32:27'),
('be8139703aecd423189802d43a7ffe614f6aedbd9be79a3af22b1931cdfa924c455716f5d9d24d26', 3, 1, 'user', '[]', 0, '2019-04-30 00:31:45', '2019-04-30 00:31:45', '2020-04-30 06:01:45'),
('beb79de876d7977e65e25d3a034e7a536ae7fee9c7c938449c417e92ab5ba4987423b8733bfa1b1d', 6, 1, 'user', '[]', 0, '2019-01-25 02:07:42', '2019-01-25 02:07:42', '2020-01-25 07:37:42'),
('bf0065ad4de011655cb260f8f76e9d202cd3e02a58e69b44d81a36386bb9adb5955a30d1bdf27577', 24, 1, 'user', '[]', 0, '2019-04-25 00:14:47', '2019-04-25 00:14:47', '2020-04-25 05:44:47'),
('bf115516303046e8a245bbf17d73c5400ca5f3014d5162f8eee12c138b41ecd56d35f121b2f05ef1', 84, 1, 'user', '[]', 0, '2019-05-17 06:01:00', '2019-05-17 06:01:00', '2020-05-17 11:31:00'),
('bfdd9052a95d38d68d54410d9cbb2f6e56836c0e52cb8a96f0d5ae5bd8d86090edfb297a6c3cec49', 24, 1, 'user', '[]', 0, '2019-04-25 04:02:53', '2019-04-25 04:02:53', '2020-04-25 09:32:53'),
('bff7415571109807ddc70d0c0e3b4a3ab706caca9a5691123f9f6e2310d98e06e32a91dc12e90f53', 3, 1, 'user', '[]', 0, '2019-05-10 08:15:41', '2019-05-10 08:15:41', '2020-05-10 13:45:41'),
('c12e4138852a64aefbbbcaf80be94ea8088804bc219a45b5c9587ec3b748d669b0cc90e454b3af93', 24, 1, 'user', '[]', 0, '2019-05-01 06:44:45', '2019-05-01 06:44:45', '2020-05-01 12:14:45'),
('c1357becb3a2d3a533782a172d8067d3abeebf03ebf9ef3a9fd1a8942ef649a635a198309b599596', 44, 1, 'user', '[]', 0, '2019-05-07 01:29:21', '2019-05-07 01:29:21', '2020-05-07 06:59:21'),
('c24afc92ebfeec1e66dcee0bba2b7096485947917e3b5f4593b4f758c38743c056f0569128064a57', 24, 1, 'user', '[]', 0, '2019-04-24 07:48:15', '2019-04-24 07:48:15', '2020-04-24 13:18:15'),
('c2a6c118b919750918d3134b2a94bdd7cc1044d12551aa204f451c0d5948898d7492017d1c1f0592', 24, 1, 'user', '[]', 0, '2019-05-08 06:46:58', '2019-05-08 06:46:58', '2020-05-08 12:16:58'),
('c2b8d06627e2a0e9204abf8ad45c7a79bc8a639c2239b0adf51cea0fbba79d2d742abbd73e02d7a7', 42, 1, 'user', '[]', 0, '2019-05-03 01:44:48', '2019-05-03 01:44:48', '2020-05-03 07:14:48'),
('c32983eedeb56c9a50b49578fa2cbe4ca9f921cf86c2e07becb6cd8e21bc083cc250c3964f4587e6', 12, 1, 'user', '[]', 0, '2019-01-24 07:22:33', '2019-01-24 07:22:33', '2020-01-24 12:52:33'),
('c3320ce4b9c6283339c3978a79c8e4bf65ef28363bb246a8ec6b8efc04e60ceaca52289de35fd08c', 101, 1, 'user', '[]', 1, '2019-05-17 00:36:42', '2019-05-17 00:36:42', '2020-05-17 06:06:42'),
('c3a758cd42287c99a9364fba2726dcff0415a1d9c596f1ae0196a333e2c974bb9616dbd3060512e8', 54, 1, 'user', '[]', 0, '2019-05-08 07:42:15', '2019-05-08 07:42:15', '2020-05-08 13:12:15'),
('c3e4213196da7d1d971ea199e224da4c24fac6bb7442f9a01fd56dec9dd0c6476024bce94cc8f22e', 100, 1, 'user', '[]', 1, '2019-05-16 06:35:31', '2019-05-16 06:35:31', '2020-05-16 12:05:31'),
('c4df66723cfeabf0f50415a350dabf1dfb6ab2731372fb66bda315a80661ace9181d1c61e150c39e', 3, 1, 'user', '[]', 0, '2019-01-25 07:00:01', '2019-01-25 07:00:01', '2020-01-25 12:30:01'),
('c5744a76a765f8383425e94b4cdde5007ca40d786c85fa3e9c58674d25a46114f92c3e3ed7d24da4', 24, 1, 'user', '[]', 0, '2019-04-24 07:41:53', '2019-04-24 07:41:53', '2020-04-24 13:11:53'),
('c5e6b5801e3828494b9b4eeaa3271cb5f7c33ea7ece501b2a8e1f152d050eb4af85bff3a94384860', 96, 1, 'user', '[]', 0, '2019-05-17 06:54:59', '2019-05-17 06:54:59', '2020-05-17 12:24:59'),
('c5fa69b6a3ed2461c3fd2497113bd53ca7f6bd16a108149977cf9bc39243021c791effeb720c5bb1', 92, 1, 'user', '[]', 0, '2019-05-14 04:16:23', '2019-05-14 04:16:23', '2020-05-14 09:46:23'),
('c62bf8546bc2cc82bb4633ca82ce04fff4f2365ab838d0c6fc8bb94074d0ada456cae181ede81db7', 42, 1, 'user', '[]', 0, '2019-05-02 07:05:51', '2019-05-02 07:05:51', '2020-05-02 12:35:51'),
('c697070c6261a89c0d9469a1dd8df0960c8174b62200b299fe60d6290792e7860e2df7b6850b9716', 24, 1, 'user', '[]', 0, '2019-05-01 06:52:53', '2019-05-01 06:52:53', '2020-05-01 12:22:53'),
('c7980ddb1cd24374f9624539a8d726a2c996a7e51835064d10bfe48f20ef1d62b965aaf57a23f0d9', 43, 1, 'user', '[]', 0, '2019-05-02 05:54:35', '2019-05-02 05:54:35', '2020-05-02 11:24:35'),
('c81a850ebbdb4ad562913ecf0d20748f3fb84d0012804becf8626f9a85b3f217c9dc14742bde7990', 12, 1, 'user', '[]', 0, '2019-01-24 07:21:18', '2019-01-24 07:21:18', '2020-01-24 12:51:18'),
('c87366aa57fe308d85c269ad543bf8ee45bafbae1c1345c0487cbdcfa49348558825a8254f524998', 84, 1, 'user', '[]', 1, '2019-05-15 07:06:26', '2019-05-15 07:06:26', '2020-05-15 12:36:26'),
('c99a402b32138e9b8bbbf362f937cf2d5208d5f668faa2f41ef648ac071f6dd3a09b0ec809b3169a', 42, 1, 'user', '[]', 0, '2019-05-08 06:18:57', '2019-05-08 06:18:57', '2020-05-08 11:48:57'),
('c9ceb0d12b80415984d3fa20b11a33cf4f07206e1081d20aa0e04152493de7c30f80dc8269f243a1', 71, 1, 'user', '[]', 0, '2019-05-12 23:15:45', '2019-05-12 23:15:45', '2020-05-13 04:45:45'),
('ca0949d46ec5125a9c6ffc8eb8d87b84b3568e8e08b83f47688dc3797f2061d6bcbd279bf99ae498', 84, 1, 'user', '[]', 1, '2019-05-16 03:35:09', '2019-05-16 03:35:09', '2020-05-16 09:05:09'),
('ca9b2b8552f589c0fea5e171737cae192e265d34ee93b8278f9614748943535e1e41b5b5c4d65e67', 42, 1, 'user', '[]', 0, '2019-05-08 06:10:09', '2019-05-08 06:10:09', '2020-05-08 11:40:09'),
('cb7f6b9179fd8f7cf857a9ab79461c8ebfcd360c08d6ee4ed7a526dc738e41fd8ca3beb157b2f4f7', 42, 1, 'user', '[]', 0, '2019-05-03 01:59:27', '2019-05-03 01:59:27', '2020-05-03 07:29:27'),
('cd2368f57ee21c971eca2935fb0bbc3045e822c767c04a044fa2e9ce010a6ac121e9db0fd7617471', 99, 1, 'user', '[]', 0, '2019-05-16 06:20:26', '2019-05-16 06:20:26', '2020-05-16 11:50:26'),
('cd743dda3052e5c81b23463361bddee48dc4d551193fe8f99487465499b5ed7ca0788308d9886922', 42, 1, 'user', '[]', 0, '2019-05-02 07:09:20', '2019-05-02 07:09:20', '2020-05-02 12:39:20'),
('cdd646bffe226b53bae08a4d67271680125fcad1142a75430a5d00c5bf2ff246d61f41cf3a182577', 24, 1, 'user', '[]', 0, '2019-04-26 08:07:43', '2019-04-26 08:07:43', '2020-04-26 13:37:43'),
('ce5bc3f7bece21fed0a6c9cc6bd4570f1a466ac0bcd1e551a82540a3f78a70e8cee881b5d1ab445c', 44, 1, 'user', '[]', 0, '2019-05-09 04:09:51', '2019-05-09 04:09:51', '2020-05-09 09:39:51'),
('cee4ea8534ade265623afa243232cbdc8334afd7bcd9419ad7c0385ef759d43fc41ae0c037dd98fb', 24, 1, 'user', '[]', 1, '2019-04-26 05:21:25', '2019-04-26 05:21:25', '2020-04-26 10:51:25'),
('cf2895cd83aae8f5c9138e605101148b97f89aec9dfc9e5461276b9dbaa2db627dab36cb1c450296', 55, 1, 'user', '[]', 1, '2019-05-09 06:06:27', '2019-05-09 06:06:27', '2020-05-09 11:36:27'),
('cf607b59ec708917f26a539976333e94e07be33d5ab5e8da145c69510fdb07507cfebf82622c7a76', 24, 1, 'user', '[]', 0, '2019-05-01 04:46:39', '2019-05-01 04:46:39', '2020-05-01 10:16:39'),
('d0a2e07519687872c8a742cda1b48f402e0688c08b439b80b52506e1fa3ff5e828d9a05024df7ccc', 93, 1, 'user', '[]', 0, '2019-05-14 05:08:39', '2019-05-14 05:08:39', '2020-05-14 10:38:39'),
('d1eccfaee2b719c936adc17bd8bd5e28fe08c13696a42cb205ac74a67c0f2c299c760cb514c100ae', 71, 1, 'user', '[]', 1, '2019-05-12 23:12:29', '2019-05-12 23:12:29', '2020-05-13 04:42:29'),
('d2c15d409b7cb888f4e1618e4f56273f293681af6e5820b27a53b4a818fe08e29c643513d1af1fe7', 55, 1, 'user', '[]', 0, '2019-05-09 04:06:48', '2019-05-09 04:06:48', '2020-05-09 09:36:48'),
('d2d9aadade9d0621185b1d64fcf24c4109fcfa3f15d4119af7fe36fe67747b1a04691eff9772a068', 55, 1, 'user', '[]', 0, '2019-05-09 04:00:16', '2019-05-09 04:00:16', '2020-05-09 09:30:16'),
('d2eed37cfa57b994c0ced238b36e52a9b76f22f417280d0f82e3da801ea874f78ec4743abe285a01', 6, 1, 'user', '[]', 0, '2019-01-25 01:41:42', '2019-01-25 01:41:42', '2020-01-25 07:11:42'),
('d38a67e8ad9ec3c792c0c2f4ac8080569d0b9d26b57004d8d8e0b28fae2f4cf6e8fea6fd944efa20', 87, 1, 'user', '[]', 1, '2019-05-13 05:24:38', '2019-05-13 05:24:38', '2020-05-13 10:54:38'),
('d4ab35a139ea245f92d17d3f1ad91d6eeb4acfd561f36bcf20c0b1910b241426c16532b674399a00', 23, 1, 'user', '[]', 0, '2019-04-24 23:28:30', '2019-04-24 23:28:30', '2020-04-25 04:58:30'),
('d4dbf36aa280cb9dbf86d9bd4352300249c1922d78e67aa5b24d0afe88a792137e3b826cd212826f', 42, 1, 'user', '[]', 0, '2019-05-08 05:51:23', '2019-05-08 05:51:23', '2020-05-08 11:21:23'),
('d4ef55acfd7c318d5c44b26a9f2e1f8fb8c6c2da6281a5acbb289f77e6438a3bc3b45900ba47f9f2', 55, 1, 'user', '[]', 0, '2019-05-15 01:57:06', '2019-05-15 01:57:06', '2020-05-15 07:27:06'),
('d52d99eea414710fc7dac963b85227145ea89e569076b6055468e7e4203e32d2dcfc5a600a945542', 3, 1, 'user', '[]', 0, '2019-01-25 02:01:15', '2019-01-25 02:01:15', '2020-01-25 07:31:15'),
('d55ead187e5be151598d32dd62670fc31887ca94670f9e2882c4841ff8018d66cbdc55f3c68493cb', 5, 1, 'user', '[]', 0, '2019-01-25 05:41:39', '2019-01-25 05:41:39', '2020-01-25 11:11:39'),
('d57724915a4de6c2063efae40a159335ec5b4a9ae193de0df22905903f7b7740cbe9e29ab66b1032', 55, 1, 'user', '[]', 0, '2019-05-16 06:26:17', '2019-05-16 06:26:17', '2020-05-16 11:56:17'),
('d5d6984b23f8d9f3d09848b7084b041da60682b62eeb960b0857562a29f7de4d05422dcf496fca96', 3, 1, 'user', '[]', 0, '2019-01-25 01:41:12', '2019-01-25 01:41:12', '2020-01-25 07:11:12'),
('d622fdb869e02024261537fd0de0a37ac2b7ea41e4bc731cde2ace557f0bafca39e404b653913076', 87, 1, 'user', '[]', 0, '2019-05-13 01:43:09', '2019-05-13 01:43:09', '2020-05-13 07:13:09'),
('d72ae3c8781b85b43909c0dd0cfca0bf9e75f5608c4e1333dc750e1f78defc40f972ab72cec578c7', 101, 1, 'user', '[]', 0, '2019-05-17 01:36:34', '2019-05-17 01:36:34', '2020-05-17 07:06:34'),
('d7f8dfc4ebdf048082ec734751a619f2f23f28c0fc1fb5db042514e59c8eb7625d7dbec2a9b886e1', 24, 1, 'user', '[]', 0, '2019-04-24 06:17:30', '2019-04-24 06:17:30', '2020-04-24 11:47:30'),
('d835f1387df72e144599ec4fb17b0ba6f58082906b3a2ea217729bb5ac9261000f11f319b1a682b3', 1, 1, 'user', '[]', 0, '2019-05-10 06:43:02', '2019-05-10 06:43:02', '2020-05-10 12:13:02'),
('d915702223652d67b34101c2c4dc63386050f4e80f230bcfce3f98588a1707f906ca50b4ae284a82', 11, 1, 'user', '[]', 1, '2019-01-24 07:15:00', '2019-01-24 07:15:00', '2020-01-24 12:45:00'),
('d9c292bb0fc03a49436717d5f821301d89a36405d0e3eb6aa7dff6230010fa59481da2d1be589b20', 42, 1, 'user', '[]', 0, '2019-05-07 05:58:46', '2019-05-07 05:58:46', '2020-05-07 11:28:46'),
('da58d207c4724aa3bd020e24e466e5498fe311194932c8f27ebd94a5c0a800633606043130af7a17', 24, 1, 'user', '[]', 0, '2019-04-30 08:07:25', '2019-04-30 08:07:25', '2020-04-30 13:37:25'),
('da682d9db248eaa06c371056f7625fbc83992a1b402740b84508e3df9aeffe2583563a54b7c04c1e', 5, 1, 'user', '[]', 0, '2019-01-22 05:10:01', '2019-01-22 05:10:01', '2020-01-22 10:40:01'),
('dac3c14fabbff764f4eb17bb30de0e0cd21299b8a24b17f2cc0a7f8611ece1aac2efa98d589375d4', 17, 1, 'user', '[]', 0, '2019-05-16 07:34:27', '2019-05-16 07:34:27', '2020-05-16 13:04:27'),
('db4851e6d73ebd2933ed1cddaac84769fb188da86de2ebff60d0656072b7e87a9e0e9d41e75d6481', 42, 1, 'user', '[]', 0, '2019-05-03 05:54:49', '2019-05-03 05:54:49', '2020-05-03 11:24:49'),
('dc40fa500a0691203979f8d68c6bea86ab5bcd7956560a9ae79fc1ec3f54021c2892f1c9a4f4165b', 96, 1, 'user', '[]', 0, '2019-05-16 01:23:20', '2019-05-16 01:23:20', '2020-05-16 06:53:20'),
('dd0069edd81bdd62d93bcff5610afa44030b13d438b281e49969c91505a7263d4ab5f0b508ee96ad', 55, 1, 'user', '[]', 0, '2019-05-15 04:16:18', '2019-05-15 04:16:18', '2020-05-15 09:46:18'),
('dd167694dfb8dd3ae8630e0c2f35dc2b5e18ea0936360915bdaeca104c38d4f25205bd5631ad6209', 84, 1, 'user', '[]', 0, '2019-05-14 05:30:32', '2019-05-14 05:30:32', '2020-05-14 11:00:32'),
('dd44c980caad636662e018051598e2003bd9b685a1afce7e663a0463265c31f73ed248f10ca29c56', 24, 1, 'user', '[]', 0, '2019-05-01 05:45:54', '2019-05-01 05:45:54', '2020-05-01 11:15:54'),
('dd9a75444e6143cb86c4a6b8d0e12d0eab8c460b06bdf05230a9d66970792756f786b014b9b389f8', 5, 1, 'user', '[]', 0, '2019-01-22 05:02:28', '2019-01-22 05:02:28', '2020-01-22 10:32:28'),
('ddaeecd785c33363d5522d1700097a4aa331674a4c3296a47eb25fdc502e7419ab832ee516ff2d08', 3, 1, 'user', '[]', 0, '2019-04-30 00:55:12', '2019-04-30 00:55:12', '2020-04-30 06:25:12'),
('ddd71be48ea23e0af23b26ad31296bcad907aa395dcfc4231650c5cff691773c63751ffd48919e8e', 3, 1, 'user', '[]', 0, '2019-04-19 04:48:05', '2019-04-19 04:48:05', '2020-04-19 10:18:05'),
('ddf93d2e5e9406aa4f228522b4070fb1446a8effadeceaac79f672bd167ed2d716b23915ff8cbfae', 71, 1, 'user', '[]', 0, '2019-05-10 08:02:17', '2019-05-10 08:02:17', '2020-05-10 13:32:17'),
('de9e29db812f5a95362c565edf35e629b94758f4987594332c1b121292fd308921b0c4d4c62683d7', 92, 1, 'user', '[]', 0, '2019-05-14 04:17:03', '2019-05-14 04:17:03', '2020-05-14 09:47:03'),
('e0459e219c269164eab4dad3a1de54f17ba9386fb71c1cb611f8e32d542c1e499fc7e41247be9a13', 92, 1, 'user', '[]', 0, '2019-05-14 04:16:05', '2019-05-14 04:16:05', '2020-05-14 09:46:05'),
('e07835e9ee17529b97bb2b958e8db1af3251bbfabba03532e7bc6dfe3af666523de32b7a051d4c32', 25, 1, 'user', '[]', 0, '2019-04-25 07:29:03', '2019-04-25 07:29:03', '2020-04-25 12:59:03'),
('e08166e71177d894e3feca64179c7bb3cc7f3f27c23dc410464c13bb4b31738aec4db267d0c575e4', 55, 1, 'user', '[]', 0, '2019-05-15 05:13:15', '2019-05-15 05:13:15', '2020-05-15 10:43:15'),
('e085579475c40b2a60f179303c54a0b0da8f76a9ad1c52acd3403b476381750eeb75dd8098c954e1', 6, 1, 'user', '[]', 1, '2019-01-25 03:47:01', '2019-01-25 03:47:01', '2020-01-25 09:17:01'),
('e0b527a4ddbd3699ea7860a97ea53a86af46091cd8685a86c800f4be1c880983d90327fa02c050c9', 1, 1, 'user', '[]', 0, '2019-01-22 05:19:59', '2019-01-22 05:19:59', '2020-01-22 10:49:59'),
('e0e7213f3af9e09c9e7287097d0ff9b6b6b785a76fd5d98342e8c84827e360fde8eb379e8b41d9ab', 8, 1, 'user', '[]', 0, '2019-01-24 06:23:32', '2019-01-24 06:23:32', '2020-01-24 11:53:32'),
('e11ba986fc9164944bebe1aaf465f4a328bbc6ae7076a716408970fb37bb329e011c8fb2a74f17ff', 42, 1, 'user', '[]', 0, '2019-05-07 05:51:38', '2019-05-07 05:51:38', '2020-05-07 11:21:38'),
('e146fba5a805a904281c31df6a5331e230a0aaf8d3cf0d5376866a1573e32229f6305c098b6980c7', 42, 1, 'user', '[]', 0, '2019-05-02 07:13:02', '2019-05-02 07:13:02', '2020-05-02 12:43:02'),
('e1ee8428b6cb385cf661ee9901d781653aabbf3508748e71f5efb452cf159645f10148b0b30d34ae', 42, 1, 'user', '[]', 0, '2019-05-03 01:27:17', '2019-05-03 01:27:17', '2020-05-03 06:57:17'),
('e22080c70b7bf5d0d0097076e2669655a8d2937c2a7f97c9d2838849a75f6945060ab42f8d1ab7ef', 57, 1, 'user', '[]', 0, '2019-05-10 07:19:42', '2019-05-10 07:19:42', '2020-05-10 12:49:42'),
('e2b2d64b24353b51c95f86a28cc49fd695c50136ba7bfde71399b5199c14200339409ac08a21fdc7', 65, 1, 'user', '[]', 1, '2019-05-10 07:58:49', '2019-05-10 07:58:49', '2020-05-10 13:28:49'),
('e2f203d6c40b1211fc00fc8b27755cbe3d0e953f7541f4b786fe4886e539069b4bcd9c103a15ef7d', 24, 1, 'user', '[]', 0, '2019-05-01 07:46:47', '2019-05-01 07:46:47', '2020-05-01 13:16:47'),
('e3066207b5e48270eff79e2e9ae6e8e7ee315b0b95e19d36846f6c704cb3b25019ec63ea657b506c', 3, 1, 'user', '[]', 0, '2019-01-22 23:54:10', '2019-01-22 23:54:10', '2020-01-23 05:24:10'),
('e3985320717ca74cdb13a3acf68061e851c4bcf315cee73cac6f5bd3f516a40973853f9bd6a20d18', 71, 1, 'user', '[]', 1, '2019-05-16 01:25:17', '2019-05-16 01:25:17', '2020-05-16 06:55:17'),
('e44b5dff879e127798aac1ae89d1929a746baa2d291390412a2808f616f5d8088c74b8f260cb3e1e', 42, 1, 'user', '[]', 0, '2019-05-07 04:59:19', '2019-05-07 04:59:19', '2020-05-07 10:29:19'),
('e491d0bad184172f8348eca13406076884fa035be8f4e6c7f0131b56d6fbe7cedfe2315c5fde6349', 13, 1, 'user', '[]', 0, '2019-01-25 04:13:50', '2019-01-25 04:13:50', '2020-01-25 09:43:50'),
('e492ebaef9b2e2352e32be929016649fdfd8198624d9d48ef8289a4d8b202c5e7af11bdaa8eb7f61', 42, 1, 'user', '[]', 0, '2019-05-03 04:29:54', '2019-05-03 04:29:54', '2020-05-03 09:59:54'),
('e4baba69b975c4b6a77d8b3c89653756c2623567c3d8f43bfe972eeb7fbf14e07146754af790a778', 41, 1, 'user', '[]', 0, '2019-05-02 23:20:14', '2019-05-02 23:20:14', '2020-05-03 04:50:14'),
('e5545e868d422e6c26eb791ca44d9c145b84ca06b84b219e4e5c07f27639c2b4a70f553778d04696', 65, 1, 'user', '[]', 1, '2019-05-10 08:00:38', '2019-05-10 08:00:38', '2020-05-10 13:30:38'),
('e5ee01ac1a347c63282463174097c081f8bc9a92722dc764164742062984c82931d45de0d120fe10', 42, 1, 'user', '[]', 0, '2019-05-03 05:22:07', '2019-05-03 05:22:07', '2020-05-03 10:52:07'),
('e5f2443ae831e72f1faf54447ff97c4d8b40f439970e5c23614c449816b36b3e9cfbc06048c9753c', 42, 1, 'user', '[]', 0, '2019-05-03 03:56:31', '2019-05-03 03:56:31', '2020-05-03 09:26:31'),
('e65d00012f0538cb1aa87b3ab14e5c47fe60d060e3c5cd4d1bacc56ae8c308d2eb075cb4e545452e', 101, 1, 'user', '[]', 0, '2019-05-16 06:50:10', '2019-05-16 06:50:10', '2020-05-16 12:20:10'),
('e6da8779af33301340482f525911debbb1e72ef24c2b3b14ebab8e0916e2a8221d4d87bd8a38b208', 87, 1, 'user', '[]', 1, '2019-05-13 05:16:23', '2019-05-13 05:16:23', '2020-05-13 10:46:23'),
('e7501c41d0f6dc0e28502dbac24c6fac23128d054dc188a2dae4e44aee080daae7df42ab67ce2278', 24, 1, 'user', '[]', 0, '2019-05-01 06:39:29', '2019-05-01 06:39:29', '2020-05-01 12:09:29'),
('e78ba9d0240a073089b9041ca7c7630f0e712a728d44b7536fe6105a70a914e9d8ec78ed646188d4', 42, 1, 'user', '[]', 0, '2019-05-03 04:57:55', '2019-05-03 04:57:55', '2020-05-03 10:27:55'),
('e8b68a728fb2aba3a5f0c5addeed5450eed0a52ec36d51bda95884f30f30fec5a51a822755399c20', 55, 1, 'user', '[]', 0, '2019-05-15 05:27:45', '2019-05-15 05:27:45', '2020-05-15 10:57:45'),
('e8c0a2692a421149b24fc4d979d5ebdcd2393f91089db33007fde99d27134b8ef0a0751cbeb3cbb4', 47, 1, 'user', '[]', 1, '2019-05-09 06:11:24', '2019-05-09 06:11:24', '2020-05-09 11:41:24'),
('e8cdd5fa2f39fbf03b0953ef3033fff7f9befa63e49820bbe600e01b5c1e90452fd910057ab62ea0', 55, 1, 'user', '[]', 1, '2019-05-15 04:25:44', '2019-05-15 04:25:44', '2020-05-15 09:55:44'),
('e8e24f67d3143acc301849a0d63a2d005969cf39ac51b3cb31633f1f0411ba7e2564dfbf29935fab', 100, 1, 'user', '[]', 0, '2019-05-16 06:33:53', '2019-05-16 06:33:53', '2020-05-16 12:03:53'),
('e9441653838e9bf143105b1638dade992429dc329670e7e6edac9737bdf71df808c3ac42a5c27eba', 44, 1, 'user', '[]', 1, '2019-05-09 03:45:32', '2019-05-09 03:45:32', '2020-05-09 09:15:32'),
('e996503b6f5542cfbaed7d64b86272bd39d13967f65b71ea0fb4d14c799a50736f03d1f731992baf', 88, 1, 'user', '[]', 0, '2019-05-13 02:07:40', '2019-05-13 02:07:40', '2020-05-13 07:37:40'),
('ea14b7f1ec568d209b00e7cc946276b541188e57aafb66dc610f379527dbeee52a601f974d1104ea', 55, 1, 'user', '[]', 0, '2019-05-15 02:21:33', '2019-05-15 02:21:33', '2020-05-15 07:51:33'),
('ea302470e666edb75ff9e9342c0dec947f80669276be69947c40fc079e516f9e69bd0a17ed4914ef', 3, 1, 'user', '[]', 0, '2019-04-19 05:00:20', '2019-04-19 05:00:20', '2020-04-19 10:30:20'),
('eb60fafa5fbbdf8fbe0f725c5cbe35da5834f52fc55c80d060ea9cbcbc50128846dfe29c06216935', 57, 1, 'user', '[]', 0, '2019-05-10 07:40:10', '2019-05-10 07:40:10', '2020-05-10 13:10:10'),
('ebd203524bbbd1661a4edbfe88459a9406a15eb1ebb1cada6d7eaa88a646a61f9537988e559ba487', 65, 1, 'user', '[]', 0, '2019-05-10 07:56:41', '2019-05-10 07:56:41', '2020-05-10 13:26:41'),
('ebd33301e86a83751225bc6c3a77f8110b33cfd04043e611c8f737e45000d95b03f3e39fa8e98769', 24, 1, 'user', '[]', 0, '2019-05-01 04:50:06', '2019-05-01 04:50:06', '2020-05-01 10:20:06'),
('ee2ed8c708bf6cb870392a1d8ce64c3ce0555fab375c358f30d451a17a80b9c7cfccdcbcc837d47c', 42, 1, 'user', '[]', 0, '2019-05-03 05:52:15', '2019-05-03 05:52:15', '2020-05-03 11:22:15'),
('ee5b29e55b212dcbe8006191f56e3e4d27d77051581992c6477365498b0e4ee6fb93db10dd4d768f', 24, 1, 'user', '[]', 0, '2019-04-26 07:24:14', '2019-04-26 07:24:14', '2020-04-26 12:54:14'),
('ef08dd456e60e8c23ddc106ddd7f3166bfdab7f005891d476ad192eb8d9151eb47c7bee9a3e175e0', 3, 1, 'user', '[]', 0, '2019-04-25 01:27:29', '2019-04-25 01:27:29', '2020-04-25 06:57:29'),
('efa5c41bce6f76204af0e5f3d60ec9c762f73d64b5ee3c5d3d7090be7a6e24efbad82ea88bfcccbf', 5, 1, 'user', '[]', 0, '2019-01-22 05:21:44', '2019-01-22 05:21:44', '2020-01-22 10:51:44'),
('efaaf5b1d60ab7565ca34ad3b879abdbce34eebdc3d31207e0abf422486c18505cea4fd1cd26c732', 55, 1, 'user', '[]', 0, '2019-05-16 00:28:24', '2019-05-16 00:28:24', '2020-05-16 05:58:24'),
('f0769832d3342961e8aa11f184265e91dae23dd2b46bc847f2463410ecbd0f498887f216ffe833a9', 24, 1, 'user', '[]', 0, '2019-04-30 08:43:29', '2019-04-30 08:43:29', '2020-04-30 14:13:29'),
('f0ac4a74df4214f5bf0583c2c812cbe55ff583cd9dd76c1f63769e6e99b7a2614a3b7fe4aab90350', 42, 1, 'user', '[]', 0, '2019-05-08 06:15:19', '2019-05-08 06:15:19', '2020-05-08 11:45:19'),
('f10dc8775633b908408816b16c38a039ef37215d91fec7a871a600cc776a824d68d7e7d5f5702df6', 47, 1, 'user', '[]', 0, '2019-05-10 08:42:49', '2019-05-10 08:42:49', '2020-05-10 14:12:49'),
('f1158b4bbce67744841fa7076cbc00855cfa9a0d2f83c2901af6fa2b54d6564c7e121d3331e0bc47', 10, 1, 'user', '[]', 0, '2019-01-24 07:06:02', '2019-01-24 07:06:02', '2020-01-24 12:36:02'),
('f14b3b4ad03ae24c024af564acf07690e5f6a2d0c136f2c4c8383c25d1d6057e4e35b800b8e511cf', 94, 1, 'user', '[]', 0, '2019-05-15 01:29:20', '2019-05-15 01:29:20', '2020-05-15 06:59:20'),
('f15e302cb290eee4403c1d2134d00ea8ad96f2e911c32a1057428df724e3ab29340294dee6ede309', 42, 1, 'user', '[]', 0, '2019-05-08 04:27:28', '2019-05-08 04:27:28', '2020-05-08 09:57:28'),
('f1d3df16299d4ff76ff760b45b1b0cf1c3ded49c34669ca485c675479fdd3a50a2137061ddc880c0', 42, 1, 'user', '[]', 0, '2019-05-03 06:11:08', '2019-05-03 06:11:08', '2020-05-03 11:41:08'),
('f1f12fded83785706cec4e0606a4f003e7f861e896e8bef40215786df1884f462d5ec61c96f863ef', 57, 1, 'user', '[]', 1, '2019-05-10 07:52:09', '2019-05-10 07:52:09', '2020-05-10 13:22:09'),
('f23a81dc4a9799cb9ee02538f9cc27024306a1672dbb2195002f1637b0d840aa62b3e37946c9e9d9', 42, 1, 'user', '[]', 0, '2019-05-08 05:56:40', '2019-05-08 05:56:40', '2020-05-08 11:26:40'),
('f23bfa24aa10e05afbfc8b344857be78130de55db027705f2671791dbbcb0f62fda2a42b978fee2f', 24, 1, 'user', '[]', 0, '2019-04-26 08:39:46', '2019-04-26 08:39:46', '2020-04-26 14:09:46'),
('f35defa8945e3eeb3d2f4986cd8563d8ce0c7212bd46c7e4891d548f145e19c69b0f5fd20344d1b6', 24, 1, 'user', '[]', 0, '2019-04-24 08:15:10', '2019-04-24 08:15:10', '2020-04-24 13:45:10'),
('f423aeb9d53d6fc43f547ef0fb5bd19a4ac5284ba48f06d497b55ed7515485ca227339b8d7d9feff', 54, 1, 'user', '[]', 0, '2019-05-08 07:43:19', '2019-05-08 07:43:19', '2020-05-08 13:13:19'),
('f4eaf8f90ff027389b0c4f8f8adf05918884346dea7e77fbae625e9d277655d3ad9cb2a66b6f06e2', 24, 1, 'user', '[]', 0, '2019-04-24 07:38:05', '2019-04-24 07:38:05', '2020-04-24 13:08:05'),
('f4eea7c1bab547fbce4e66cca57caca0fa2c213d0a40639030298340a81e031d88523ecfdacbcfe8', 24, 1, 'user', '[]', 0, '2019-04-30 09:03:35', '2019-04-30 09:03:35', '2020-04-30 14:33:35'),
('f54f677e11c18dbeb0b4bfc54e6c6e78084308f6f09f2a760bda05a5d0c1585a7245f3acc88a8a2b', 97, 1, 'user', '[]', 0, '2019-05-16 01:59:36', '2019-05-16 01:59:36', '2020-05-16 07:29:36'),
('f7220583126cc1e6b3f47b1123f01bd31ee2baa093ac3fb59ff880c4be4416d5b7287a22970f20d9', 24, 1, 'user', '[]', 0, '2019-04-24 06:26:55', '2019-04-24 06:26:55', '2020-04-24 11:56:55'),
('f7ae465d09bb9f8333ba01ba18895bc89b8db082d813ec033d31f827d1e67c5d46c48c5aac649f34', 97, 1, 'user', '[]', 0, '2019-05-17 00:45:33', '2019-05-17 00:45:33', '2020-05-17 06:15:33'),
('f8e6d2e3db52cb210c1ec1c098b3a30417b224b4ef1ae26b44171ccb02698a60561470a155f43223', 24, 1, 'user', '[]', 0, '2019-04-30 08:04:59', '2019-04-30 08:04:59', '2020-04-30 13:34:59'),
('fa2e40a5b292b5a6aabfc71d56af429999e7b0f4b42661304c553fe6b618c15957b600b9d8ddd144', 5, 1, 'user', '[]', 0, '2019-01-23 05:48:12', '2019-01-23 05:48:12', '2020-01-23 11:18:12'),
('fb2fbb887e65ce5b2404fbb4ccacae873eed02b3b97c2d17192f36be5c0539c7227eac6884597f2f', 42, 1, 'user', '[]', 0, '2019-05-02 06:02:29', '2019-05-02 06:02:29', '2020-05-02 11:32:29'),
('fb817da7b886841587d605394619a22c7919a5de6824e7d339a45a436ea95596c03b3cf7c38c3fb8', 24, 1, 'user', '[]', 0, '2019-04-25 02:16:25', '2019-04-25 02:16:25', '2020-04-25 07:46:25'),
('fb96e84ad34ca101070b5d0db2d32a55a2fb38eec6e5a18a74a3b631c4f26933261798c65bae8b2f', 42, 1, 'user', '[]', 1, '2019-05-09 03:51:00', '2019-05-09 03:51:00', '2020-05-09 09:21:00'),
('fd0544818c11a9f9ae40c95fa108c83401fde6e22f79000053f289e8df1a7f56f7ea7b21e39fa624', 23, 1, 'user', '[]', 0, '2019-04-24 23:15:24', '2019-04-24 23:15:24', '2020-04-25 04:45:24'),
('fd3a327a51af1c885be684378ceb96206cb6e01a2232fd59b35b1c998b48591a809c193d78e53a02', 84, 1, 'user', '[]', 1, '2019-05-12 23:21:33', '2019-05-12 23:21:33', '2020-05-13 04:51:33'),
('fd6aa35e3e15e98a6b165a971e10c1d418efa8d26fff2f834b72b449ffce95e657aca2eaf9228431', 57, 1, 'user', '[]', 0, '2019-05-10 05:26:08', '2019-05-10 05:26:08', '2020-05-10 10:56:08'),
('fd7f0163ee5a4b0ceca6c06c096e1e2a7ed76b22f088ac1f3b49162fa03626347f476858d9044a1d', 55, 1, 'user', '[]', 0, '2019-05-16 03:38:17', '2019-05-16 03:38:17', '2020-05-16 09:08:17'),
('fdcbf4d2a41c97d3117342644625b767fd566b11f0cf408f13852bce65f7038b125d34e2564d54f6', 42, 1, 'user', '[]', 0, '2019-05-03 01:47:33', '2019-05-03 01:47:33', '2020-05-03 07:17:33'),
('fe1ae6aa39e5d2b745b81d422224a16138b427aeeb039d82e2e2fe8bf2a17dde5734596794502f81', 101, 1, 'user', '[]', 1, '2019-05-17 06:51:55', '2019-05-17 06:51:55', '2020-05-17 12:21:55'),
('fedf1091471e5a991d95f36fa6d85355788672b5e5bddbe122efe8c19fd198b834ccc09220a1236c', 13, 1, 'user', '[]', 0, '2019-03-20 07:34:19', '2019-03-20 07:34:19', '2020-03-20 13:04:19'),
('ff5b9690025d21474460075ed5e730f92476d83fbc3c801a6107df9cc9d597e752f4e7918fa6874c', 55, 1, 'user', '[]', 0, '2019-05-15 02:16:01', '2019-05-15 02:16:01', '2020-05-15 07:46:01'),
('ff9de5a36a8c9865a0cc3a6a788d42e75fef35604922cce4846f699c0d7e3c701278f794626597c5', 42, 1, 'user', '[]', 0, '2019-05-07 05:54:50', '2019-05-07 05:54:50', '2020-05-07 11:24:50');

-- --------------------------------------------------------

--
-- Table structure for table `oauth_auth_codes`
--

CREATE TABLE `oauth_auth_codes` (
  `id` varchar(100) COLLATE utf8mb4_unicode_ci NOT NULL,
  `user_id` int(11) NOT NULL,
  `client_id` int(10) UNSIGNED NOT NULL,
  `scopes` text COLLATE utf8mb4_unicode_ci,
  `revoked` tinyint(1) NOT NULL,
  `expires_at` datetime DEFAULT NULL
) ENGINE=InnoDB DEFAULT CHARSET=utf8mb4 COLLATE=utf8mb4_unicode_ci;

-- --------------------------------------------------------

--
-- Table structure for table `oauth_clients`
--

CREATE TABLE `oauth_clients` (
  `id` int(10) UNSIGNED NOT NULL,
  `user_id` int(11) DEFAULT NULL,
  `name` varchar(191) COLLATE utf8mb4_unicode_ci NOT NULL,
  `secret` varchar(100) COLLATE utf8mb4_unicode_ci NOT NULL,
  `redirect` text COLLATE utf8mb4_unicode_ci NOT NULL,
  `personal_access_client` tinyint(1) NOT NULL,
  `password_client` tinyint(1) NOT NULL,
  `revoked` tinyint(1) NOT NULL,
  `created_at` timestamp NULL DEFAULT NULL,
  `updated_at` timestamp NULL DEFAULT NULL
) ENGINE=InnoDB DEFAULT CHARSET=utf8mb4 COLLATE=utf8mb4_unicode_ci;

--
-- Dumping data for table `oauth_clients`
--

INSERT INTO `oauth_clients` (`id`, `user_id`, `name`, `secret`, `redirect`, `personal_access_client`, `password_client`, `revoked`, `created_at`, `updated_at`) VALUES
(1, NULL, 'Love Push Personal Access Client', 'Abxmt0kiTkWqZT8Bg9s3BdqoGBlkq2T2nRS3tTrm', 'http://localhost', 1, 0, 0, '2019-01-21 04:55:50', '2019-01-21 04:55:50');

-- --------------------------------------------------------

--
-- Table structure for table `oauth_personal_access_clients`
--

CREATE TABLE `oauth_personal_access_clients` (
  `id` int(10) UNSIGNED NOT NULL,
  `client_id` int(10) UNSIGNED NOT NULL,
  `created_at` timestamp NULL DEFAULT NULL,
  `updated_at` timestamp NULL DEFAULT NULL
) ENGINE=InnoDB DEFAULT CHARSET=utf8mb4 COLLATE=utf8mb4_unicode_ci;

--
-- Dumping data for table `oauth_personal_access_clients`
--

INSERT INTO `oauth_personal_access_clients` (`id`, `client_id`, `created_at`, `updated_at`) VALUES
(1, 1, '2019-01-21 04:55:50', '2019-01-21 04:55:50');

-- --------------------------------------------------------

--
-- Table structure for table `oauth_refresh_tokens`
--

CREATE TABLE `oauth_refresh_tokens` (
  `id` varchar(100) COLLATE utf8mb4_unicode_ci NOT NULL,
  `access_token_id` varchar(100) COLLATE utf8mb4_unicode_ci NOT NULL,
  `revoked` tinyint(1) NOT NULL,
  `expires_at` datetime DEFAULT NULL
) ENGINE=InnoDB DEFAULT CHARSET=utf8mb4 COLLATE=utf8mb4_unicode_ci;

-- --------------------------------------------------------

--
-- Table structure for table `password_resets`
--

CREATE TABLE `password_resets` (
  `email` varchar(191) COLLATE utf8mb4_unicode_ci NOT NULL,
  `token` varchar(191) COLLATE utf8mb4_unicode_ci NOT NULL,
  `created_at` timestamp NULL DEFAULT NULL
) ENGINE=InnoDB DEFAULT CHARSET=utf8mb4 COLLATE=utf8mb4_unicode_ci;

-- --------------------------------------------------------

--
-- Table structure for table `personality_questions`
--

CREATE TABLE `personality_questions` (
  `id` int(10) UNSIGNED NOT NULL,
  `question` varchar(191) COLLATE utf8mb4_unicode_ci NOT NULL,
  `is_active` tinyint(4) NOT NULL DEFAULT '1' COMMENT '0=> inactive, 1=>active',
  `created_at` timestamp NULL DEFAULT NULL,
  `updated_at` timestamp NULL DEFAULT NULL
) ENGINE=InnoDB DEFAULT CHARSET=utf8mb4 COLLATE=utf8mb4_unicode_ci;

--
-- Dumping data for table `personality_questions`
--

INSERT INTO `personality_questions` (`id`, `question`, `is_active`, `created_at`, `updated_at`) VALUES
(1, 'What  is your favourite fruit?', 1, '2019-01-21 05:00:40', '2019-01-21 05:00:40'),
(2, 'What  is your favourite color ?', 1, '2019-01-22 04:48:09', '2019-01-22 04:48:09');

-- --------------------------------------------------------

--
-- Table structure for table `personality_questions_options`
--

CREATE TABLE `personality_questions_options` (
  `id` int(10) UNSIGNED NOT NULL,
  `personality_question_id` int(10) UNSIGNED NOT NULL,
  `option` varchar(191) COLLATE utf8mb4_unicode_ci NOT NULL,
  `created_at` timestamp NULL DEFAULT NULL,
  `updated_at` timestamp NULL DEFAULT NULL
) ENGINE=InnoDB DEFAULT CHARSET=utf8mb4 COLLATE=utf8mb4_unicode_ci;

--
-- Dumping data for table `personality_questions_options`
--

INSERT INTO `personality_questions_options` (`id`, `personality_question_id`, `option`, `created_at`, `updated_at`) VALUES
(1, 1, 'Mango', '2019-01-21 05:00:40', '2019-01-21 05:00:40'),
(2, 1, 'Orange', '2019-01-21 05:00:41', '2019-01-21 05:00:41'),
(3, 1, 'Banana', '2019-01-21 05:00:41', '2019-01-21 05:00:41'),
(4, 1, 'Apple', '2019-01-21 05:00:41', '2019-01-21 05:00:41'),
(9, 2, 'Red', '2019-01-28 06:41:55', '2019-01-28 06:41:55'),
(10, 2, 'Orange', '2019-01-28 06:41:55', '2019-01-28 06:41:55'),
(11, 2, 'Pink', '2019-01-28 06:41:55', '2019-01-28 06:41:55'),
(12, 2, 'Yellow', '2019-01-28 06:41:55', '2019-01-28 06:41:55');

-- --------------------------------------------------------

--
-- Table structure for table `personality_tests`
--

CREATE TABLE `personality_tests` (
  `id` int(10) UNSIGNED NOT NULL,
  `user_id` int(10) UNSIGNED NOT NULL,
  `option_id` int(10) UNSIGNED NOT NULL,
  `created_at` timestamp NULL DEFAULT NULL,
  `updated_at` timestamp NULL DEFAULT NULL
) ENGINE=InnoDB DEFAULT CHARSET=utf8mb4 COLLATE=utf8mb4_unicode_ci;

--
-- Dumping data for table `personality_tests`
--

INSERT INTO `personality_tests` (`id`, `user_id`, `option_id`, `created_at`, `updated_at`) VALUES
(12, 3, 4, '2019-01-23 06:47:27', '2019-01-23 06:47:27'),
(17, 5, 1, '2019-01-23 06:54:03', '2019-01-23 06:54:03'),
(19, 5, 1, '2019-01-23 06:57:28', '2019-01-23 06:57:28'),
(21, 5, 1, '2019-01-23 06:57:30', '2019-01-23 06:57:30'),
(23, 5, 2, '2019-01-23 06:58:31', '2019-01-23 06:58:31'),
(25, 5, 2, '2019-01-23 06:58:35', '2019-01-23 06:58:35'),
(27, 5, 3, '2019-01-24 23:33:04', '2019-01-24 23:33:04'),
(29, 13, 2, '2019-01-25 06:01:38', '2019-01-25 06:01:38'),
(31, 13, 4, '2019-01-25 07:18:14', '2019-01-25 07:18:14'),
(32, 18, 10, '2019-04-09 05:13:45', '2019-04-09 05:13:45'),
(33, 18, 3, '2019-04-09 05:13:45', '2019-04-09 05:13:45');

-- --------------------------------------------------------

--
-- Table structure for table `post_ads`
--

CREATE TABLE `post_ads` (
  `id` int(10) UNSIGNED NOT NULL,
  `user_id` int(10) UNSIGNED NOT NULL,
  `title` varchar(191) COLLATE utf8mb4_unicode_ci NOT NULL,
  `description` text COLLATE utf8mb4_unicode_ci NOT NULL,
  `post_type` tinyint(4) NOT NULL DEFAULT '1' COMMENT '1=> love ad, 2=> connect ad',
  `image` varchar(191) COLLATE utf8mb4_unicode_ci DEFAULT NULL,
  `location` varchar(191) COLLATE utf8mb4_unicode_ci DEFAULT NULL,
  `latitude` varchar(191) COLLATE utf8mb4_unicode_ci NOT NULL,
  `longitude` varchar(191) COLLATE utf8mb4_unicode_ci NOT NULL,
  `is_post_anonymously` tinyint(4) NOT NULL DEFAULT '1' COMMENT '1=> show, 0=> profile hidden',
  `radius` decimal(8,2) DEFAULT NULL,
  `status` tinyint(4) NOT NULL DEFAULT '1' COMMENT '1=> active, 0=> not active',
  `created_at` timestamp NULL DEFAULT NULL,
  `updated_at` timestamp NULL DEFAULT NULL
) ENGINE=InnoDB DEFAULT CHARSET=utf8mb4 COLLATE=utf8mb4_unicode_ci;

--
-- Dumping data for table `post_ads`
--

INSERT INTO `post_ads` (`id`, `user_id`, `title`, `description`, `post_type`, `image`, `location`, `latitude`, `longitude`, `is_post_anonymously`, `radius`, `status`, `created_at`, `updated_at`) VALUES
(1, 3, 'titl', 'Js fjd dd djd dj sjd djs sjs sjf djd sjd djd jd ddj dd', 2, '1548244910.png', 'Tower C, Third Floor DLF Building, IT Park 160101, Phase - I, Manimajra, Chandigarh, Haryana 134114, India', '30.72808590000001', '76.84575629999999', 0, '15.00', 1, '2019-01-23 06:31:50', '2019-01-23 06:31:50'),
(2, 6, 'title', 'Des djd djs sjs sjs sjs sjs shs hs jsjs', 2, '1548400345.png', 'Tower C, Third Floor DLF Building, IT Park 160101, Phase - I, Manimajra, Chandigarh, Haryana 134114, India', '30.72808590000001', '76.84575629999999', 1, '38.25', 1, '2019-01-25 01:42:25', '2019-01-25 01:42:25'),
(3, 6, 'hddj', 'Shsh', 2, '1548400421.png', 'Tower C, Third Floor DLF Building, IT Park 160101, Phase - I, Manimajra, Chandigarh, Haryana 134114, India', '30.72808590000001', '76.84575629999999', 1, '45.83', 1, '2019-01-25 01:43:41', '2019-01-25 01:43:41'),
(4, 13, 'nxdbjdhshs', 'jddjdj djejds djsb', 1, '1548414974.png', 'Unnamed Road, Phase - I, Manimajra, Chandigarh, Haryana 160101, India', '30.727847500000003', '76.84621484375', 0, '65.00', 1, '2019-01-25 05:46:14', '2019-01-25 05:46:14'),
(5, 25, 'sdfsd', 'sdfsd', 1, '1556601863.png', '1600 Amphitheatre Pkwy, Mountain View, CA 94043, USA', '37.42199750000001', '-122.08399609374999', 0, '35.00', 1, '2019-04-29 23:54:23', '2019-04-29 23:54:23');

-- --------------------------------------------------------

--
-- Table structure for table `questions`
--

CREATE TABLE `questions` (
  `id` int(11) NOT NULL,
  `status` tinyint(1) NOT NULL DEFAULT '1' COMMENT '1=active,0=inactive',
  `max_scores` int(11) DEFAULT NULL,
  `max_answers` int(11) DEFAULT NULL,
  `score_multiple` float NOT NULL DEFAULT '1',
  `created_at` datetime NOT NULL DEFAULT CURRENT_TIMESTAMP,
  `updated_at` datetime NOT NULL DEFAULT CURRENT_TIMESTAMP ON UPDATE CURRENT_TIMESTAMP
) ENGINE=InnoDB DEFAULT CHARSET=latin1;

--
-- Dumping data for table `questions`
--

INSERT INTO `questions` (`id`, `status`, `max_scores`, `max_answers`, `score_multiple`, `created_at`, `updated_at`) VALUES
(1, 1, NULL, 1, 1, '2019-04-30 15:31:17', '2019-05-06 16:12:25'),
(2, 1, NULL, 1, 1, '2019-04-30 15:31:17', '2019-05-06 16:12:27'),
(3, 1, 20, 1, 1, '2019-04-30 15:31:17', '2019-04-30 16:17:13'),
(4, 1, 20, 1, 1, '2019-04-30 15:31:17', '2019-04-30 16:17:43'),
(5, 1, 80, 2, 2, '2019-04-30 15:31:17', '2019-04-30 16:19:26'),
(6, 1, 40, 2, 1, '2019-04-30 15:31:17', '2019-04-30 16:19:43'),
(7, 1, 40, 3, 1, '2019-04-30 15:31:17', '2019-04-30 16:19:59'),
(8, 1, 30, 2, 1, '2019-04-30 15:31:17', '2019-04-30 16:20:10'),
(9, 1, NULL, 1, 0.15, '2019-04-30 15:31:17', '2019-04-30 16:22:01'),
(10, 1, 20, 1, 1, '2019-04-30 15:31:17', '2019-04-30 16:22:29'),
(11, 1, 20, 1, 1, '2019-04-30 15:31:17', '2019-04-30 16:22:42'),
(12, 1, 20, 1, 1, '2019-04-30 15:31:17', '2019-04-30 16:23:23'),
(13, 1, 60, 3, 1, '2019-04-30 15:31:17', '2019-04-30 16:23:38'),
(14, 1, 20, 1, 1, '2019-04-30 15:31:17', '2019-04-30 16:24:52'),
(15, 1, 60, 3, 1, '2019-04-30 15:31:17', '2019-04-30 16:25:36'),
(16, 1, 20, 1, 1, '2019-04-30 15:31:17', '2019-04-30 16:25:46'),
(17, 1, 20, 1, 1, '2019-04-30 15:31:17', '2019-04-30 16:25:54'),
(18, 1, 20, 1, 1, '2019-04-30 15:31:17', '2019-04-30 16:26:13'),
(19, 0, NULL, NULL, 1, '2019-04-30 15:31:17', '2019-04-30 15:59:31');

-- --------------------------------------------------------

--
-- Table structure for table `question_descs`
--

CREATE TABLE `question_descs` (
  `question_id` int(11) NOT NULL,
  `language_id` tinyint(4) NOT NULL DEFAULT '1' COMMENT '1=English,2=German',
  `question` varchar(255) CHARACTER SET utf8 DEFAULT NULL,
  `status` tinyint(1) NOT NULL DEFAULT '1' COMMENT '1=active,0=inactive',
  `created_at` datetime NOT NULL DEFAULT CURRENT_TIMESTAMP,
  `updated_at` datetime NOT NULL DEFAULT CURRENT_TIMESTAMP ON UPDATE CURRENT_TIMESTAMP
) ENGINE=InnoDB DEFAULT CHARSET=latin1;

--
-- Dumping data for table `question_descs`
--

INSERT INTO `question_descs` (`question_id`, `language_id`, `question`, `status`, `created_at`, `updated_at`) VALUES
(1, 1, 'Who are you searching for on Love push?', 1, '2019-04-30 15:30:10', '2019-04-30 15:30:17'),
(1, 2, 'Wen suchen Sie bei Love Push?', 1, '2019-04-30 15:30:10', '2019-04-30 15:30:19'),
(2, 1, 'What are you searching for?', 1, '2019-04-30 15:33:28', '2019-04-30 15:33:53'),
(2, 2, 'Was suchst du?', 1, '2019-04-30 15:33:28', '2019-04-30 15:34:04'),
(3, 1, 'Where is your favourite place to stay ?', 1, '2019-04-30 15:33:28', '2019-04-30 15:34:54'),
(3, 2, 'Wo ist dein Lieblingsplatz?', 1, '2019-04-30 15:33:28', '2019-04-30 15:35:01'),
(4, 1, 'Your fashion style?', 1, '2019-04-30 15:33:28', '2019-04-30 15:35:36'),
(4, 2, 'Dein Modestil?', 1, '2019-04-30 15:33:28', '2019-04-30 15:35:45'),
(5, 1, 'Why do you want to meet new people?', 1, '2019-04-30 15:33:28', '2019-04-30 15:35:36'),
(5, 2, 'Warum mchtest du neue Leute kennenlernen?', 1, '2019-04-30 15:33:28', '2019-04-30 15:35:45'),
(6, 1, 'how would you describe yourself?', 1, '2019-04-30 15:33:28', '2019-04-30 15:35:36'),
(6, 2, 'Wie wrdest du dich selbst beschreiben?', 1, '2019-04-30 15:33:28', '2019-04-30 15:35:45'),
(7, 1, 'How do you spend your weekends?', 1, '2019-04-30 15:33:28', '2019-04-30 15:35:36'),
(7, 2, 'Wie verbringst du deine Wochenenden?', 1, '2019-04-30 15:33:28', '2019-04-30 15:35:45'),
(8, 1, 'cook,order or go out to eat?', 1, '2019-04-30 15:33:28', '2019-04-30 15:35:36'),
(8, 2, 'kochen, bestellen oder essen gehen?', 1, '2019-04-30 15:33:28', '2019-04-30 15:35:45'),
(9, 1, 'Wich meals do you prefer?', 1, '2019-04-30 15:33:28', '2019-04-30 15:35:36'),
(9, 2, 'Welche Mahlzeiten bevorzugen Sie?', 1, '2019-04-30 15:33:28', '2019-04-30 15:35:45'),
(10, 1, 'If you can sleep threw, when are you getting up?', 1, '2019-04-30 15:33:28', '2019-04-30 15:35:36'),
(10, 2, 'Wenn du schlafen kannst, wann stehst du auf?', 1, '2019-04-30 15:33:28', '2019-04-30 15:35:45'),
(11, 1, 'Which animal do you prefer?', 1, '2019-04-30 15:33:28', '2019-04-30 15:35:36'),
(11, 2, 'Welches Tier bevorzugst du?', 1, '2019-04-30 15:33:28', '2019-04-30 15:35:45'),
(12, 1, 'level of education', 1, '2019-04-30 15:33:28', '2019-04-30 15:35:36'),
(12, 2, 'Bildungsgrad', 1, '2019-04-30 15:33:28', '2019-04-30 15:35:45'),
(13, 1, 'What do you do with your free time?', 1, '2019-04-30 15:33:28', '2019-04-30 15:35:36'),
(13, 2, 'Was machst du mit deiner Freizeit?', 1, '2019-04-30 15:33:28', '2019-04-30 15:35:45'),
(14, 1, 'If you would win a vacation from love push, where would you go to?', 1, '2019-04-30 15:33:28', '2019-04-30 15:56:27'),
(14, 2, 'Wenn Sie einen Urlaub von Love Push gewinnen wrden, wohin wrden Sie gehen?', 1, '2019-04-30 15:33:28', '2019-04-30 15:56:29'),
(15, 1, 'What is most important refering to your dream partner?', 1, '2019-04-30 15:33:28', '2019-04-30 15:55:52'),
(15, 2, 'Was ist am wichtigsten fr Ihren Traumpartner?', 1, '2019-04-30 15:33:28', '2019-04-30 15:56:15'),
(16, 1, 'How important is sex for you in a relationship?', 1, '2019-04-30 15:33:28', '2019-04-30 15:55:39'),
(16, 2, 'Wie wichtig ist Sex in einer Beziehung fr dich?', 1, '2019-04-30 15:33:28', '2019-04-30 15:55:37'),
(17, 1, 'Do you want to have kids with your future partner?', 1, '2019-04-30 15:33:28', '2019-04-30 15:55:39'),
(17, 2, 'Mchten Sie Kinder mit Ihrem zuknftigen Partner haben?', 1, '2019-04-30 15:33:28', '2019-04-30 15:55:37'),
(18, 1, 'Do you want to merry later on?', 1, '2019-04-30 15:33:28', '2019-04-30 15:55:39'),
(18, 2, 'Mchten Sie spter frhlich sein?', 1, '2019-04-30 15:33:28', '2019-04-30 15:55:37');

-- --------------------------------------------------------

--
-- Table structure for table `ques_options`
--

CREATE TABLE `ques_options` (
  `id` int(11) NOT NULL,
  `question_id` int(11) DEFAULT NULL,
  `status` tinyint(1) NOT NULL DEFAULT '1' COMMENT '1=active,0=inactive',
  `created_at` datetime NOT NULL DEFAULT CURRENT_TIMESTAMP,
  `updated_at` datetime NOT NULL DEFAULT CURRENT_TIMESTAMP ON UPDATE CURRENT_TIMESTAMP
) ENGINE=InnoDB DEFAULT CHARSET=latin1;

--
-- Dumping data for table `ques_options`
--

INSERT INTO `ques_options` (`id`, `question_id`, `status`, `created_at`, `updated_at`) VALUES
(1, 1, 1, '2019-04-30 17:02:46', '2019-04-30 17:02:46'),
(2, 1, 1, '2019-04-30 17:02:46', '2019-04-30 17:04:16'),
(3, 1, 1, '2019-04-30 17:02:51', '2019-04-30 17:04:18'),
(4, 2, 1, '2019-04-30 17:02:51', '2019-04-30 17:04:51'),
(5, 2, 1, '2019-04-30 17:02:51', '2019-04-30 17:04:51'),
(6, 2, 1, '2019-04-30 17:02:51', '2019-04-30 17:04:51'),
(7, 2, 1, '2019-04-30 17:02:51', '2019-04-30 17:04:51'),
(8, 2, 1, '2019-04-30 17:02:51', '2019-04-30 17:04:51'),
(9, 3, 1, '2019-04-30 17:02:51', '2019-04-30 17:04:51'),
(10, 3, 1, '2019-04-30 17:02:51', '2019-04-30 17:04:51'),
(11, 3, 1, '2019-04-30 17:02:51', '2019-04-30 17:04:51'),
(12, 3, 1, '2019-04-30 17:02:51', '2019-04-30 17:04:51'),
(13, 4, 1, '2019-04-30 17:02:51', '2019-04-30 17:04:51'),
(14, 4, 1, '2019-04-30 17:02:51', '2019-04-30 17:04:51'),
(15, 4, 1, '2019-04-30 17:02:51', '2019-04-30 17:04:51'),
(16, 4, 1, '2019-04-30 17:02:51', '2019-04-30 17:04:51'),
(17, 5, 1, '2019-04-30 17:02:51', '2019-04-30 17:04:51'),
(18, 5, 1, '2019-04-30 17:02:51', '2019-04-30 17:04:51'),
(19, 5, 1, '2019-04-30 17:02:51', '2019-04-30 17:04:51'),
(20, 5, 1, '2019-04-30 17:02:51', '2019-04-30 17:04:51'),
(21, 5, 1, '2019-04-30 17:02:51', '2019-04-30 17:04:51'),
(22, 6, 1, '2019-04-30 17:02:51', '2019-04-30 17:04:51'),
(23, 6, 1, '2019-04-30 17:02:51', '2019-04-30 17:04:51'),
(24, 6, 1, '2019-04-30 17:02:51', '2019-04-30 17:04:51'),
(25, 6, 1, '2019-04-30 17:02:51', '2019-04-30 17:04:51'),
(26, 6, 1, '2019-04-30 17:02:51', '2019-04-30 17:04:51'),
(27, 6, 1, '2019-04-30 17:02:51', '2019-04-30 17:04:51'),
(28, 6, 1, '2019-04-30 17:02:51', '2019-04-30 17:04:51'),
(29, 6, 1, '2019-04-30 17:02:51', '2019-04-30 17:04:51'),
(30, 7, 1, '2019-04-30 17:02:51', '2019-04-30 17:04:51'),
(31, 7, 1, '2019-04-30 17:02:51', '2019-04-30 17:04:51'),
(32, 7, 1, '2019-04-30 17:02:51', '2019-04-30 17:04:51'),
(33, 7, 1, '2019-04-30 17:02:51', '2019-04-30 17:04:51'),
(34, 7, 1, '2019-04-30 17:02:51', '2019-04-30 17:04:51'),
(35, 7, 1, '2019-04-30 17:02:51', '2019-04-30 17:04:51'),
(36, 7, 1, '2019-04-30 17:02:51', '2019-04-30 17:04:51'),
(37, 7, 1, '2019-04-30 17:02:51', '2019-04-30 17:04:51'),
(38, 8, 1, '2019-04-30 17:02:51', '2019-04-30 17:04:51'),
(39, 8, 1, '2019-04-30 17:02:51', '2019-04-30 17:04:51'),
(40, 8, 1, '2019-04-30 17:02:51', '2019-04-30 17:04:51'),
(41, 8, 1, '2019-04-30 17:02:51', '2019-04-30 17:04:51'),
(42, 8, 1, '2019-04-30 17:02:51', '2019-04-30 17:04:51'),
(43, 8, 1, '2019-04-30 17:02:51', '2019-04-30 17:04:51'),
(44, 9, 1, '2019-04-30 17:02:51', '2019-04-30 17:04:51'),
(45, 9, 1, '2019-04-30 17:02:51', '2019-04-30 17:04:51'),
(46, 9, 1, '2019-04-30 17:02:51', '2019-04-30 17:04:51'),
(47, 9, 1, '2019-04-30 17:02:51', '2019-04-30 17:04:51'),
(48, 9, 1, '2019-04-30 17:02:51', '2019-04-30 17:04:51'),
(49, 9, 1, '2019-04-30 17:02:51', '2019-04-30 17:04:51'),
(50, 9, 1, '2019-04-30 17:02:51', '2019-04-30 17:04:51'),
(51, 9, 1, '2019-04-30 17:02:51', '2019-04-30 17:04:51'),
(52, 10, 1, '2019-04-30 17:02:51', '2019-04-30 17:04:51'),
(53, 10, 1, '2019-04-30 17:02:51', '2019-04-30 17:04:51'),
(54, 10, 1, '2019-04-30 17:02:51', '2019-04-30 17:04:51'),
(55, 11, 1, '2019-04-30 17:02:51', '2019-04-30 17:04:51'),
(56, 11, 1, '2019-04-30 17:02:51', '2019-04-30 17:04:51'),
(57, 11, 1, '2019-04-30 17:02:51', '2019-04-30 17:04:51'),
(58, 12, 1, '2019-04-30 17:02:51', '2019-04-30 17:04:51'),
(59, 12, 1, '2019-04-30 17:02:51', '2019-04-30 17:04:51'),
(60, 12, 1, '2019-04-30 17:02:51', '2019-04-30 17:04:51'),
(61, 12, 1, '2019-04-30 17:02:51', '2019-04-30 17:04:51'),
(62, 12, 1, '2019-04-30 17:02:51', '2019-04-30 17:04:51'),
(63, 12, 1, '2019-04-30 17:02:51', '2019-04-30 17:04:51'),
(64, 12, 1, '2019-04-30 17:02:51', '2019-04-30 17:04:51'),
(65, 13, 1, '2019-04-30 17:02:51', '2019-04-30 17:04:51'),
(66, 13, 1, '2019-04-30 17:02:51', '2019-04-30 17:04:51'),
(67, 13, 1, '2019-04-30 17:02:51', '2019-04-30 17:04:51'),
(68, 13, 1, '2019-04-30 17:02:51', '2019-04-30 17:04:51'),
(69, 13, 1, '2019-04-30 17:02:51', '2019-04-30 17:04:51'),
(70, 13, 1, '2019-04-30 17:02:51', '2019-04-30 17:04:51'),
(71, 13, 1, '2019-04-30 17:02:51', '2019-04-30 17:04:51'),
(72, 13, 1, '2019-04-30 17:02:51', '2019-04-30 17:04:51'),
(73, 13, 1, '2019-04-30 17:02:51', '2019-04-30 17:04:51'),
(74, 14, 1, '2019-04-30 17:02:51', '2019-04-30 17:04:51'),
(75, 14, 1, '2019-04-30 17:02:51', '2019-04-30 17:04:51'),
(76, 14, 1, '2019-04-30 17:02:51', '2019-04-30 17:04:51'),
(77, 14, 1, '2019-04-30 17:02:51', '2019-04-30 17:04:51'),
(78, 14, 1, '2019-04-30 17:02:51', '2019-04-30 17:04:51'),
(79, 15, 1, '2019-04-30 17:02:51', '2019-04-30 17:04:51'),
(80, 15, 1, '2019-04-30 17:02:51', '2019-04-30 17:04:51'),
(81, 15, 1, '2019-04-30 17:02:51', '2019-04-30 17:04:51'),
(82, 15, 1, '2019-04-30 17:02:51', '2019-04-30 17:04:51'),
(83, 15, 1, '2019-04-30 17:02:51', '2019-04-30 17:04:51'),
(84, 15, 1, '2019-04-30 17:02:51', '2019-04-30 17:04:51'),
(85, 15, 1, '2019-04-30 17:02:51', '2019-04-30 17:04:51'),
(86, 16, 1, '2019-04-30 17:02:51', '2019-04-30 17:04:51'),
(87, 16, 1, '2019-04-30 17:02:51', '2019-04-30 17:04:51'),
(88, 16, 1, '2019-04-30 17:02:51', '2019-04-30 17:04:51'),
(89, 16, 1, '2019-04-30 17:02:51', '2019-04-30 17:04:51'),
(90, 17, 1, '2019-04-30 17:02:51', '2019-04-30 17:04:51'),
(91, 17, 1, '2019-04-30 17:02:51', '2019-04-30 17:04:51'),
(92, 17, 1, '2019-04-30 17:02:51', '2019-04-30 17:04:51'),
(93, 18, 1, '2019-04-30 17:02:51', '2019-04-30 17:04:51'),
(94, 18, 1, '2019-04-30 17:02:51', '2019-04-30 17:04:51'),
(95, 18, 1, '2019-04-30 17:02:51', '2019-04-30 17:04:51');

-- --------------------------------------------------------

--
-- Table structure for table `ques_option_descs`
--

CREATE TABLE `ques_option_descs` (
  `ques_option_id` int(11) NOT NULL,
  `language_id` tinyint(4) NOT NULL DEFAULT '1' COMMENT '1=English, 2=German',
  `option` text CHARACTER SET utf8,
  `status` tinyint(1) NOT NULL DEFAULT '1' COMMENT '1=active,0=inactive',
  `created_at` datetime NOT NULL,
  `updated_at` datetime NOT NULL DEFAULT CURRENT_TIMESTAMP ON UPDATE CURRENT_TIMESTAMP
) ENGINE=InnoDB DEFAULT CHARSET=latin1;

--
-- Dumping data for table `ques_option_descs`
--

INSERT INTO `ques_option_descs` (`ques_option_id`, `language_id`, `option`, `status`, `created_at`, `updated_at`) VALUES
(1, 1, 'Man', 1, '0000-00-00 00:00:00', '2019-04-30 17:07:47'),
(1, 2, 'Mann', 1, '0000-00-00 00:00:00', '2019-04-30 17:07:47'),
(2, 1, 'Women', 1, '0000-00-00 00:00:00', '2019-04-30 17:07:47'),
(2, 2, 'Frau', 1, '0000-00-00 00:00:00', '2019-04-30 17:07:47'),
(3, 1, 'Transgender', 1, '0000-00-00 00:00:00', '2019-04-30 17:07:47'),
(3, 2, 'Transgender', 1, '0000-00-00 00:00:00', '2019-04-30 17:07:47'),
(4, 1, 'The great love', 1, '0000-00-00 00:00:00', '2019-04-30 17:07:47'),
(4, 2, 'Die groe Liebe', 1, '0000-00-00 00:00:00', '2019-04-30 17:07:47'),
(5, 1, 'Nice acquaintances', 1, '0000-00-00 00:00:00', '2019-04-30 17:07:47'),
(5, 2, 'Nette Bekannte', 1, '0000-00-00 00:00:00', '2019-04-30 17:07:47'),
(6, 1, 'Friendships', 1, '0000-00-00 00:00:00', '2019-04-30 17:07:47'),
(6, 2, 'Freundschaften', 1, '0000-00-00 00:00:00', '2019-04-30 17:07:47'),
(7, 1, 'Travel buddy', 1, '0000-00-00 00:00:00', '2019-04-30 17:07:47'),
(7, 2, 'Reise-Kumpel', 1, '0000-00-00 00:00:00', '2019-04-30 17:07:47'),
(8, 1, 'Open for everything', 1, '0000-00-00 00:00:00', '2019-04-30 17:07:47'),
(8, 2, 'Offen fr alles', 1, '0000-00-00 00:00:00', '2019-04-30 17:07:47'),
(9, 1, 'Outside, I love to move my self and be in nature', 1, '0000-00-00 00:00:00', '2019-04-30 17:07:47'),
(9, 2, 'Drauen bewege ich mich gerne und bin in der Natur', 1, '0000-00-00 00:00:00', '2019-04-30 17:07:47'),
(10, 1, 'My home is my temple', 1, '0000-00-00 00:00:00', '2019-04-30 17:07:47'),
(10, 2, 'Mein Zuhause ist mein Tempel', 1, '0000-00-00 00:00:00', '2019-04-30 17:07:47'),
(11, 1, 'places where i get to meet new interesting people', 1, '0000-00-00 00:00:00', '2019-04-30 17:07:47'),
(11, 2, 'Orte, an denen ich neue interessante Leute kennenlernen kann', 1, '0000-00-00 00:00:00', '2019-04-30 17:07:47'),
(12, 1, 'A place where I can think and find new ideas', 1, '0000-00-00 00:00:00', '2019-04-30 17:07:47'),
(12, 2, 'Ein Ort, an dem ich nachdenken und neue Ideen finden kann', 1, '0000-00-00 00:00:00', '2019-04-30 17:07:47'),
(13, 1, 'jeans and sneaker , i wear clothes to go somewhere and not to impress', 1, '0000-00-00 00:00:00', '2019-04-30 17:33:46'),
(13, 2, 'Jeans und Sneaker, ich trage Kleidung, um irgendwohin zu gehen und nicht zu beeindrucken', 1, '0000-00-00 00:00:00', '2019-04-30 17:33:59'),
(14, 1, 'Everything got to be perfekt! My outfit has to match from my shirt down to the socks', 1, '0000-00-00 00:00:00', '2019-04-30 17:34:29'),
(14, 2, 'Alles muss perfekt sein! Mein Outfit muss von meinem Hemd bis zu den Socken passen', 1, '0000-00-00 00:00:00', '2019-04-30 17:34:37'),
(15, 1, 'i dont care as long as it is comfortable', 1, '0000-00-00 00:00:00', '2019-04-30 17:34:51'),
(15, 2, 'Ich interessiere mich nicht, solange es bequem ist', 1, '0000-00-00 00:00:00', '2019-04-30 17:34:59'),
(16, 1, 'crazy!! I create my own style', 1, '0000-00-00 00:00:00', '2019-04-30 17:35:23'),
(16, 2, 'verrckt!! Ich erschaffe meinen eigenen Stil', 1, '0000-00-00 00:00:00', '2019-04-30 17:35:12'),
(17, 1, 'Love and security', 1, '0000-00-00 00:00:00', '2019-04-30 17:40:17'),
(17, 2, 'Liebe und Sicherheit', 1, '0000-00-00 00:00:00', '2019-04-30 17:40:25'),
(18, 1, 'Money and status', 1, '0000-00-00 00:00:00', '2019-04-30 17:40:39'),
(18, 2, 'Geld und Status', 1, '0000-00-00 00:00:00', '2019-04-30 17:40:46'),
(19, 1, 'Regularly free time activities / hobbys', 1, '0000-00-00 00:00:00', '2019-04-30 17:41:03'),
(19, 2, 'Regelmig Freizeitaktivitten / Hobbies', 1, '0000-00-00 00:00:00', '2019-04-30 17:41:21'),
(20, 1, 'satisfaction of physical needs', 1, '0000-00-00 00:00:00', '2019-04-30 17:41:27'),
(20, 2, 'Befriedigung der krperlichen Bedrfnisse', 1, '0000-00-00 00:00:00', '2019-04-30 17:41:37'),
(21, 1, 'becoming old together', 1, '0000-00-00 00:00:00', '2019-04-30 17:41:58'),
(21, 2, 'gemeinsam alt werden', 1, '0000-00-00 00:00:00', '2019-04-30 17:42:23'),
(22, 1, 'shy', 1, '0000-00-00 00:00:00', '2019-04-30 17:48:31'),
(22, 2, 'schchtern', 1, '0000-00-00 00:00:00', '2019-04-30 17:48:59'),
(23, 1, 'depending on my mood', 1, '0000-00-00 00:00:00', '2019-04-30 17:48:39'),
(23, 2, 'je nach Laune', 1, '0000-00-00 00:00:00', '2019-04-30 17:48:47'),
(24, 1, 'open minded', 1, '0000-00-00 00:00:00', '2019-04-30 17:49:17'),
(24, 2, 'offen', 1, '0000-00-00 00:00:00', '2019-04-30 17:49:24'),
(25, 1, 'humorous', 1, '0000-00-00 00:00:00', '2019-04-30 17:49:39'),
(25, 2, 'humorvoll', 1, '0000-00-00 00:00:00', '2019-04-30 17:49:45'),
(26, 1, 'sensitive', 1, '0000-00-00 00:00:00', '2019-04-30 17:49:57'),
(26, 2, 'empfindlich', 1, '0000-00-00 00:00:00', '2019-04-30 17:50:06'),
(27, 1, 'emotional', 1, '0000-00-00 00:00:00', '2019-04-30 17:50:13'),
(27, 2, 'emotional', 1, '0000-00-00 00:00:00', '2019-04-30 17:50:26'),
(28, 1, 'optimistic', 1, '0000-00-00 00:00:00', '2019-04-30 17:50:36'),
(28, 2, 'optimistisch', 1, '0000-00-00 00:00:00', '2019-04-30 17:50:43'),
(29, 1, 'pesimistic', 1, '0000-00-00 00:00:00', '2019-04-30 17:50:59'),
(29, 2, 'pessimistisch', 1, '0000-00-00 00:00:00', '2019-04-30 17:51:07'),
(30, 1, 'Netflix & TV', 1, '0000-00-00 00:00:00', '2019-04-30 17:56:30'),
(30, 2, 'Netflix & TV', 1, '0000-00-00 00:00:00', '2019-04-30 17:56:39'),
(31, 1, 'Bar hopping with friends', 1, '0000-00-00 00:00:00', '2019-04-30 17:56:47'),
(31, 2, 'Barhopping mit Freunden', 1, '0000-00-00 00:00:00', '2019-04-30 17:56:55'),
(32, 1, 'Club or other Party locations', 1, '0000-00-00 00:00:00', '2019-04-30 17:57:05'),
(32, 2, 'Club- oder andere Partyorte', 1, '0000-00-00 00:00:00', '2019-04-30 17:57:13'),
(33, 1, 'short trip', 1, '0000-00-00 00:00:00', '2019-04-30 17:57:23'),
(33, 2, 'Kurzausflug', 1, '0000-00-00 00:00:00', '2019-04-30 17:57:31'),
(34, 1, 'wellness', 1, '0000-00-00 00:00:00', '2019-04-30 17:57:40'),
(34, 2, 'Wellness', 1, '0000-00-00 00:00:00', '2019-04-30 17:57:48'),
(35, 1, 'go out for dinner', 1, '0000-00-00 00:00:00', '2019-04-30 17:57:57'),
(35, 2, 'Essen gehen', 1, '0000-00-00 00:00:00', '2019-04-30 17:58:06'),
(36, 1, 'sportive activities', 1, '0000-00-00 00:00:00', '2019-04-30 17:58:17'),
(36, 2, 'sportliche Aktivitten', 1, '0000-00-00 00:00:00', '2019-04-30 17:58:25'),
(37, 1, 'with my family', 1, '0000-00-00 00:00:00', '2019-04-30 17:58:33'),
(37, 2, 'mit meiner Familie', 1, '0000-00-00 00:00:00', '2019-04-30 17:58:41'),
(38, 1, 'I like to cook at home', 1, '0000-00-00 00:00:00', '2019-04-30 18:19:53'),
(38, 2, 'Ich koche gerne zu Hause', 1, '0000-00-00 00:00:00', '2019-04-30 18:20:11'),
(39, 1, 'i like to get cooks', 1, '0000-00-00 00:00:00', '2019-04-30 18:20:18'),
(39, 2, 'Ich mag es, Kche zu bekommen', 1, '0000-00-00 00:00:00', '2019-04-30 18:20:25'),
(40, 1, 'ready meals at home', 1, '0000-00-00 00:00:00', '2019-04-30 18:20:46'),
(40, 2, 'Fertiggerichte zu Hause', 1, '0000-00-00 00:00:00', '2019-04-30 18:20:54'),
(41, 1, 'delivery service', 1, '0000-00-00 00:00:00', '2019-04-30 18:21:03'),
(41, 2, 'Lieferservice', 1, '0000-00-00 00:00:00', '2019-04-30 18:21:13'),
(42, 1, 'Fast food', 1, '0000-00-00 00:00:00', '2019-04-30 18:21:22'),
(42, 2, 'Fast Food', 1, '0000-00-00 00:00:00', '2019-04-30 18:21:31'),
(43, 1, 'restaurans', 1, '0000-00-00 00:00:00', '2019-04-30 18:21:57'),
(43, 2, 'Restaurants', 1, '0000-00-00 00:00:00', '2019-04-30 18:22:03'),
(44, 1, 'German', 1, '0000-00-00 00:00:00', '2019-04-30 18:36:13'),
(44, 2, 'German', 1, '0000-00-00 00:00:00', '2019-04-30 18:36:15'),
(45, 1, 'Italian', 1, '0000-00-00 00:00:00', '2019-04-30 18:36:06'),
(45, 2, 'Italian', 1, '0000-00-00 00:00:00', '2019-04-30 18:36:04'),
(46, 1, 'Asian', 1, '0000-00-00 00:00:00', '2019-04-30 18:35:57'),
(46, 2, 'Asian', 1, '0000-00-00 00:00:00', '2019-04-30 18:35:54'),
(47, 1, 'African', 1, '0000-00-00 00:00:00', '2019-04-30 18:35:48'),
(47, 2, 'African', 1, '0000-00-00 00:00:00', '2019-04-30 18:35:46'),
(48, 1, 'american', 1, '0000-00-00 00:00:00', '2019-04-30 18:35:41'),
(48, 2, 'american', 1, '0000-00-00 00:00:00', '2019-04-30 18:35:39'),
(49, 1, 'greek', 1, '0000-00-00 00:00:00', '2019-04-30 18:35:31'),
(49, 2, 'greek', 1, '0000-00-00 00:00:00', '2019-04-30 18:35:28'),
(50, 1, 'oriental', 1, '0000-00-00 00:00:00', '2019-04-30 18:35:19'),
(50, 2, 'oriental', 1, '0000-00-00 00:00:00', '2019-04-30 18:35:23'),
(51, 1, 'international', 1, '0000-00-00 00:00:00', '2019-04-30 18:34:56'),
(51, 2, 'International', 1, '0000-00-00 00:00:00', '2019-04-30 18:35:09'),
(52, 1, 'the alarm clock rings at 6 oclock so I can get the most out of the day', 1, '0000-00-00 00:00:00', '2019-04-30 18:39:19'),
(52, 2, 'Der Wecker klingelt um 6 Uhr, damit ich den Tag optimal nutzen kann', 1, '0000-00-00 00:00:00', '2019-04-30 18:39:28'),
(53, 1, 'i get up when I wake up', 1, '0000-00-00 00:00:00', '2019-04-30 18:39:35'),
(53, 2, 'Ich stehe auf, wenn ich aufwache', 1, '0000-00-00 00:00:00', '2019-04-30 18:39:47'),
(54, 1, 'No way to get me out of bed before 12 o clock', 1, '0000-00-00 00:00:00', '2019-04-30 18:39:56'),
(54, 2, 'Keine Mglichkeit, mich vor 12 Uhr aus dem Bett zu bekommen', 1, '0000-00-00 00:00:00', '2019-04-30 18:40:05'),
(55, 1, 'dog', 1, '0000-00-00 00:00:00', '2019-04-30 18:42:32'),
(55, 2, 'Hund', 1, '0000-00-00 00:00:00', '2019-04-30 18:42:41'),
(56, 1, 'cat', 1, '0000-00-00 00:00:00', '2019-04-30 18:42:47'),
(56, 2, 'Katze', 1, '0000-00-00 00:00:00', '2019-04-30 18:42:55'),
(57, 1, 'I don\'t like animals at all', 1, '0000-00-00 00:00:00', '2019-04-30 18:43:25'),
(57, 2, 'Ich mag keine Tiere', 1, '0000-00-00 00:00:00', '2019-04-30 18:43:15'),
(65, 1, 'Sports', 1, '0000-00-00 00:00:00', '2019-04-30 18:56:46'),
(65, 2, 'Sports', 1, '0000-00-00 00:00:00', '2019-04-30 18:56:44'),
(66, 1, 'relaxing on the couch watching TV or something else', 1, '0000-00-00 00:00:00', '2019-04-30 18:56:36'),
(66, 2, 'relaxing on the couch watching TV or something else', 1, '0000-00-00 00:00:00', '2019-04-30 18:56:32'),
(67, 1, 'Meeting up with friends', 1, '0000-00-00 00:00:00', '2019-04-30 18:56:23'),
(67, 2, 'Meeting up with friends', 1, '0000-00-00 00:00:00', '2019-04-30 18:56:20'),
(68, 1, 'shopping', 1, '0000-00-00 00:00:00', '2019-04-30 18:56:11'),
(68, 2, 'shopping', 1, '0000-00-00 00:00:00', '2019-04-30 18:56:09'),
(69, 1, 'reading books', 1, '0000-00-00 00:00:00', '2019-04-30 18:56:01'),
(69, 2, 'reading books', 1, '0000-00-00 00:00:00', '2019-04-30 18:55:56'),
(70, 1, 'creative things (art&music)', 1, '0000-00-00 00:00:00', '2019-04-30 18:55:47'),
(70, 2, 'creative things (art&music)', 1, '0000-00-00 00:00:00', '2019-04-30 18:55:38'),
(71, 1, 'spiritual things (meditation,taichi..)', 1, '0000-00-00 00:00:00', '2019-04-30 18:55:14'),
(71, 2, 'spiritual things (meditation,taichi..)', 1, '0000-00-00 00:00:00', '2019-04-30 18:55:13'),
(72, 1, 'PC & Video games', 1, '0000-00-00 00:00:00', '2019-04-30 18:55:03'),
(72, 2, 'PC & Video games', 1, '0000-00-00 00:00:00', '2019-04-30 18:55:05'),
(73, 1, 'buildung up property (network marketing, freelance work..)', 1, '0000-00-00 00:00:00', '2019-04-30 18:54:46'),
(73, 2, 'Immobilien aufbauen (Network Marketing, freiberufliche Ttigkeit ..)', 1, '0000-00-00 00:00:00', '2019-04-30 18:54:53'),
(74, 1, 'just at the ocean', 1, '0000-00-00 00:00:00', '2019-04-30 19:02:47'),
(74, 2, 'just at the ocean', 1, '0000-00-00 00:00:00', '2019-04-30 19:02:49'),
(75, 1, 'to the mountains for hiking or skiing', 1, '0000-00-00 00:00:00', '2019-04-30 19:02:56'),
(75, 2, 'to the mountains for hiking or skiing', 1, '0000-00-00 00:00:00', '2019-04-30 19:02:58'),
(76, 1, 'Sightseeing Tour plus Museums+', 1, '0000-00-00 00:00:00', '2019-04-30 19:03:07'),
(76, 2, 'Sightseeing Tour plus Museums+', 1, '0000-00-00 00:00:00', '2019-04-30 19:03:16'),
(77, 1, 'Adventure holdiays', 1, '0000-00-00 00:00:00', '2019-04-30 19:03:28'),
(77, 2, 'Adventure holdiays', 1, '0000-00-00 00:00:00', '2019-04-30 19:03:30'),
(78, 1, 'I dont need to go on vacation, I like to stay at home', 1, '0000-00-00 00:00:00', '2019-04-30 19:03:36'),
(78, 2, 'I dont need to go on vacation, I like to stay at home', 1, '0000-00-00 00:00:00', '2019-04-30 19:03:39'),
(79, 1, 'attractive appearance', 1, '0000-00-00 00:00:00', '2019-04-30 19:10:44'),
(79, 2, 'attractive appearance', 1, '0000-00-00 00:00:00', '2019-04-30 19:10:41'),
(80, 1, 'common interests', 1, '0000-00-00 00:00:00', '2019-04-30 19:10:35'),
(80, 2, 'common interests', 1, '0000-00-00 00:00:00', '2019-04-30 19:10:32'),
(81, 1, 'intelligence', 1, '0000-00-00 00:00:00', '2019-04-30 19:10:25'),
(81, 2, 'intelligence', 1, '0000-00-00 00:00:00', '2019-04-30 19:10:22'),
(82, 1, 'Status and Money', 1, '0000-00-00 00:00:00', '2019-04-30 19:10:16'),
(82, 2, 'Status and Money', 1, '0000-00-00 00:00:00', '2019-04-30 19:10:13'),
(83, 1, 'emphatie', 1, '0000-00-00 00:00:00', '2019-04-30 19:10:02'),
(83, 2, 'emphatie', 1, '0000-00-00 00:00:00', '2019-04-30 19:09:59'),
(84, 1, 'Loyalty', 1, '0000-00-00 00:00:00', '2019-04-30 19:09:51'),
(84, 2, 'Loyalty', 1, '0000-00-00 00:00:00', '2019-04-30 19:09:49'),
(85, 1, 'honesty', 1, '0000-00-00 00:00:00', '2019-04-30 19:09:40'),
(85, 2, 'honesty', 1, '0000-00-00 00:00:00', '2019-04-30 19:09:37'),
(86, 1, 'very important  daily', 1, '0000-00-00 00:00:00', '2019-04-30 19:16:05'),
(86, 2, 'very important  daily', 1, '0000-00-00 00:00:00', '2019-04-30 19:16:03'),
(87, 1, 'important 3 or 4 times per week', 1, '0000-00-00 00:00:00', '2019-04-30 19:15:56'),
(87, 2, 'important 3 or 4 times per week', 1, '0000-00-00 00:00:00', '2019-04-30 19:15:54'),
(88, 1, 'one time per week is already enough', 1, '0000-00-00 00:00:00', '2019-04-30 19:15:40'),
(88, 2, 'one time per week is already enough', 1, '0000-00-00 00:00:00', '2019-04-30 19:15:37'),
(89, 1, 'not important', 1, '0000-00-00 00:00:00', '2019-04-30 19:15:28'),
(89, 2, 'not important', 1, '0000-00-00 00:00:00', '2019-04-30 19:15:25'),
(90, 1, 'Yes, when the right time has come', 1, '0000-00-00 00:00:00', '2019-04-30 19:23:02'),
(90, 2, 'Yes, when the right time has come', 1, '0000-00-00 00:00:00', '2019-04-30 19:23:05'),
(91, 1, 'no', 1, '0000-00-00 00:00:00', '2019-04-30 19:23:14'),
(91, 2, 'no', 1, '0000-00-00 00:00:00', '2019-04-30 19:23:16'),
(92, 1, 'Lets see im open for everything', 1, '0000-00-00 00:00:00', '2019-04-30 19:23:22'),
(92, 2, 'Lets see im open for everything', 1, '0000-00-00 00:00:00', '2019-04-30 19:23:26'),
(93, 1, 'Yes, when she / he is the right one', 1, '0000-00-00 00:00:00', '2019-04-30 19:26:07'),
(93, 2, 'Yes, when she / he is the right one', 1, '0000-00-00 00:00:00', '2019-04-30 19:26:13'),
(94, 1, 'no', 1, '0000-00-00 00:00:00', '2019-04-30 19:23:14'),
(94, 2, 'no', 1, '0000-00-00 00:00:00', '2019-04-30 19:23:16'),
(95, 1, 'Lets see im open for everything', 1, '0000-00-00 00:00:00', '2019-04-30 19:23:22'),
(95, 2, 'Lets see im open for everything', 1, '0000-00-00 00:00:00', '2019-04-30 19:23:26');

-- --------------------------------------------------------

--
-- Table structure for table `test_ques`
--

CREATE TABLE `test_ques` (
  `id` int(11) NOT NULL,
  `test_id` int(11) NOT NULL,
  `ques_id` int(11) NOT NULL
) ENGINE=InnoDB DEFAULT CHARSET=latin1;

--
-- Dumping data for table `test_ques`
--

INSERT INTO `test_ques` (`id`, `test_id`, `ques_id`) VALUES
(1, 1, 1),
(2, 1, 2),
(3, 1, 3),
(4, 1, 4),
(5, 1, 5),
(6, 1, 6),
(7, 1, 7),
(8, 1, 8),
(9, 1, 9),
(10, 1, 10),
(11, 1, 11),
(12, 1, 13),
(13, 1, 14),
(14, 1, 15),
(15, 1, 16),
(16, 1, 17),
(17, 1, 18),
(18, 2, 1),
(19, 2, 2),
(20, 2, 3),
(21, 2, 4),
(22, 2, 5),
(23, 2, 6),
(24, 2, 7),
(25, 2, 8),
(26, 2, 9),
(27, 2, 10),
(28, 2, 11),
(29, 2, 13),
(30, 2, 14),
(31, 2, 15),
(32, 2, 16),
(33, 2, 17),
(34, 2, 18),
(35, 3, 1),
(36, 3, 2),
(37, 3, 3),
(38, 3, 4),
(39, 3, 5),
(40, 3, 6),
(41, 3, 7),
(42, 3, 8),
(43, 3, 9),
(44, 3, 10),
(45, 3, 11),
(46, 3, 13),
(47, 3, 14),
(48, 3, 15),
(49, 3, 16),
(50, 3, 17),
(51, 3, 18),
(52, 4, 1),
(53, 4, 2),
(54, 4, 3),
(55, 4, 4),
(56, 4, 5),
(57, 4, 6),
(58, 4, 7),
(59, 4, 8),
(60, 4, 9),
(61, 4, 10),
(62, 4, 11),
(63, 4, 13),
(64, 4, 14),
(65, 4, 15),
(66, 4, 16),
(67, 4, 17),
(68, 4, 18);

-- --------------------------------------------------------

--
-- Table structure for table `test_ques_ans`
--

CREATE TABLE `test_ques_ans` (
  `id` int(11) NOT NULL,
  `test_que_id` int(11) NOT NULL,
  `ans_id` int(11) NOT NULL
) ENGINE=InnoDB DEFAULT CHARSET=latin1;

--
-- Dumping data for table `test_ques_ans`
--

INSERT INTO `test_ques_ans` (`id`, `test_que_id`, `ans_id`) VALUES
(1, 1, 2),
(2, 2, 5),
(3, 3, 10),
(4, 4, 14),
(5, 5, 20),
(6, 5, 21),
(7, 6, 24),
(8, 6, 23),
(9, 7, 33),
(10, 7, 32),
(11, 7, 31),
(12, 8, 41),
(13, 8, 40),
(14, 9, 47),
(15, 10, 54),
(16, 11, 56),
(17, 12, 66),
(18, 12, 67),
(19, 12, 65),
(20, 13, 75),
(21, 14, 80),
(22, 14, 79),
(23, 14, 81),
(24, 15, 87),
(25, 16, 91),
(26, 17, 94),
(27, 18, 1),
(28, 19, 5),
(29, 20, 11),
(30, 21, 14),
(31, 22, 18),
(32, 22, 19),
(33, 23, 24),
(34, 23, 25),
(35, 24, 32),
(36, 24, 31),
(37, 24, 30),
(38, 25, 39),
(39, 25, 40),
(40, 26, 46),
(41, 27, 54),
(42, 28, 57),
(43, 29, 66),
(44, 29, 67),
(45, 29, 68),
(46, 30, 75),
(47, 31, 81),
(48, 31, 82),
(49, 31, 83),
(50, 32, 87),
(51, 33, 90),
(52, 34, 93),
(53, 35, 1),
(54, 36, 5),
(55, 37, 10),
(56, 38, 14),
(57, 39, 18),
(58, 39, 19),
(59, 40, 23),
(60, 40, 24),
(61, 41, 31),
(62, 41, 32),
(63, 41, 30),
(64, 42, 40),
(65, 42, 39),
(66, 43, 46),
(67, 44, 54),
(68, 45, 56),
(69, 46, 66),
(70, 46, 67),
(71, 46, 69),
(72, 47, 75),
(73, 48, 80),
(74, 48, 79),
(75, 48, 81),
(76, 49, 86),
(77, 50, 91),
(78, 51, 94),
(79, 52, 1),
(80, 53, 5),
(81, 54, 10),
(82, 55, 14),
(83, 56, 19),
(84, 56, 18),
(85, 57, 24),
(86, 57, 25),
(87, 58, 32),
(88, 58, 33),
(89, 59, 40),
(90, 59, 39),
(91, 60, 45),
(92, 61, 53),
(93, 62, 56),
(94, 63, 67),
(95, 63, 68),
(96, 63, 69),
(97, 64, 76),
(98, 65, 81),
(99, 65, 80),
(100, 65, 79),
(101, 66, 87),
(102, 67, 91),
(103, 68, 95);

-- --------------------------------------------------------

--
-- Table structure for table `test_ques_comparisons`
--

CREATE TABLE `test_ques_comparisons` (
  `id` int(11) NOT NULL,
  `test_id_1` int(11) DEFAULT NULL COMMENT 'user_id 1',
  `test_id_2` int(11) DEFAULT NULL COMMENT 'user_id 2',
  `test_que_1` int(11) DEFAULT NULL,
  `test_que_2` int(11) DEFAULT NULL,
  `obtained_scores` decimal(10,2) NOT NULL,
  `max_allowed_scores` decimal(10,2) NOT NULL,
  `final_scores` decimal(10,2) NOT NULL
) ENGINE=InnoDB DEFAULT CHARSET=latin1;

--
-- Dumping data for table `test_ques_comparisons`
--

INSERT INTO `test_ques_comparisons` (`id`, `test_id_1`, `test_id_2`, `test_que_1`, `test_que_2`, `obtained_scores`, `max_allowed_scores`, `final_scores`) VALUES
(1, 1, 2, 1, 18, '0.00', '0.00', '0.00'),
(2, 1, 2, 2, 19, '0.00', '0.00', '0.00'),
(3, 1, 2, 3, 20, '5.00', '20.00', '5.00'),
(4, 1, 2, 4, 21, '20.00', '20.00', '20.00'),
(5, 1, 2, 5, 22, '20.00', '80.00', '20.00'),
(6, 1, 2, 6, 23, '25.00', '40.00', '25.00'),
(7, 1, 2, 7, 24, '45.00', '40.00', '40.00'),
(8, 1, 2, 8, 25, '30.00', '40.00', '30.00'),
(9, 1, 2, 9, 26, '0.75', '9.00', '0.75'),
(10, 1, 2, 10, 27, '20.00', '20.00', '20.00'),
(11, 1, 2, 11, 28, '0.00', '20.00', '0.00'),
(12, 1, 2, 12, 29, '45.00', '40.00', '40.00'),
(13, 1, 2, 13, 30, '5.00', '20.00', '5.00'),
(14, 1, 2, 14, 31, '30.00', '40.00', '30.00'),
(15, 1, 2, 15, 32, '20.00', '20.00', '20.00'),
(16, 1, 2, 16, 33, '0.00', '20.00', '0.00'),
(17, 1, 2, 17, 34, '0.00', '20.00', '0.00'),
(18, 2, 1, 18, 1, '0.00', '0.00', '0.00'),
(19, 2, 1, 19, 2, '0.00', '0.00', '0.00'),
(20, 2, 1, 20, 3, '5.00', '20.00', '5.00'),
(21, 2, 1, 21, 4, '20.00', '20.00', '20.00'),
(22, 2, 1, 22, 5, '20.00', '80.00', '20.00'),
(23, 2, 1, 23, 6, '25.00', '40.00', '25.00'),
(24, 2, 1, 24, 7, '45.00', '40.00', '40.00'),
(25, 2, 1, 25, 8, '30.00', '40.00', '30.00'),
(26, 2, 1, 26, 9, '0.75', '9.00', '0.75'),
(27, 2, 1, 27, 10, '20.00', '20.00', '20.00'),
(28, 2, 1, 28, 11, '0.00', '20.00', '0.00'),
(29, 2, 1, 29, 12, '45.00', '40.00', '40.00'),
(30, 2, 1, 30, 13, '5.00', '20.00', '5.00'),
(31, 2, 1, 31, 14, '30.00', '40.00', '30.00'),
(32, 2, 1, 32, 15, '20.00', '20.00', '20.00'),
(33, 2, 1, 33, 16, '0.00', '20.00', '0.00'),
(34, 2, 1, 34, 17, '0.00', '20.00', '0.00'),
(35, 1, 3, 1, 35, '0.00', '0.00', '0.00'),
(36, 1, 3, 2, 36, '0.00', '0.00', '0.00'),
(37, 1, 3, 3, 37, '20.00', '20.00', '20.00'),
(38, 1, 3, 4, 38, '20.00', '20.00', '20.00'),
(39, 1, 3, 5, 39, '20.00', '80.00', '20.00'),
(40, 1, 3, 6, 40, '40.00', '40.00', '40.00'),
(41, 1, 3, 7, 41, '45.00', '40.00', '40.00'),
(42, 1, 3, 8, 42, '30.00', '40.00', '30.00'),
(43, 1, 3, 9, 43, '0.75', '9.00', '0.75'),
(44, 1, 3, 10, 44, '20.00', '20.00', '20.00'),
(45, 1, 3, 11, 45, '20.00', '20.00', '20.00'),
(46, 1, 3, 12, 46, '45.00', '40.00', '40.00'),
(47, 1, 3, 13, 47, '5.00', '20.00', '5.00'),
(48, 1, 3, 14, 48, '60.00', '40.00', '40.00'),
(49, 1, 3, 15, 49, '10.00', '20.00', '10.00'),
(50, 1, 3, 16, 50, '20.00', '20.00', '20.00'),
(51, 1, 3, 17, 51, '20.00', '20.00', '20.00'),
(52, 2, 3, 18, 35, '0.00', '0.00', '0.00'),
(53, 2, 3, 19, 36, '0.00', '0.00', '0.00'),
(54, 2, 3, 20, 37, '5.00', '20.00', '5.00'),
(55, 2, 3, 21, 38, '20.00', '20.00', '20.00'),
(56, 2, 3, 22, 39, '80.00', '80.00', '80.00'),
(57, 2, 3, 23, 40, '25.00', '40.00', '25.00'),
(58, 2, 3, 24, 41, '60.00', '40.00', '40.00'),
(59, 2, 3, 25, 42, '40.00', '40.00', '40.00'),
(60, 2, 3, 26, 43, '3.00', '9.00', '3.00'),
(61, 2, 3, 27, 44, '20.00', '20.00', '20.00'),
(62, 2, 3, 28, 45, '0.00', '20.00', '0.00'),
(63, 2, 3, 29, 46, '45.00', '40.00', '40.00'),
(64, 2, 3, 30, 47, '5.00', '20.00', '5.00'),
(65, 2, 3, 31, 48, '30.00', '40.00', '30.00'),
(66, 2, 3, 32, 49, '10.00', '20.00', '10.00'),
(67, 2, 3, 33, 50, '0.00', '20.00', '0.00'),
(68, 2, 3, 34, 51, '0.00', '20.00', '0.00'),
(69, 3, 1, 35, 1, '0.00', '0.00', '0.00'),
(70, 3, 1, 36, 2, '0.00', '0.00', '0.00'),
(71, 3, 1, 37, 3, '20.00', '20.00', '20.00'),
(72, 3, 1, 38, 4, '20.00', '20.00', '20.00'),
(73, 3, 1, 39, 5, '20.00', '80.00', '20.00'),
(74, 3, 1, 40, 6, '40.00', '40.00', '40.00'),
(75, 3, 1, 41, 7, '45.00', '40.00', '40.00'),
(76, 3, 1, 42, 8, '30.00', '40.00', '30.00'),
(77, 3, 1, 43, 9, '0.75', '9.00', '0.75'),
(78, 3, 1, 44, 10, '20.00', '20.00', '20.00'),
(79, 3, 1, 45, 11, '20.00', '20.00', '20.00'),
(80, 3, 1, 46, 12, '45.00', '40.00', '40.00'),
(81, 3, 1, 47, 13, '5.00', '20.00', '5.00'),
(82, 3, 1, 48, 14, '60.00', '40.00', '40.00'),
(83, 3, 1, 49, 15, '10.00', '20.00', '10.00'),
(84, 3, 1, 50, 16, '20.00', '20.00', '20.00'),
(85, 3, 1, 51, 17, '20.00', '20.00', '20.00'),
(86, 3, 2, 35, 18, '0.00', '0.00', '0.00'),
(87, 3, 2, 36, 19, '0.00', '0.00', '0.00'),
(88, 3, 2, 37, 20, '5.00', '20.00', '5.00'),
(89, 3, 2, 38, 21, '20.00', '20.00', '20.00'),
(90, 3, 2, 39, 22, '80.00', '80.00', '80.00'),
(91, 3, 2, 40, 23, '25.00', '40.00', '25.00'),
(92, 3, 2, 41, 24, '60.00', '40.00', '40.00'),
(93, 3, 2, 42, 25, '40.00', '40.00', '40.00'),
(94, 3, 2, 43, 26, '3.00', '9.00', '3.00'),
(95, 3, 2, 44, 27, '20.00', '20.00', '20.00'),
(96, 3, 2, 45, 28, '0.00', '20.00', '0.00'),
(97, 3, 2, 46, 29, '45.00', '40.00', '40.00'),
(98, 3, 2, 47, 30, '5.00', '20.00', '5.00'),
(99, 3, 2, 48, 31, '30.00', '40.00', '30.00'),
(100, 3, 2, 49, 32, '10.00', '20.00', '10.00'),
(101, 3, 2, 50, 33, '0.00', '20.00', '0.00'),
(102, 3, 2, 51, 34, '0.00', '20.00', '0.00'),
(103, 1, 4, 1, 52, '0.00', '0.00', '0.00'),
(104, 1, 4, 2, 53, '0.00', '0.00', '0.00'),
(105, 1, 4, 3, 54, '20.00', '20.00', '20.00'),
(106, 1, 4, 4, 55, '20.00', '20.00', '20.00'),
(107, 1, 4, 5, 56, '20.00', '80.00', '20.00'),
(108, 1, 4, 6, 57, '25.00', '40.00', '25.00'),
(109, 1, 4, 7, 58, '40.00', '40.00', '40.00'),
(110, 1, 4, 8, 59, '30.00', '40.00', '30.00'),
(111, 1, 4, 9, 60, '0.75', '9.00', '0.75'),
(112, 1, 4, 10, 61, '10.00', '20.00', '10.00'),
(113, 1, 4, 11, 62, '20.00', '20.00', '20.00'),
(114, 1, 4, 12, 63, '30.00', '40.00', '30.00'),
(115, 1, 4, 13, 64, '5.00', '20.00', '5.00'),
(116, 1, 4, 14, 65, '60.00', '40.00', '40.00'),
(117, 1, 4, 15, 66, '20.00', '20.00', '20.00'),
(118, 1, 4, 16, 67, '20.00', '20.00', '20.00'),
(119, 1, 4, 17, 68, '10.00', '20.00', '10.00'),
(120, 2, 4, 18, 52, '0.00', '0.00', '0.00'),
(121, 2, 4, 19, 53, '0.00', '0.00', '0.00'),
(122, 2, 4, 20, 54, '5.00', '20.00', '5.00'),
(123, 2, 4, 21, 55, '20.00', '20.00', '20.00'),
(124, 2, 4, 22, 56, '80.00', '80.00', '80.00'),
(125, 2, 4, 23, 57, '40.00', '40.00', '40.00'),
(126, 2, 4, 24, 58, '25.00', '40.00', '25.00'),
(127, 2, 4, 25, 59, '40.00', '40.00', '40.00'),
(128, 2, 4, 26, 60, '0.75', '9.00', '0.75'),
(129, 2, 4, 27, 61, '10.00', '20.00', '10.00'),
(130, 2, 4, 28, 62, '0.00', '20.00', '0.00'),
(131, 2, 4, 29, 63, '45.00', '40.00', '40.00'),
(132, 2, 4, 30, 64, '5.00', '20.00', '5.00'),
(133, 2, 4, 31, 65, '30.00', '40.00', '30.00'),
(134, 2, 4, 32, 66, '20.00', '20.00', '20.00'),
(135, 2, 4, 33, 67, '0.00', '20.00', '0.00'),
(136, 2, 4, 34, 68, '10.00', '20.00', '10.00'),
(137, 3, 4, 35, 52, '0.00', '0.00', '0.00'),
(138, 3, 4, 36, 53, '0.00', '0.00', '0.00'),
(139, 3, 4, 37, 54, '20.00', '20.00', '20.00'),
(140, 3, 4, 38, 55, '20.00', '20.00', '20.00'),
(141, 3, 4, 39, 56, '80.00', '80.00', '80.00'),
(142, 3, 4, 40, 57, '25.00', '40.00', '25.00'),
(143, 3, 4, 41, 58, '25.00', '40.00', '25.00'),
(144, 3, 4, 42, 59, '40.00', '40.00', '40.00'),
(145, 3, 4, 43, 60, '0.75', '9.00', '0.75'),
(146, 3, 4, 44, 61, '10.00', '20.00', '10.00'),
(147, 3, 4, 45, 62, '20.00', '20.00', '20.00'),
(148, 3, 4, 46, 63, '45.00', '40.00', '40.00'),
(149, 3, 4, 47, 64, '5.00', '20.00', '5.00'),
(150, 3, 4, 48, 65, '60.00', '40.00', '40.00'),
(151, 3, 4, 49, 66, '10.00', '20.00', '10.00'),
(152, 3, 4, 50, 67, '20.00', '20.00', '20.00'),
(153, 3, 4, 51, 68, '10.00', '20.00', '10.00'),
(154, 4, 1, 52, 1, '0.00', '0.00', '0.00'),
(155, 4, 1, 53, 2, '0.00', '0.00', '0.00'),
(156, 4, 1, 54, 3, '20.00', '20.00', '20.00'),
(157, 4, 1, 55, 4, '20.00', '20.00', '20.00'),
(158, 4, 1, 56, 5, '20.00', '80.00', '20.00'),
(159, 4, 1, 57, 6, '25.00', '40.00', '25.00'),
(160, 4, 1, 58, 7, '45.00', '40.00', '40.00'),
(161, 4, 1, 59, 8, '30.00', '40.00', '30.00'),
(162, 4, 1, 60, 9, '0.75', '9.00', '0.75'),
(163, 4, 1, 61, 10, '10.00', '20.00', '10.00'),
(164, 4, 1, 62, 11, '20.00', '20.00', '20.00'),
(165, 4, 1, 63, 12, '30.00', '40.00', '30.00'),
(166, 4, 1, 64, 13, '5.00', '20.00', '5.00'),
(167, 4, 1, 65, 14, '60.00', '40.00', '40.00'),
(168, 4, 1, 66, 15, '20.00', '20.00', '20.00'),
(169, 4, 1, 67, 16, '20.00', '20.00', '20.00'),
(170, 4, 1, 68, 17, '10.00', '20.00', '10.00'),
(171, 4, 2, 52, 18, '0.00', '0.00', '0.00'),
(172, 4, 2, 53, 19, '0.00', '0.00', '0.00'),
(173, 4, 2, 54, 20, '5.00', '20.00', '5.00'),
(174, 4, 2, 55, 21, '20.00', '20.00', '20.00'),
(175, 4, 2, 56, 22, '80.00', '80.00', '80.00'),
(176, 4, 2, 57, 23, '40.00', '40.00', '40.00'),
(177, 4, 2, 58, 24, '25.00', '40.00', '25.00'),
(178, 4, 2, 59, 25, '40.00', '40.00', '40.00'),
(179, 4, 2, 60, 26, '0.75', '9.00', '0.75'),
(180, 4, 2, 61, 27, '10.00', '20.00', '10.00'),
(181, 4, 2, 62, 28, '0.00', '20.00', '0.00'),
(182, 4, 2, 63, 29, '45.00', '40.00', '40.00'),
(183, 4, 2, 64, 30, '5.00', '20.00', '5.00'),
(184, 4, 2, 65, 31, '30.00', '40.00', '30.00'),
(185, 4, 2, 66, 32, '20.00', '20.00', '20.00'),
(186, 4, 2, 67, 33, '0.00', '20.00', '0.00'),
(187, 4, 2, 68, 34, '10.00', '20.00', '10.00'),
(188, 4, 3, 52, 35, '0.00', '0.00', '0.00'),
(189, 4, 3, 53, 36, '0.00', '0.00', '0.00'),
(190, 4, 3, 54, 37, '20.00', '20.00', '20.00'),
(191, 4, 3, 55, 38, '20.00', '20.00', '20.00'),
(192, 4, 3, 56, 39, '80.00', '80.00', '80.00'),
(193, 4, 3, 57, 40, '25.00', '40.00', '25.00'),
(194, 4, 3, 58, 41, '25.00', '40.00', '25.00'),
(195, 4, 3, 59, 42, '40.00', '40.00', '40.00'),
(196, 4, 3, 60, 43, '0.75', '9.00', '0.75'),
(197, 4, 3, 61, 44, '10.00', '20.00', '10.00'),
(198, 4, 3, 62, 45, '20.00', '20.00', '20.00'),
(199, 4, 3, 63, 46, '45.00', '40.00', '40.00'),
(200, 4, 3, 64, 47, '5.00', '20.00', '5.00'),
(201, 4, 3, 65, 48, '60.00', '40.00', '40.00'),
(202, 4, 3, 66, 49, '10.00', '20.00', '10.00'),
(203, 4, 3, 67, 50, '20.00', '20.00', '20.00'),
(204, 4, 3, 68, 51, '10.00', '20.00', '10.00');

-- --------------------------------------------------------

--
-- Table structure for table `users`
--

CREATE TABLE `users` (
  `id` int(10) UNSIGNED NOT NULL,
  `locale` enum('en','de') COLLATE utf8mb4_unicode_ci NOT NULL DEFAULT 'en' COMMENT 'language en=english, de=germany',
  `name` varchar(255) COLLATE utf8mb4_unicode_ci DEFAULT NULL,
  `username` varchar(191) COLLATE utf8mb4_unicode_ci DEFAULT NULL,
  `email` varchar(191) COLLATE utf8mb4_unicode_ci NOT NULL,
  `gender` tinyint(4) DEFAULT NULL COMMENT '1=> male, 2=> female',
  `login_type` tinyint(4) NOT NULL DEFAULT '1' COMMENT '1=> manaual,2=> facebook, 3=> google, 4=> instagram',
  `social_id` varchar(191) COLLATE utf8mb4_unicode_ci DEFAULT NULL,
  `age` int(11) DEFAULT NULL,
  `email_verified_at` timestamp NULL DEFAULT NULL,
  `verification_code` int(11) DEFAULT NULL,
  `latitude` varchar(191) COLLATE utf8mb4_unicode_ci DEFAULT NULL,
  `longitude` varchar(191) COLLATE utf8mb4_unicode_ci DEFAULT NULL,
  `phone_code` varchar(191) COLLATE utf8mb4_unicode_ci DEFAULT NULL,
  `phone` varchar(191) COLLATE utf8mb4_unicode_ci DEFAULT NULL,
  `password` varchar(191) COLLATE utf8mb4_unicode_ci DEFAULT NULL,
  `love_push_intention` varchar(255) COLLATE utf8mb4_unicode_ci DEFAULT NULL COMMENT '1= relationship, 2= friendship, 3= daily activities, 4= no expactations',
  `relationship` tinyint(5) DEFAULT NULL COMMENT '1= single, 2= in relationship, 3= married, 4= recently separated, 5= pen relationship',
  `size` varchar(191) COLLATE utf8mb4_unicode_ci DEFAULT NULL,
  `physique` tinyint(5) DEFAULT NULL COMMENT '1= plump, 2= thin, 3= athletic, 4= muscular, 5= normal',
  `eyecolor` varchar(191) COLLATE utf8mb4_unicode_ci DEFAULT NULL,
  `haircolor` varchar(191) COLLATE utf8mb4_unicode_ci DEFAULT NULL,
  `education` varchar(191) COLLATE utf8mb4_unicode_ci DEFAULT NULL,
  `job` varchar(191) COLLATE utf8mb4_unicode_ci DEFAULT NULL,
  `hobbies` varchar(191) COLLATE utf8mb4_unicode_ci DEFAULT NULL,
  `religion` varchar(255) COLLATE utf8mb4_unicode_ci DEFAULT NULL,
  `aboutme` varchar(191) COLLATE utf8mb4_unicode_ci DEFAULT NULL,
  `status` tinyint(4) NOT NULL DEFAULT '1' COMMENT '0=> de-active, 1=> active',
  `is_restrict_fb_friends` tinyint(4) NOT NULL DEFAULT '1' COMMENT '1=> not restrict, 0=> restrict',
  `sexual_orientation` tinyint(4) DEFAULT NULL COMMENT '1=> hetrosexual, 2=> bisexual, 3=> homesexual',
  `partner_preference` tinyint(4) NOT NULL DEFAULT '3' COMMENT '1=> male, 2=> female, 3=> anyone',
  `is_profile_complete` tinyint(4) NOT NULL DEFAULT '0' COMMENT '0=> not, 1=> yes',
  `device_token` varchar(191) COLLATE utf8mb4_unicode_ci DEFAULT NULL,
  `device_type` tinyint(4) NOT NULL DEFAULT '1' COMMENT '1=> android, 2=> ios',
  `profile_image` varchar(191) COLLATE utf8mb4_unicode_ci DEFAULT NULL,
  `role` tinyint(4) NOT NULL DEFAULT '2' COMMENT '1=> admin, 2=> normal users',
  `country` varchar(191) COLLATE utf8mb4_unicode_ci DEFAULT NULL COMMENT 'Not Used',
  `address` varchar(191) COLLATE utf8mb4_unicode_ci DEFAULT NULL COMMENT 'Not Used',
  `city` varchar(191) COLLATE utf8mb4_unicode_ci DEFAULT NULL COMMENT 'Not Used',
  `subscription_type` tinyint(4) NOT NULL DEFAULT '1' COMMENT '(Not Used)1=>free, 2=>premium, 3=>vip',
  `subscription_expire_date` date DEFAULT NULL,
  `remember_token` varchar(100) COLLATE utf8mb4_unicode_ci DEFAULT NULL,
  `is_phone_verify` tinyint(4) NOT NULL DEFAULT '0' COMMENT '(Not Used)0=> not, 1=> yes ',
  `employer` varchar(255) COLLATE utf8mb4_unicode_ci DEFAULT NULL COMMENT 'Not Used',
  `language` varchar(191) COLLATE utf8mb4_unicode_ci DEFAULT NULL COMMENT 'Not Used',
  `created_at` timestamp NULL DEFAULT NULL,
  `updated_at` timestamp NULL DEFAULT NULL,
  `register_from` enum('','web') COLLATE utf8mb4_unicode_ci DEFAULT NULL COMMENT 'web= from website'
) ENGINE=InnoDB DEFAULT CHARSET=utf8mb4 COLLATE=utf8mb4_unicode_ci;

--
-- Dumping data for table `users`
--

INSERT INTO `users` (`id`, `locale`, `name`, `username`, `email`, `gender`, `login_type`, `social_id`, `age`, `email_verified_at`, `verification_code`, `latitude`, `longitude`, `phone_code`, `phone`, `password`, `love_push_intention`, `relationship`, `size`, `physique`, `eyecolor`, `haircolor`, `education`, `job`, `hobbies`, `religion`, `aboutme`, `status`, `is_restrict_fb_friends`, `sexual_orientation`, `partner_preference`, `is_profile_complete`, `device_token`, `device_type`, `profile_image`, `role`, `country`, `address`, `city`, `subscription_type`, `subscription_expire_date`, `remember_token`, `is_phone_verify`, `employer`, `language`, `created_at`, `updated_at`, `register_from`) VALUES
(1, 'en', NULL, 'abhi1', 'nick@yopmail.com', 1, 2, NULL, 22, NULL, NULL, NULL, NULL, '+91', '9632587412', '$2y$10$gLBXXgyIGUAIJhW5HVjMrevaBKk6AX2vryxIDbzSemh720wWuPuZO', 'df', 1, 'e4re', NULL, NULL, 'frwe', 'wefrwe', 'ewrwe', 'werwe', NULL, 'werweqrweq', 1, 1, 1, 3, 1, NULL, 1, NULL, 2, NULL, NULL, NULL, 1, NULL, 'I4irxIQrjmNVzU5UCuVaytqZHX8DZIesNsY38ajMbE29WFL3T1LyTcHu6GxQ', 0, 'werwqe', 'dsfsd', '2019-01-18 07:57:34', '2019-05-10 08:34:30', NULL),
(3, 'en', 'ER', 'testuser1', 'test1@mailinator.com', 1, 1, NULL, NULL, NULL, 4226, '30.72808590000001', '76.84575629999999', '+91', '8264193357', '$2y$10$85mWAwmiAoDitlw8yohLveqhou1fanIlt26i./Wc0HJ7/P1GHELJq', NULL, NULL, 'e4re', NULL, 'er', 'frwe', 'wefrwe', 'ewrwe', 'werwe', NULL, 'werweqrweq', 1, 1, 1, 2, 1, NULL, 2, '1548661234.png', 2, 'india', 'Tower C, Third Floor DLF Building, IT Park 160101, Phase - I, Manimajra, Chandigarh, Haryana 134114, India', 'Chandigarh', 1, NULL, NULL, 1, 'werwqe', 'dsfsd', '2019-01-21 07:43:07', '2019-04-25 01:28:22', NULL),
(4, 'en', 'Abhishek', 'abhi', 'abshi@yopmail.com', 1, 1, NULL, NULL, NULL, NULL, '28.4456789', '36.1123456', '1', '9632587410', '$2y$10$FVLll0hrpR/8Fp10q/7LteVef0dLzpof8q2wRyD/4ZrKRSz7otO.e', NULL, NULL, NULL, NULL, NULL, NULL, NULL, NULL, NULL, NULL, NULL, 1, 1, NULL, 3, 0, NULL, 2, NULL, 2, '4554', 'Chandigarh', 'city', 1, NULL, NULL, 0, NULL, NULL, '2019-01-22 04:15:28', '2019-01-22 04:15:28', NULL),
(5, 'en', 'hh', 'bh', 'vv@mailinator.com', 1, 1, NULL, NULL, NULL, NULL, '30.7278325', '76.84623828125004', '+1', '1234567890', '$2y$10$QOKPakIaLZ1zRFls0uNC0OZvJrNbITuSKIftgalLhbrNgny4rPQJm', NULL, NULL, 'hxhx', NULL, 'ddhhd', 'hfhfhf', 'hddydh', 'fyhffh', 'dyydyd', NULL, 'fhhdhd', 1, 1, 1, 3, 1, NULL, 1, NULL, 2, 'IN', 'Unnamed Road, Phase - I, Manimajra, Chandigarh, Haryana 160101, India', 'Chandigarh', 1, NULL, NULL, 0, 'gdgdgd', 'hffh', '2019-01-22 04:32:01', '2019-01-22 06:41:48', NULL),
(6, 'en', 'ER', 'testuser2', 'test3@mailinator.com', 1, 1, NULL, NULL, NULL, NULL, '30.72808590000001', '76.84575629999999', '+91', '9915359476', '$2y$10$K2zDvXrb/nngBrWdLlEQhepOPkzFK8EiWmH6zZ3WA9KVWqb0Ds7Eq', NULL, NULL, 'e4re', NULL, 'er', 'frwe', 'wefrwe', 'ewrwe', 'werwe', NULL, 'werweqrweq', 1, 0, 1, 1, 1, NULL, 2, '1548661272.png', 2, 'India', 'Tower C, Third Floor DLF Building, IT Park 160101, Phase - I, Manimajra, Chandigarh, Haryana 134114, India', 'Chandigarh', 1, NULL, NULL, 1, 'werwqe', 'dsfsd', '2019-01-23 06:50:49', '2019-01-28 02:11:12', NULL),
(8, 'en', 'test', 'testuser3', 'test1@gmail.com', 1, 1, NULL, NULL, NULL, NULL, '30.72808590000001', '76.84575629999999', '+91', '8146523265', '$2y$10$w9dO9UwC0u.nnbe4rZBOB.TSO3bgom.dg1a7F24tLa2orBF5n0RKe', NULL, NULL, NULL, NULL, NULL, NULL, NULL, NULL, NULL, NULL, NULL, 1, 1, NULL, 3, 0, NULL, 2, NULL, 2, 'india', 'Tower C, Third Floor DLF Building, IT Park 160101, Phase - I, Manimajra, Chandigarh, Haryana 134114, India', 'chandigarh', 1, NULL, NULL, 0, NULL, NULL, '2019-01-24 06:22:47', '2019-01-24 06:22:47', NULL),
(12, 'en', 'test', 'testuser4', 'test2@gmail.com', 1, 1, NULL, NULL, NULL, 9111, '30.72808590000001', '76.84575629999999', '+91', '9457819996', '$2y$10$xdaCRyp6iQDd1cLQmX.PseC4caSTfVWl3WKGOwB3S91oCylcSCuBC', NULL, NULL, 'siz', NULL, 'eye', 'hair', 'edu', 'job', 'hobb', NULL, 'Hejd djdbdjd fjdfjd fj jd', 1, 1, 1, 3, 1, NULL, 2, NULL, 2, 'india', 'Tower C, Third Floor DLF Building, IT Park 160101, Phase - I, Manimajra, Chandigarh, Haryana 134114, India', 'chandigarh', 1, NULL, NULL, 1, 'emp', 'lan', '2019-01-24 07:19:46', '2019-01-25 05:18:43', NULL),
(13, 'en', 'vivek kumar', 'vivek', 'vivek.kumar@xicom.biz', 1, 1, NULL, NULL, NULL, NULL, '30.727837499999996', '76.84623046875001', '+91', '9878390481', '$2y$10$SYTno2f6DUO0.rCKmkIune9GR6.H3pdUYnZdFkgUcMO9bj7C.R0.u', NULL, NULL, 'hshs', NULL, 'hshs', 'hdhs', 'hshsh', 'hshs', 'hshe', NULL, 'ydhdudydydz', 1, 1, 1, 3, 1, NULL, 1, NULL, 2, 'India', 'Unnamed Road, Phase - I, Manimajra, Chandigarh, Haryana 160101, India', 'Chandigarh', 1, NULL, NULL, 1, 'dhsh', 'hshs', '2019-01-25 04:13:28', '2019-01-25 04:13:50', NULL),
(14, 'en', 'Subhash', 'Subhash', 'subhash@gmail.com', 1, 1, NULL, NULL, NULL, NULL, '28.620959', '77.081805', '+91', '7678458695', '$2y$10$CNeFpfVpqReIL9H6lahMbOlckTMjHz23yp83MFi3vcwKF4gXFpXzS', NULL, NULL, NULL, NULL, NULL, NULL, NULL, NULL, NULL, NULL, NULL, 1, 1, NULL, 3, 0, NULL, 1, NULL, 2, 'India', 'C-1/134, Janak Puri, Block C1, Janakpuri, New Delhi, Delhi 110058, India', 'New Delhi', 1, NULL, NULL, 0, NULL, NULL, '2019-03-13 05:11:34', '2019-03-13 05:11:34', NULL),
(15, 'en', 'test', 'test1', 'test2@mailinator.com', 1, 1, NULL, NULL, NULL, NULL, '30.72808590000001', '76.84575629999999', '+91', '8146523266', '$2y$10$.ECjJEVsSb.hPWRl8qgh2unOKr77YHgP7F5gV1gjuc918YFRqemDC', NULL, NULL, NULL, NULL, NULL, NULL, NULL, NULL, NULL, NULL, NULL, 1, 1, NULL, 3, 0, NULL, 2, NULL, 2, 'India', 'Tower C, Third Floor DLF Building, IT Park 160101, Phase - I, Manimajra, Chandigarh, Haryana 134114, India', 'Chandigarh', 1, NULL, NULL, 0, NULL, NULL, '2019-03-20 05:16:32', '2019-03-20 05:16:32', NULL),
(16, 'en', 'Harry', NULL, 'harry@mailinator.com', 1, 1, NULL, NULL, NULL, NULL, NULL, NULL, NULL, NULL, '$2y$10$2PfQIznmwWMpgYGBVjy01uyxFbWa9WiOnCyMSxF65.FHGO9R7be9a', NULL, NULL, NULL, NULL, NULL, NULL, NULL, NULL, NULL, NULL, NULL, 1, 1, NULL, 3, 0, NULL, 1, NULL, 2, NULL, NULL, NULL, 1, NULL, NULL, 0, NULL, NULL, '2019-04-03 00:02:07', '2019-04-03 00:02:07', 'web'),
(17, 'en', 'John', NULL, 'john@mailinator.com', 1, 1, NULL, NULL, NULL, NULL, NULL, NULL, NULL, NULL, '$2y$10$/Afq388vaxRxYn2AQjNEPOysk9oM2j9er96j1XCbBwjQ.ZLjRiguW', NULL, NULL, NULL, NULL, NULL, NULL, NULL, NULL, NULL, NULL, NULL, 1, 1, NULL, 3, 0, NULL, 1, NULL, 2, NULL, NULL, NULL, 1, NULL, NULL, 0, NULL, NULL, '2019-04-03 00:30:21', '2019-04-03 00:30:21', 'web'),
(18, 'en', 'test', 'test2', 'test4@mailinator.com', 1, 1, NULL, NULL, NULL, 6390, '30.7283153', '76.845865', '+91', '7814817171', '$2y$10$lAbT.ECNN8TktLHTVCJN3uYycWftEITvQ.iWUnIO5XwXu6qgt1ESG', NULL, NULL, '5 0', NULL, 'brown', 'rom', 'hehre', 'dd', 'fff', NULL, 'Chchfh', 1, 1, 1, 3, 1, NULL, 2, NULL, 2, 'India', '1st and 2nd Floor, Towers A & B, DLF Info City Developer, Rajiv Gandhi Chandigarh Technology Park, Kishangarh, Phase - I, Manimajra, Chandigarh, Haryana 160101, India', 'Chandigarh', 1, NULL, NULL, 1, 'gg', 'here', '2019-04-09 05:00:24', '2019-04-09 05:11:19', NULL),
(19, 'en', 'Chris', NULL, 'test22@mailinator.com', 1, 1, NULL, NULL, NULL, NULL, NULL, NULL, NULL, NULL, NULL, NULL, NULL, NULL, NULL, NULL, NULL, NULL, NULL, NULL, NULL, NULL, 1, 1, NULL, 3, 0, NULL, 1, NULL, 2, NULL, NULL, NULL, 1, NULL, NULL, 0, NULL, NULL, '2019-04-18 05:52:24', '2019-04-18 05:52:24', 'web'),
(20, 'en', 'g7uf', '7tfy', 'f6yf@yddym.vuvu', 1, 1, NULL, NULL, NULL, NULL, '30.727827499999993', '76.84624609375001', '+1', '1471471470', '$2y$10$jHFNIDBGS1xSfguG/PV9oOpT2pKPOi2A9RzqWXVc3LERuVJExzq1q', NULL, NULL, NULL, NULL, NULL, NULL, NULL, NULL, NULL, NULL, NULL, 1, 1, NULL, 3, 0, NULL, 1, NULL, 2, 'India', 'Unnamed Road, Phase - I, Manimajra, Chandigarh, Haryana 160101, India', 'Chandigarh', 1, NULL, NULL, 0, NULL, NULL, '2019-04-22 06:12:40', '2019-04-22 06:12:40', NULL),
(21, 'en', 'fff', 'vdvsrjdj', 'aq@mailinator.com', 1, 1, NULL, NULL, NULL, NULL, '30.727822500000013', '76.84625390625004', '+91', '1477411470', '$2y$10$QJADSA14bsrYcgLR3KpwKOlz3ObGcqrFsjbSShGJItjgLzOh.N8nm', NULL, NULL, NULL, NULL, NULL, NULL, NULL, NULL, NULL, NULL, NULL, 1, 1, NULL, 3, 0, NULL, 1, NULL, 2, 'India', 'Unnamed Road, Phase - I, Manimajra, Chandigarh, Haryana 160101, India', 'Chandigarh', 1, NULL, NULL, 0, NULL, NULL, '2019-04-23 06:19:31', '2019-04-23 06:19:31', NULL),
(22, 'en', 'Abhishek', 'abhi', 'abhi@yopmail.com', 1, 1, NULL, NULL, NULL, NULL, '28.4456789', '36.1123456', '9632587410', '9632587412', '$2y$10$bnuSFVY3eqVND7KYBpfG8eAwt6DYA/gzmaK.FEa5/DQCdPrlyJhaO', NULL, NULL, NULL, NULL, NULL, NULL, NULL, NULL, NULL, NULL, NULL, 1, 1, NULL, 3, 0, NULL, 2, NULL, 2, 'India', 'Chandigarh', 'chandigarh', 1, NULL, NULL, 0, NULL, NULL, '2019-04-24 05:27:44', '2019-04-24 05:27:44', NULL),
(23, 'en', 'Lavi', 'Lavi', 'lavi@mailinator.com', 1, 1, NULL, NULL, NULL, 7389, '28.535516100000002', '77.3910265', '+91', '8439665459', '$2y$10$c1ZKo5JV5myewTFuwnQt2.KoRNzQxq7AOVglJlZBioZRFMU86/Q8C', NULL, NULL, '5.5', NULL, 'Black', 'Black', 'MCA', 'SW', 'SDFs', NULL, 'Asfdas', 1, 1, 1, 3, 1, NULL, 2, NULL, 2, 'India', 'Noida, Uttar Pradesh, India', 'Noida', 1, NULL, NULL, 1, 'Xicom', 'English', '2019-04-24 05:32:45', '2019-04-24 23:20:13', NULL),
(24, 'en', NULL, 'dfgdf', 'mk@mailinator.com', 1, 1, NULL, 14, '0000-00-00 00:00:00', 9243, '51.178881999999994', '-1.8262150000000001', '+91', '5555662233', '$2y$10$egMzdZUwe0BCc0EBskDfI.FbZutYCqaQTjn2fsQ0pRPE9Qx5Yp.lK', '0', 4, NULL, 3, NULL, NULL, NULL, NULL, NULL, NULL, 'About me', 1, 1, 1, 3, 1, NULL, 2, '1556716677.png', 2, 'India', 'Amesbury, Salisbury SP4 7DE, UK', 'Salisbury', 1, NULL, NULL, 1, 'dfgd', 'dfsgdf', '2019-04-24 06:01:25', '2019-05-08 07:46:26', NULL),
(25, 'en', 'vivek', 'qwe', 'viv@mailinator.com', 1, 1, NULL, NULL, NULL, 8375, '123456', '654321', '+91', '2580258025', '$2y$10$C3y7ZKnQd1YcqUkd.LNJpeBvgxsfD.dgM223V1sAILnyyGIHlFzge', NULL, NULL, 'gsgs', NULL, 'gsgs', 'vsg', 'bseh', 'gsgsgegw', 'hsgwgw', NULL, 'eysggss', 1, 1, 1, 3, 1, NULL, 1, '1556704838.png', 2, 'India', 'Unnamed Road, Phase - I, Manimajra, Chandigarh, Haryana 160101, India', 'Chandigarh', 1, NULL, NULL, 1, 'gwge', 'dbgf', '2019-04-25 01:40:18', '2019-05-01 04:30:38', NULL),
(26, 'en', NULL, 'MKL', 'mkl@mailinator.com', 1, 1, NULL, NULL, NULL, 9749, '28.535516100000002', '77.3910265', '+91', '8866554422', '$2y$10$8go347pcTHoDRvr7nPKajOVLj1Njszd7auC/u5nvBwAiVPjjScGJ.', NULL, NULL, '5.5', NULL, 'FGH', 'fsdf', 'asdas', 'dsf', 'fsdfds', NULL, 'Sdfds', 1, 1, 1, 3, 1, NULL, 2, NULL, 2, 'India', 'Noida, Uttar Pradesh, India', 'Noida', 1, NULL, NULL, 1, 'dsgfds', 'ENDFS', '2019-04-25 04:04:05', '2019-04-25 04:05:05', NULL),
(27, 'en', NULL, 'KKK', 'kkk@mailinator.com', 1, 1, NULL, NULL, NULL, 7526, '28.535516100000002', '77.3910265', '+91', '1234567894', '$2y$10$Vs/L04MNjjPRfATqmuw87.jVUokDn3GPw3iZlEeeSw84/2HJwcF5u', NULL, NULL, '5.5', NULL, 'dfgfdg', 'ghjghjgh', 'ghjghjgh', 'ghjhgj', 'dtretre', NULL, 'Dfgfdg', 1, 1, 1, 3, 1, NULL, 2, NULL, 2, 'India', 'Noida, Uttar Pradesh, India', 'Noida', 1, NULL, NULL, 1, 'dfgfh', 'fghfghgf', '2019-04-25 04:08:27', '2019-04-25 04:12:12', NULL),
(28, 'en', 'lidwin', 'lidwin', 'lidwin.cleetus@xicom.biz', 1, 1, NULL, NULL, NULL, 2627, '28.611088599999995', '77.2345184', '+91', '9868586534', '$2y$10$RMB5anVnNldpSIlR9woxPOGChBlFzzQMfoEKPm8C90z111UuhFrlm', NULL, NULL, '23', NULL, 'black', 'brown', 'masters', 'manager', 'writing', NULL, 'great to spend time with', 1, 1, 1, 3, 1, NULL, 1, NULL, 2, 'India', 'India Gate, New Delhi, Delhi, India', 'New Delhi', 1, NULL, NULL, 1, 'xi', 'English , spanish', '2019-04-26 00:03:10', '2019-04-26 00:04:22', NULL),
(29, 'en', '', 'lidwin', 'lidwin@gmail.com', 1, 1, NULL, NULL, NULL, 2583, '51.178881999999994', '-1.8262150000000001', '+91', '9868586532', '$2y$10$j0yIpQNbRk1lg3foX5PAbeWKS6Hok/U/b9pAohRh4OJ.ial7ZGfCe', NULL, NULL, NULL, NULL, NULL, NULL, NULL, NULL, NULL, NULL, NULL, 1, 1, NULL, 3, 0, NULL, 2, NULL, 2, 'United Kingdom', 'Amesbury, Salisbury SP4 7DE, UK', 'Salisbury', 1, NULL, NULL, 0, NULL, NULL, '2019-04-26 00:44:49', '2019-04-26 00:44:57', NULL),
(30, 'en', 'FGHgf', 'FGHgf', 'ff@ss.cc', 1, 1, NULL, NULL, NULL, 7247, '51.178881999999994', '-1.8262150000000001', '+91', '6633995544', '$2y$10$T3sTvMmQiuyn1gpTj5.ndu2Yer1kQJqKVAPp3ABrAv6iDgfyGjizi', NULL, NULL, '1.5', NULL, 'yuiyu', 'yuiuy', 'uoiuo', 'iuouio', 'uioiuo', NULL, 'Tyut', 1, 1, 1, 3, 1, NULL, 2, NULL, 2, 'United Kingdom', 'Amesbury, Salisbury SP4 7DE, UK', 'Salisbury', 1, NULL, NULL, 1, 'iuoiuo', 'ghjg', '2019-04-26 05:19:14', '2019-04-26 05:20:48', NULL),
(31, 'en', '', 'dgfd', 'gg@gg.gg', 1, 1, NULL, NULL, NULL, 2974, '51.178936', '-1.8262964000000004', '+91', '5544669988', '$2y$10$QccSftoIkblCGmtNRAYITeAtLrpsLOIueaPz6xAgqSkiRN1qAIvVe', NULL, NULL, NULL, NULL, NULL, NULL, NULL, NULL, NULL, NULL, NULL, 1, 1, NULL, 3, 0, NULL, 2, NULL, 2, 'United Kingdom', '3 Stonehenge Rd, Salisbury SP4 7DD, UK', 'Salisbury', 1, NULL, NULL, 0, NULL, NULL, '2019-04-26 05:55:54', '2019-04-26 05:55:55', NULL),
(32, 'en', '', 'JJff', 'aa@ds.ffg', 1, 1, NULL, NULL, NULL, 2952, '51.178936', '-1.8262964000000004', '+91', '3366558844', '$2y$10$uelwf3BhE6EBFzsAE44z4ebqmwO0OeP1x1.Sa0eul.MVHO8Da9xHi', NULL, NULL, NULL, NULL, NULL, NULL, NULL, NULL, NULL, NULL, NULL, 1, 1, NULL, 3, 0, NULL, 2, NULL, 2, 'United Kingdom', '3 Stonehenge Rd, Salisbury SP4 7DD, UK', 'Salisbury', 1, NULL, NULL, 1, NULL, NULL, '2019-04-26 05:59:48', '2019-04-26 06:00:22', NULL),
(33, 'en', '', 'sdgfds', 'jj@ss.hh', 1, 1, NULL, NULL, NULL, 2534, '51.178936', '-1.8262964000000004', '+1', '5588', '$2y$10$Rzd2k6ixsny3i5Yd.ijkU.QKiL/QTvZ4MpDwjKLJprHUzduI7lI0i', NULL, NULL, NULL, NULL, NULL, NULL, NULL, NULL, NULL, NULL, NULL, 1, 1, NULL, 3, 0, NULL, 2, NULL, 2, 'United Kingdom', '3 Stonehenge Rd, Salisbury SP4 7DD, UK', 'Salisbury', 1, NULL, NULL, 1, NULL, NULL, '2019-04-26 06:01:29', '2019-04-26 06:01:33', NULL),
(34, 'en', '', 'dfgf', 'hh@ss.ff', 1, 1, NULL, NULL, NULL, 9087, '51.178881999999994', '-1.8262150000000001', '+1', '45', '$2y$10$iwYyyr7hPBwWpsR5ik7uqOYZZNmcMUwajLrRjaFS4E9rDvLDbJv5C', NULL, NULL, NULL, NULL, NULL, NULL, NULL, NULL, NULL, NULL, NULL, 1, 1, NULL, 3, 0, NULL, 2, NULL, 2, 'United Kingdom', 'Amesbury, Salisbury SP4 7DE, UK', 'Salisbury', 1, NULL, NULL, 0, NULL, NULL, '2019-04-26 06:03:57', '2019-04-26 06:04:21', NULL),
(35, 'en', '', 'HH', 'dd@dd.gg', 1, 1, NULL, NULL, NULL, 3525, '51.178936', '-1.8262964000000004', '+1', '1234567845', '$2y$10$IqrvhJygL5P4Yv32Iz02yucrSr35QUpA6ISVibkRUw7n4qdMV422W', NULL, NULL, NULL, NULL, NULL, NULL, NULL, NULL, NULL, NULL, NULL, 1, 1, NULL, 3, 0, NULL, 2, NULL, 2, 'United Kingdom', '3 Stonehenge Rd, Salisbury SP4 7DD, UK', 'Salisbury', 1, NULL, NULL, 1, NULL, NULL, '2019-04-26 06:09:36', '2019-04-26 06:10:07', NULL),
(36, 'en', 'SDFsd', 'FGF', 'ss@gg.hh', 1, 1, NULL, NULL, NULL, 5194, '51.178881999999994', '-1.8262150000000001', '+91', '3366554488', '$2y$10$sRFzJH9kCmV2oYiRe23DCOPl7Habhaj9/VB064kJsrxOP2dBvn8CO', NULL, NULL, '1.5', NULL, NULL, NULL, 'dfgd', 'dfgdf', 'dfgfd', NULL, 'Dfgfdg', 1, 1, 1, 3, 1, NULL, 2, NULL, 2, 'United Kingdom', 'Amesbury, Salisbury SP4 7DE, UK', 'Salisbury', 1, NULL, NULL, 1, 'dfgdf', 'dfhgf', '2019-04-26 06:40:40', '2019-04-26 06:46:02', NULL),
(37, 'en', 'FDgd', 'DFGHDf', 'gg@mailinato.sds', 1, 1, NULL, NULL, NULL, 8412, '51.178881999999994', '-1.8262150000000001', '+1', '4567812', '$2y$10$gbICkPUUqRWd725rxAwM6.rkJSJWJIKZmXpeN/w/ANGHar0jViNr2', NULL, NULL, '5.3', NULL, NULL, NULL, 'fgh', 'fghfg', 'dfgfd', NULL, 'Dfgdf', 1, 1, 1, 3, 1, NULL, 2, NULL, 2, 'United Kingdom', 'Amesbury, Salisbury SP4 7DE, UK', 'Salisbury', 1, NULL, NULL, 1, 'hjkhj', 'dsfs', '2019-04-26 08:30:17', '2019-04-26 08:30:58', NULL),
(38, 'en', 'viobn', 'rovk', 'rovk@gmail.com', 1, 1, NULL, NULL, NULL, 2264, '28.610501', '77.094551', '+91', '9636251478', '$2y$10$YBdNOWHR4ifEqgRVa4QNwOiZnh3m293NGnJBKLMnkkJno4Fh0NpeS', NULL, NULL, '245', NULL, NULL, NULL, 'addggj', 'sghv', 'zdfhb', NULL, 'Dhhb', 1, 1, 1, 3, 1, NULL, 2, NULL, 2, 'India', 'Janak Cinema Complex, Pankha Rd, Block C 6A, Janakpuri, New Delhi, Delhi 110058, India', 'New Delhi', 1, NULL, NULL, 1, 'cvbb', 'gujjj', '2019-04-26 08:56:32', '2019-04-26 08:57:11', NULL),
(39, 'en', 'Tim', 'createffect', 'tim.leube@gmx.de', 1, 1, NULL, NULL, NULL, 5334, '48.7758459', '9.182932099999999', '+49', '15221312122', '$2y$10$YxmiALXe8FEw4hMPhYycAeFkW3CNkRbAkpI1l9TpDSq4M0I5G9D0m', NULL, NULL, 'xxx', NULL, NULL, NULL, 'xx', 'xx', 'Sports, Travel', NULL, 'Lets go!', 1, 1, 1, 3, 1, NULL, 2, NULL, 2, 'Deutschland', 'Stuttgart, Deutschland', 'Stuttgart', 1, NULL, NULL, 1, 'xx', 'German', '2019-04-29 11:36:53', '2019-04-29 11:39:00', NULL),
(40, 'en', 'Mm', 'marcio', 'marco.matla@outlook.de', 1, 1, NULL, NULL, NULL, 3607, '48.815039999999996', '9.14798', '+49', '15751204181', '$2y$10$fhYRmFwmqwfyN7EJYtZyVeG3ahQ5OGGAsqjL.dqk.X5Rq8BlJjwwm', NULL, NULL, '147', NULL, NULL, NULL, 'bb', 'hf', 'lbg', NULL, 'Kkh', 1, 1, 1, 3, 1, NULL, 2, NULL, 2, 'Deutschland', 'Hegaustrae 15, 70469 Stuttgart, Deutschland', 'Stuttgart', 1, NULL, NULL, 1, 'j', 'jhg', '2019-04-29 15:00:25', '2019-04-29 15:01:31', NULL),
(41, 'en', 'vivek', 'vivek123', 'vivek@mailinator.com', 1, 1, NULL, NULL, '0000-00-00 00:00:00', 5500, NULL, NULL, '+1', '', '$2y$10$.6bjYSzwPCKv/4Bo4lhOp.rJUfEiRZ/PHX/VcWH08Dvv8p.M4R2lq', NULL, NULL, NULL, NULL, NULL, NULL, NULL, NULL, NULL, NULL, NULL, 1, 1, NULL, 3, 0, NULL, 1, NULL, 2, NULL, NULL, NULL, 1, NULL, NULL, 0, NULL, NULL, '2019-05-02 02:15:27', '2019-05-02 23:20:54', NULL),
(42, 'en', 'LLK', 'LKM', 'lkm@mailinator.com', 1, 1, NULL, 24, '0000-00-00 00:00:00', 1316, NULL, NULL, '+91', '4578895645', '$2y$10$tyieeay8wnvMFj6TgHxyxuSDXOP2DXdtWOb0rMV1MZPIePFfgnX6a', '0', 0, '5.5', 0, 'Black', 'Black', 'MCA', 'SDa', NULL, 'DDFD', 'Sdfdsfdsf dsfds', 1, 1, 1, 3, 1, NULL, 2, '1556885205.png', 2, NULL, NULL, NULL, 1, NULL, NULL, 0, NULL, NULL, '2019-05-02 04:54:13', '2019-05-03 06:36:45', NULL),
(43, 'en', '', 'MKL TTTLE', 'mkl12@mailinator.com', 1, 1, NULL, NULL, NULL, 3372, NULL, NULL, '+91', '7856894578', '$2y$10$Is.vB/K8hjBNH4hH73fRHub9pmjNTXZNpwr6s5zbDIUUiGLHiLoru', NULL, NULL, NULL, NULL, NULL, NULL, NULL, NULL, NULL, NULL, NULL, 1, 1, NULL, 3, 0, NULL, 2, NULL, 2, NULL, NULL, NULL, 1, NULL, NULL, 0, NULL, NULL, '2019-05-02 05:31:48', '2019-05-02 05:32:24', NULL),
(44, 'en', 'John Carter', 'john123', 'john@gmail.com', 1, 1, NULL, 24, '2019-05-07 00:47:00', NULL, NULL, NULL, '+91', '8825031562', '$2y$10$pVEVHRp0TJ.UEtQUP7YvS.Gy9B2GDFJz9RNii.buu7fXU/EUVuz5a', 'Friendship', 1, '40', NULL, 'kkkhk', 'khkhk', 'khhkh', 'khugu', 'jgjgjj', NULL, 'hkhkfdfffewfsfdfss dfgdfg', 1, 1, 1, 3, 1, NULL, 1, '1557493315.png', 2, NULL, NULL, NULL, 1, NULL, NULL, 0, 'ghgh', NULL, '2019-05-02 23:13:42', '2019-05-10 07:31:55', NULL),
(45, 'en', 'Test', NULL, 'test201@mailinator.com', 1, 1, NULL, NULL, NULL, NULL, NULL, NULL, NULL, NULL, NULL, NULL, NULL, NULL, NULL, NULL, NULL, NULL, NULL, NULL, NULL, NULL, 1, 1, NULL, 3, 0, NULL, 1, NULL, 2, NULL, NULL, NULL, 1, NULL, NULL, 0, NULL, NULL, '2019-05-06 06:10:40', '2019-05-06 06:10:40', 'web'),
(46, 'en', 'Ravi', NULL, 'ravinderdahiya.chd@gmail.com', 1, 1, NULL, NULL, NULL, NULL, NULL, NULL, NULL, NULL, NULL, NULL, NULL, NULL, NULL, NULL, NULL, NULL, NULL, NULL, NULL, NULL, 1, 1, NULL, 3, 0, NULL, 1, NULL, 2, NULL, NULL, NULL, 1, NULL, NULL, 0, NULL, NULL, '2019-05-06 06:26:23', '2019-05-06 06:26:23', 'web'),
(47, 'en', 'xicom vivek', 'Vivek KKK', 'xicomvivek2079@gmail.com', 1, 2, '104300381434884301471', 25, '2019-05-09 20:42:49', NULL, NULL, NULL, '+91', '4578895623', NULL, '0', 0, NULL, 2, NULL, NULL, NULL, NULL, NULL, NULL, 'About me', 1, 1, 1, 3, 1, NULL, 2, '1557497590.png', 2, NULL, NULL, NULL, 1, NULL, NULL, 0, NULL, NULL, '2019-05-06 07:50:30', '2019-05-10 08:43:10', NULL),
(48, 'en', 'gfg', 'vishu1', 'vishu@gmail.com', 1, 1, NULL, 20, '0000-00-00 00:00:00', 7651, NULL, NULL, '+1', '8825031563', '$2y$10$f5MOx9TgRQzknzdR6C9AGudS.TzBzONqBt2srL.CUmEp1YydDZ81O', 'Daily activities', 3, '40', 2, 'kljlkj', 'lkj', 'lkj', 'lkj', 'lkj', NULL, 'lkj', 1, 1, 1, 3, 1, NULL, 1, NULL, 2, NULL, NULL, NULL, 1, NULL, NULL, 0, NULL, NULL, '2019-05-07 02:06:03', '2019-05-07 02:25:19', NULL),
(49, 'en', 'peter cech', 'cech', 'cech@mailinator.com', 1, 1, NULL, 22, '0000-00-00 00:00:00', 9442, NULL, NULL, '+91', '9868586534', '$2y$10$8dyiBniv5QMqXJ.zI/q/LuH0ADqdO6o.Vzs2gr6MTHPkQRiN5GMrG', 'Relationship', 1, '32', 3, 'black', 'black', 'high school', 'pm', 'soccer', NULL, 'hi you are awesome', 1, 1, 1, 3, 1, NULL, 1, NULL, 2, NULL, NULL, NULL, 1, NULL, NULL, 0, NULL, NULL, '2019-05-07 23:58:20', '2019-05-08 00:00:23', NULL),
(50, 'en', '', 'shick', 'shick@mailinator.com', 2, 1, NULL, NULL, NULL, 9231, NULL, NULL, '+91', '9868586532', '$2y$10$h.xE/zxbVhJaMMuM/I6j5OJGsQDJQM/kHr869p0qCL0UJoNvG5uVO', NULL, NULL, NULL, NULL, NULL, NULL, NULL, NULL, NULL, NULL, NULL, 1, 1, NULL, 3, 0, NULL, 2, NULL, 2, NULL, NULL, NULL, 1, NULL, NULL, 0, NULL, NULL, '2019-05-08 01:07:43', '2019-05-08 01:07:47', NULL),
(51, 'en', '', 'ram', 'ram@mailinator.com', 2, 1, NULL, NULL, '0000-00-00 00:00:00', 4984, NULL, NULL, '+91', '9868586532', '$2y$10$Mv2fdQw/V3X7aRsF7GNOXuNIajDqIIl0rm6xKTqNtIQR8U7vM7ki.', NULL, NULL, NULL, NULL, NULL, NULL, NULL, NULL, NULL, NULL, NULL, 1, 1, NULL, 3, 0, NULL, 2, NULL, 2, NULL, NULL, NULL, 1, NULL, NULL, 0, NULL, NULL, '2019-05-08 01:12:21', '2019-05-08 01:13:31', NULL),
(52, 'en', '', 'NASA', 'nasa@mailinator.com', 1, 1, NULL, NULL, '0000-00-00 00:00:00', 5180, NULL, NULL, '+1', '4578895623', '$2y$10$OUGMkjmTf767r.Mysmq20ucbsccK6nxWvqbII1/fVXHIQLJpbWZl.', NULL, NULL, NULL, NULL, NULL, NULL, NULL, NULL, NULL, NULL, NULL, 1, 1, NULL, 3, 0, NULL, 2, NULL, 2, NULL, NULL, NULL, 1, NULL, NULL, 0, NULL, NULL, '2019-05-08 02:20:20', '2019-05-08 02:22:05', NULL),
(53, 'en', 'vishu', 'vishu2', 'vishu2@gmail.com', 1, 1, NULL, NULL, NULL, 7293, NULL, NULL, '+1', '565446464644', '$2y$10$N2WuexB7u/V8hVs6y6CxJ.Zn5F90LNu5/4KMu8PXzvlW/8xtvrKIC', NULL, NULL, NULL, NULL, NULL, NULL, NULL, NULL, NULL, NULL, NULL, 1, 1, NULL, 3, 0, NULL, 1, NULL, 2, NULL, NULL, NULL, 1, NULL, NULL, 0, NULL, NULL, '2019-05-08 06:45:30', '2019-05-08 06:45:30', NULL),
(54, 'en', 'vishu', 'vishu3', 'vishu3@gmail.com', 1, 1, NULL, NULL, '0000-00-00 00:00:00', 4826, NULL, NULL, '+1', '24165465464', '$2y$10$Hzh29c.3h6BIMikX76rSeeLF1CjB/EkZqwr1N1UUTdhilf3EychyO', NULL, NULL, NULL, NULL, NULL, NULL, NULL, NULL, NULL, NULL, NULL, 1, 1, NULL, 3, 0, NULL, 1, NULL, 2, NULL, NULL, NULL, 1, NULL, NULL, 0, NULL, NULL, '2019-05-08 06:47:09', '2019-05-08 07:33:15', NULL),
(55, 'en', 'Lavi Motwal', 'Lavi Motwal', 'lavimotwal12@gmail.com', 1, 2, '2063244963804904', 28, '2019-05-16 22:54:44', NULL, NULL, NULL, '+91', '8439665459', NULL, '2', 0, '5.5', 3, 'Black', 'Black', 'MCA', 'SW / Xicom', 'Playing Cricket', 'Hindu', 'SDFDS', 1, 1, 1, 3, 1, NULL, 2, '1558067286.png', 2, NULL, NULL, NULL, 1, NULL, NULL, 0, NULL, NULL, '2019-05-09 03:55:17', '2019-05-16 22:58:06', NULL),
(56, 'en', 'mark', NULL, 'mark1@mailinator.com', NULL, 1, NULL, NULL, '2019-05-10 02:16:23', NULL, NULL, NULL, NULL, NULL, NULL, NULL, NULL, NULL, NULL, NULL, NULL, NULL, NULL, NULL, NULL, NULL, 1, 1, NULL, 3, 0, NULL, 1, NULL, 2, NULL, NULL, NULL, 1, NULL, NULL, 0, NULL, NULL, '2019-05-10 02:15:36', '2019-05-10 02:16:23', 'web'),
(58, 'en', 'Ashish Singh', 'asshu', 'ashish.singh@mobiloitte.in', 1, 2, '454434248693914', 28, '2019-05-14 04:24:00', NULL, NULL, NULL, '+1', '88558255442', NULL, '2', 2, '45', 4, 'red', 'black', 'btech', 'engineer', 'reading', 'jain', 'Hiiii', 1, 1, 1, 3, 1, NULL, 2, '1557488350.png', 2, NULL, NULL, NULL, 1, NULL, NULL, 0, NULL, NULL, '2019-05-10 06:06:59', '2019-05-14 04:24:00', NULL),
(59, 'en', '', 'tom', 'tom@hotmail.com', 2, 1, NULL, NULL, NULL, 2804, NULL, NULL, '+1', '9963636996', '$2y$10$ulLzhdU.U1Q50pEbXy15nuqZcoUTh/.4ed24qEL9L4zaqzOTpxShu', NULL, NULL, NULL, NULL, NULL, NULL, NULL, NULL, NULL, NULL, NULL, 1, 1, NULL, 3, 0, NULL, 2, NULL, 2, NULL, NULL, NULL, 1, NULL, NULL, 0, NULL, NULL, '2019-05-10 07:31:25', '2019-05-10 07:31:30', NULL),
(63, 'en', '', 'tuom', 'zoe@mailinator.com', 1, 1, NULL, NULL, NULL, 8268, NULL, NULL, '+1', '2252525252', '$2y$10$GDRm3rrzK6miIM54GLaYIeqmJlZJRA7Iff66EtnjFH4d/km5YDUOG', NULL, NULL, NULL, NULL, NULL, NULL, NULL, NULL, NULL, NULL, NULL, 1, 1, NULL, 3, 0, NULL, 2, NULL, 2, NULL, NULL, NULL, 1, NULL, NULL, 0, NULL, NULL, '2019-05-10 07:34:06', '2019-05-10 07:35:04', NULL),
(64, 'en', '', 'GHJ', 'ghj@mailinator.com', 1, 1, NULL, NULL, '2019-05-09 19:47:43', NULL, NULL, NULL, '+1', '4578895625', '$2y$10$ygRpZJCmvhl8DNc7RspCzef0AvKO267v2QIxEHPlk.Hi/OfvdtW/m', NULL, NULL, NULL, NULL, NULL, NULL, NULL, NULL, NULL, NULL, NULL, 1, 1, NULL, 3, 0, NULL, 2, NULL, 2, NULL, NULL, NULL, 1, NULL, NULL, 0, NULL, NULL, '2019-05-10 07:47:06', '2019-05-10 07:47:43', NULL),
(70, 'en', '', 'John', 'johsdsn@mailinator.com', 1, 1, NULL, NULL, NULL, 3602, NULL, NULL, '+91', '123456789', '$2y$10$wVPzeVMQ0QK8GtjWqQR6p.BdjW3if5ZKyuSq6SzZDhQ8SmmGKNSx.', NULL, NULL, NULL, NULL, NULL, NULL, NULL, NULL, NULL, NULL, NULL, 1, 1, NULL, 3, 0, NULL, 2, NULL, 2, NULL, NULL, NULL, 1, NULL, NULL, 0, NULL, NULL, '2019-05-10 08:01:14', '2019-05-10 08:01:17', NULL),
(71, 'en', 'Vishal', 'vishal3', 'sainivishal163@gmail.com', 1, 2, '1281010462051355', 16, '2019-05-16 03:51:59', NULL, NULL, NULL, '+1', '4542121231212', NULL, 'Friendship', 4, 'ihih', 2, 'ih', 'ih', 'ih', 'ih', 'ih', NULL, 'ihu', 1, 1, 1, 3, 1, NULL, 1, NULL, 2, NULL, NULL, NULL, 1, NULL, NULL, 0, NULL, NULL, '2019-05-10 08:02:17', '2019-05-16 03:51:59', NULL),
(73, 'en', 'Marsal', 'john Carten', 'johnC@mailinator.com', 1, 1, NULL, 36, '2019-05-09 20:03:48', NULL, NULL, NULL, '+91', '123456789', '$2y$10$M87FwdDRMwhBIphzPnD33.7gDDLcDg/J2.AIJ3rSl8XlF/HPi4DKG', '2', 1, '6.2', 2, 'Brown', 'Black', 'Post Graduate', 'SE/ Xicom', 'LFGH', 'Cristen', 'Dsfsd', 1, 1, 1, 3, 1, NULL, 2, NULL, 2, NULL, NULL, NULL, 1, NULL, NULL, 0, NULL, NULL, '2019-05-10 08:03:07', '2019-05-10 08:05:37', NULL),
(79, 'en', '', 'MKK', 'jmkl@mailinator.com', 1, 1, NULL, NULL, NULL, 1134, NULL, NULL, '+91', '123456123', '$2y$10$.HfJa98w/gbzmCgC6DPEbuaBiQzMvzdOBvoXqfmIP4MJKr2vgEhwa', NULL, NULL, NULL, NULL, NULL, NULL, NULL, NULL, NULL, NULL, NULL, 1, 1, NULL, 3, 0, NULL, 2, NULL, 2, NULL, NULL, NULL, 1, NULL, NULL, 0, NULL, NULL, '2019-05-10 08:20:25', '2019-05-10 08:20:28', NULL),
(80, 'en', 'HHG', 'GHhJ', 'njk@mailinator.com', 1, 1, NULL, 22, '2019-05-09 20:27:18', NULL, NULL, NULL, '+1268', '1234567', '$2y$10$F3L/nOo.9039SG6QpathhO/TmU/BEog04jCHbLpSBBD/QJP9nU8sq', '4', 3, '45', NULL, NULL, NULL, NULL, NULL, NULL, NULL, 'About me', 1, 1, 1, 3, 1, NULL, 2, NULL, 2, NULL, NULL, NULL, 1, NULL, NULL, 0, NULL, NULL, '2019-05-10 08:26:26', '2019-05-10 08:27:48', NULL),
(81, 'en', 'Abhishek', 'abhi122', 'abhi111@yopmail.com', 1, 1, NULL, NULL, NULL, 8657, NULL, NULL, '9632587410', '9632587410', '$2y$10$OOtHH4xeVwL2IqvcSAM8T.2q8I6JSGgoe.tSNtzAlueDqIcrKFwwe', NULL, NULL, NULL, NULL, NULL, NULL, NULL, NULL, NULL, NULL, NULL, 1, 1, NULL, 3, 0, NULL, 2, NULL, 2, NULL, NULL, NULL, 1, NULL, NULL, 0, NULL, NULL, '2019-05-10 08:33:49', '2019-05-10 08:33:50', NULL),
(82, 'en', NULL, 'DG', 'fg@mailinator.com', 1, 1, NULL, 20, '2019-05-09 20:34:55', NULL, NULL, NULL, '+1', '123456789', '$2y$10$A4tgu76WYGE8GFbLXxZKfe6545COzSkiFswXTj9.bm5qEyo1gnoqi', NULL, NULL, NULL, NULL, NULL, NULL, NULL, NULL, NULL, NULL, 'About me', 1, 1, 1, 3, 1, NULL, 2, NULL, 2, NULL, NULL, NULL, 1, NULL, NULL, 0, NULL, NULL, '2019-05-10 08:34:29', '2019-05-10 08:35:09', NULL),
(83, 'en', 'John', 'John Marsal', 'johnM@mailinator.com', 1, 1, NULL, 18, '2019-05-09 20:37:42', NULL, NULL, NULL, '+91', '5623895645', '$2y$10$Gftl/Mx4To4dUVz.FqX/c.t9q7l/9qqdq.CiQZHgqAH6ljAAxfJDC', '1', 1, NULL, 2, 'Black', 'Brown', 'Graduate', 'SE/Xicom', NULL, 'Cr', 'Dteret', 1, 1, 1, 3, 1, NULL, 2, '1557497473.png', 2, NULL, NULL, NULL, 1, NULL, NULL, 0, NULL, NULL, '2019-05-10 08:37:20', '2019-05-10 08:41:13', NULL),
(84, 'en', 'vishal', 'vishal2', 'vs1@gmail.com', 1, 1, NULL, 20, '2019-05-12 23:20:07', NULL, NULL, NULL, '+1', '64596896464', '$2y$10$E6C26BhvobQ6yFX2bWVs3uatm1ymAzaLu4DbGmjvdrCKxTNkDgYly', 'Daily activities', 4, '45', NULL, 'ihkj', 'khjkjh', 'uhkjh', 'kjh', 'kjh', NULL, 'kjhkjh', 1, 1, 1, 3, 1, NULL, 1, '1557985550.png', 2, NULL, NULL, NULL, 1, NULL, NULL, 0, NULL, NULL, '2019-05-12 23:19:23', '2019-05-16 00:21:19', NULL),
(85, 'en', '', 'Rohit Kumar', 'rohit@gmail.com', 1, 1, NULL, NULL, NULL, 8451, NULL, NULL, '+91', '8279489679', '$2y$10$LjzxAn7OXBUGKorpU6i9EeNRqSXnEuzkrTkCDQFAV6Qdr46VuNp5C', NULL, NULL, NULL, NULL, NULL, NULL, NULL, NULL, NULL, NULL, NULL, 1, 1, NULL, 3, 0, NULL, 2, NULL, 2, NULL, NULL, NULL, 1, NULL, NULL, 0, NULL, NULL, '2019-05-13 01:11:40', '2019-05-13 01:12:33', NULL),
(86, 'en', '', 'Rohit', 'rohit.kumar@xicom.biz', 1, 1, NULL, NULL, '2019-05-13 01:20:31', NULL, NULL, NULL, '+91', '8279489649', '$2y$10$QUO41y/wR1V4AsrmwPxJY.JNjPE0EgoGg5RURYV4SKI2ozzKOfmmG', NULL, NULL, NULL, NULL, NULL, NULL, NULL, NULL, NULL, NULL, NULL, 1, 1, NULL, 3, 0, NULL, 2, NULL, 2, NULL, NULL, NULL, 1, NULL, NULL, 0, NULL, NULL, '2019-05-13 01:14:48', '2019-05-13 01:20:31', NULL),
(87, 'en', 'Rohit Kumar', 'rke', 'rohitku.prajapati@gmail.com', 1, 2, '111307508972604779539', 23, '2019-05-13 05:24:38', NULL, NULL, NULL, '+91', '8279489679', NULL, '1', 1, '12', 4, 'black', 'black', 'graduate', 'xicom', 'workout', 'hindu', 'Erewr', 1, 1, 1, 3, 1, NULL, 2, NULL, 2, NULL, NULL, NULL, 1, NULL, NULL, 0, NULL, NULL, '2019-05-13 01:32:25', '2019-05-13 05:24:38', NULL),
(88, 'en', 'vishal', 'vishal4', 'vsf2@gmial.com', 1, 1, NULL, 19, '2019-05-13 02:08:15', NULL, NULL, NULL, '+1', '6496464654897', '$2y$10$a3M1xIxPN9lWI3/DRG9gAeVUc6vtIxhqIqj01/aW80LxKKIbL9Wre', 'Daily activities', 3, '40', 3, 'lkjlkj', 'lkjlj', 'lojk', 'lkj', 'lkjlkj', 'android.support.v7.widget.AppCompatEditText{f416b87 VFED..CL. ........ 13,13-983,112 #7f0a0183 app:id/religionET}', 'lkj', 1, 1, 1, 3, 1, NULL, 1, NULL, 2, NULL, NULL, NULL, 1, NULL, NULL, 0, NULL, NULL, '2019-05-13 02:07:36', '2019-05-13 02:09:35', NULL),
(89, 'en', 'dfdf', 'vishal6', 'vsf4@gmail.com', 1, 1, NULL, 21, '2019-05-13 02:12:45', NULL, NULL, NULL, '+1', '465646466487', '$2y$10$Vs3W2i5a6cp0VKv9czhnruGGvR8UVD8RxOnNosgmtEUqfdpfP/Dq6', 'Daily activities', 4, 'khkjh', 4, 'kjhkjh', 'kjhoiu', 'oiu', 'hkjhkjh', 'khjh', 'kjhkjh', 'khkjh', 1, 1, 1, 3, 1, NULL, 1, NULL, 2, NULL, NULL, NULL, 1, NULL, NULL, 0, NULL, NULL, '2019-05-13 02:12:26', '2019-05-13 02:13:19', NULL),
(90, 'en', 'Rohit Kumar', 'Rohitr', 'rohitku.pra@gmail.com', 1, 2, '109818246920384786076', NULL, '2019-05-13 04:49:09', NULL, NULL, NULL, '+1', '8528528529', NULL, NULL, NULL, NULL, NULL, NULL, NULL, NULL, NULL, NULL, NULL, NULL, 1, 1, NULL, 3, 0, NULL, 2, NULL, 2, NULL, NULL, NULL, 1, NULL, NULL, 0, NULL, NULL, '2019-05-13 04:35:31', '2019-05-13 04:49:09', NULL),
(91, 'en', 'vishal', 'vishal8', 'vs8@gmail.com', 1, 1, NULL, 21, '2019-05-13 05:10:25', NULL, NULL, NULL, '+1', '1345689752', '$2y$10$2uzA7sCbkBd1Fwa7l2Sb1.O0ruRvHRXZX38pvEgF55lIbELl1wnGa', 'Friendship', 4, '46', 2, 'jokml', 'hiuj', 'kljh', 'this is my job', 'jklj', NULL, 'kjjhijhihfisjlmvlksdjiom ojfo', 1, 1, 1, 3, 1, NULL, 1, NULL, 2, NULL, NULL, NULL, 1, NULL, NULL, 0, NULL, NULL, '2019-05-13 05:10:07', '2019-05-13 05:11:19', NULL),
(92, 'en', 'Lidwin', 'reckstar', 'lidwin13@gmail.com', 1, 3, '113269862150383454706', 21, '2019-05-16 22:25:14', NULL, NULL, NULL, '+91', '9969585366', NULL, NULL, 4, 'ty', 4, 'red', 'black', 'jzdkj', 'jkks', NULL, NULL, 'nnm', 1, 1, 1, 3, 1, NULL, 1, NULL, 2, NULL, NULL, NULL, 1, NULL, NULL, 0, NULL, NULL, '2019-05-14 04:16:04', '2019-05-16 22:25:14', NULL),
(93, 'en', 'Anil Thakur', 'rohitb', 'anil.xicom@gmail.com', 1, 3, '100875460123046140750', NULL, '2019-05-14 05:08:22', NULL, NULL, NULL, '+91', '8279489679', NULL, NULL, NULL, NULL, NULL, NULL, NULL, NULL, NULL, NULL, NULL, NULL, 1, 1, NULL, 3, 0, NULL, 2, NULL, 2, NULL, NULL, NULL, 1, NULL, NULL, 0, NULL, NULL, '2019-05-14 05:08:22', '2019-05-14 05:08:39', NULL),
(94, 'en', 'Tiya Khanna', NULL, 'khannatiya', NULL, 2, '1507939209', NULL, '2019-05-15 04:27:25', NULL, NULL, NULL, NULL, NULL, NULL, NULL, NULL, NULL, NULL, NULL, NULL, NULL, NULL, NULL, NULL, NULL, 1, 1, NULL, 3, 0, NULL, 2, NULL, 2, NULL, NULL, NULL, 1, NULL, NULL, 0, NULL, NULL, '2019-05-15 01:23:18', '2019-05-15 04:27:25', NULL),
(95, 'en', 'rohit', 'rohir1', 'dev.rohitrke@gmail.com', 1, 3, '104036530130163139817', 20, '2019-05-15 05:06:01', NULL, NULL, NULL, '+1', '85236445882', NULL, '3', 3, '40', 3, 'nshh', 'dheh', 'shsg', 'bashh', 'hags', 'shrk', 'Stshsjk', 1, 1, 1, 3, 1, NULL, 2, NULL, 2, NULL, NULL, NULL, 1, NULL, NULL, 0, NULL, NULL, '2019-05-15 05:06:01', '2019-05-15 05:07:34', NULL),
(96, 'en', 'Akhil', 'akhil', 'iamakhilsharma@gmail.com', 1, 2, '1888239897947717', 24, '2019-05-17 06:54:59', NULL, NULL, NULL, '+91', '7814817171', NULL, 'Friendship', 1, NULL, 2, NULL, NULL, NULL, NULL, NULL, NULL, 'test', 1, 1, 1, 3, 1, NULL, 1, NULL, 2, NULL, NULL, NULL, 1, NULL, NULL, 0, NULL, NULL, '2019-05-16 01:23:20', '2019-05-17 06:54:59', NULL),
(97, 'en', 'vishal', 'vishal1', 'vsf2@gmail.com', 1, 1, NULL, 17, '2019-05-16 01:34:30', NULL, NULL, NULL, '+1', '654654674774', '$2y$10$t0ZUdhJoUgNhOaFmSLmizerQaz22ecR2nWpEkTi4APlMhiew19FSy', 'Daily activities', 2, 'kh', 4, 'kjh', 'kjhkj', 'kjh', 'kjh', 'kh', NULL, 'hkjh', 1, 1, 1, 3, 1, NULL, 1, NULL, 2, NULL, NULL, NULL, 1, NULL, NULL, 0, NULL, NULL, '2019-05-16 01:34:04', '2019-05-16 01:35:01', NULL),
(98, 'en', 'vishu', 'vishal10', 'vs3@gmail.com', 1, 1, NULL, 18, '2019-05-16 03:54:28', NULL, NULL, NULL, '+1', '5456456464', '$2y$10$X8Ifqgw4xFCJ4HHw1g8Bpuff8h1.GnFC//6nOvzmHutHCi08jwPdm', 'Friendship', 3, 'khjkj', 3, 'hkjh', 'kh', 'kh', 'jkh', 'hh', NULL, 'khjkj', 1, 1, 1, 3, 1, NULL, 1, NULL, 2, NULL, NULL, NULL, 1, NULL, NULL, 0, NULL, NULL, '2019-05-16 03:54:06', '2019-05-16 03:55:04', NULL),
(99, 'en', 'Test', 'test', 'test21@mailinator.com', 1, 1, NULL, 21, '2019-05-16 06:21:07', NULL, NULL, NULL, '+1', '', '$2y$10$KOLFXUEMVeiN91UueSQBv.1syQHF4GjrNLBNbdhGK5zc0OM0Ss/2m', 'Friendship', 1, NULL, 2, NULL, NULL, NULL, NULL, NULL, NULL, NULL, 1, 1, 1, 3, 1, NULL, 1, NULL, 2, NULL, NULL, NULL, 1, NULL, NULL, 0, NULL, NULL, '2019-05-16 06:20:23', '2019-05-16 06:21:47', NULL),
(100, 'en', 'Testt', 'testt', 'test22@mailinator.com', 1, 1, NULL, 21, '2019-05-16 06:34:06', NULL, NULL, NULL, '+1', '', '$2y$10$RH5hJw63tqEdee67RdPASu2jm3a117BuFGhZHeN1Q2X/Eajlt.9Ki', 'Daily activities', 2, NULL, 4, NULL, NULL, NULL, NULL, NULL, NULL, NULL, 1, 1, 1, 3, 1, NULL, 1, NULL, 2, NULL, NULL, NULL, 1, NULL, NULL, 0, NULL, NULL, '2019-05-16 06:33:49', '2019-05-16 06:35:31', NULL),
(101, 'en', 'test3', 'test3', 'test23@mailinator.com', 1, 1, NULL, 20, '2019-05-16 06:50:31', NULL, NULL, NULL, '+1', '', '$2y$10$RH5hJw63tqEdee67RdPASu2jm3a117BuFGhZHeN1Q2X/Eajlt.9Ki', 'Friendship', 3, NULL, 4, NULL, NULL, NULL, NULL, NULL, NULL, NULL, 1, 1, 1, 3, 1, NULL, 1, NULL, 2, NULL, NULL, NULL, 1, NULL, NULL, 0, NULL, NULL, '2019-05-16 06:50:06', '2019-05-16 06:50:50', NULL);

-- --------------------------------------------------------

--
-- Table structure for table `user_attempt_questions`
--

CREATE TABLE `user_attempt_questions` (
  `id` int(11) NOT NULL,
  `user_id` int(11) NOT NULL,
  `question_id` int(11) NOT NULL,
  `created_at` datetime NOT NULL DEFAULT CURRENT_TIMESTAMP,
  `updated_at` datetime NOT NULL DEFAULT CURRENT_TIMESTAMP ON UPDATE CURRENT_TIMESTAMP
) ENGINE=InnoDB DEFAULT CHARSET=latin1;

--
-- Dumping data for table `user_attempt_questions`
--

INSERT INTO `user_attempt_questions` (`id`, `user_id`, `question_id`, `created_at`, `updated_at`) VALUES
(1, 42, 1, '2019-05-08 11:26:50', '2019-05-08 11:26:50'),
(2, 42, 2, '2019-05-08 11:31:38', '2019-05-08 11:31:38'),
(3, 42, 3, '2019-05-08 11:42:55', '2019-05-08 11:42:55'),
(4, 42, 4, '2019-05-08 11:43:15', '2019-05-08 11:43:15'),
(5, 42, 5, '2019-05-08 11:43:42', '2019-05-08 11:43:42'),
(6, 42, 6, '2019-05-08 11:46:17', '2019-05-08 11:46:17'),
(7, 42, 7, '2019-05-08 11:46:22', '2019-05-08 11:46:22'),
(8, 42, 8, '2019-05-08 11:52:30', '2019-05-08 11:52:30'),
(9, 42, 9, '2019-05-08 11:52:34', '2019-05-08 11:52:34'),
(10, 42, 10, '2019-05-08 11:52:36', '2019-05-08 11:52:36'),
(11, 42, 11, '2019-05-08 11:52:37', '2019-05-08 11:52:37'),
(12, 42, 13, '2019-05-08 11:52:44', '2019-05-08 11:52:44'),
(13, 42, 14, '2019-05-08 11:52:47', '2019-05-08 11:52:47'),
(14, 42, 15, '2019-05-08 11:52:59', '2019-05-08 11:52:59'),
(15, 42, 16, '2019-05-08 11:53:02', '2019-05-08 11:53:02'),
(16, 42, 17, '2019-05-08 11:53:04', '2019-05-08 11:53:04'),
(17, 42, 18, '2019-05-08 11:53:07', '2019-05-08 11:53:07'),
(18, 44, 1, '2019-05-09 12:23:24', '2019-05-09 12:23:24'),
(19, 58, 1, '2019-05-10 11:40:05', '2019-05-10 11:40:05'),
(20, 58, 3, '2019-05-10 11:40:12', '2019-05-10 11:40:12'),
(21, 58, 4, '2019-05-10 11:40:14', '2019-05-10 11:40:14'),
(22, 58, 5, '2019-05-10 11:40:19', '2019-05-10 11:40:19'),
(23, 58, 6, '2019-05-10 11:40:24', '2019-05-10 11:40:24'),
(24, 58, 7, '2019-05-10 11:40:35', '2019-05-10 11:40:35'),
(25, 73, 1, '2019-05-10 13:36:24', '2019-05-10 13:36:24'),
(26, 73, 3, '2019-05-10 13:36:26', '2019-05-10 13:36:26'),
(27, 73, 4, '2019-05-10 13:36:28', '2019-05-10 13:36:28'),
(28, 73, 5, '2019-05-10 13:36:34', '2019-05-10 13:36:34'),
(29, 73, 6, '2019-05-10 13:36:37', '2019-05-10 13:36:37'),
(30, 73, 7, '2019-05-10 13:36:52', '2019-05-10 13:36:52'),
(31, 73, 8, '2019-05-10 13:36:56', '2019-05-10 13:36:56'),
(32, 73, 9, '2019-05-10 13:37:02', '2019-05-10 13:37:02'),
(33, 73, 10, '2019-05-10 13:37:05', '2019-05-10 13:37:05'),
(34, 73, 11, '2019-05-10 13:37:11', '2019-05-10 13:37:11'),
(35, 73, 13, '2019-05-10 13:37:18', '2019-05-10 13:37:18'),
(36, 73, 14, '2019-05-10 13:37:22', '2019-05-10 13:37:22'),
(37, 73, 15, '2019-05-10 13:37:30', '2019-05-10 13:37:30'),
(38, 73, 16, '2019-05-10 13:37:33', '2019-05-10 13:37:33'),
(39, 73, 17, '2019-05-10 13:37:35', '2019-05-10 13:37:35'),
(40, 73, 18, '2019-05-10 13:37:38', '2019-05-10 13:37:38'),
(41, 83, 1, '2019-05-10 14:08:12', '2019-05-10 14:08:12'),
(42, 83, 3, '2019-05-10 14:08:17', '2019-05-10 14:08:17'),
(43, 83, 4, '2019-05-10 14:08:20', '2019-05-10 14:08:20'),
(44, 83, 5, '2019-05-10 14:08:27', '2019-05-10 14:08:27'),
(45, 83, 6, '2019-05-10 14:08:30', '2019-05-10 14:08:30'),
(46, 83, 7, '2019-05-10 14:08:36', '2019-05-10 14:08:36'),
(47, 83, 8, '2019-05-10 14:08:39', '2019-05-10 14:08:39'),
(48, 83, 9, '2019-05-10 14:08:42', '2019-05-10 14:08:42'),
(49, 83, 10, '2019-05-10 14:08:44', '2019-05-10 14:08:44'),
(50, 83, 11, '2019-05-10 14:08:47', '2019-05-10 14:08:47'),
(51, 83, 13, '2019-05-10 14:08:51', '2019-05-10 14:08:51'),
(52, 83, 14, '2019-05-10 14:08:56', '2019-05-10 14:08:56'),
(53, 83, 15, '2019-05-10 14:09:02', '2019-05-10 14:09:02'),
(54, 83, 16, '2019-05-10 14:09:06', '2019-05-10 14:09:06'),
(55, 83, 17, '2019-05-10 14:09:08', '2019-05-10 14:09:08'),
(56, 83, 18, '2019-05-10 14:09:10', '2019-05-10 14:09:10'),
(57, 87, 1, '2019-05-13 07:48:41', '2019-05-13 07:48:41'),
(58, 87, 3, '2019-05-13 07:48:52', '2019-05-13 07:48:52'),
(59, 87, 4, '2019-05-13 07:48:59', '2019-05-13 07:48:59'),
(60, 87, 5, '2019-05-13 07:49:21', '2019-05-13 07:49:21'),
(61, 87, 6, '2019-05-13 07:49:24', '2019-05-13 07:49:24'),
(62, 87, 7, '2019-05-13 07:49:39', '2019-05-13 07:49:39'),
(63, 87, 8, '2019-05-13 07:49:42', '2019-05-13 07:49:42'),
(64, 87, 9, '2019-05-13 07:49:45', '2019-05-13 07:49:45'),
(65, 87, 10, '2019-05-13 07:49:46', '2019-05-13 07:49:46'),
(66, 87, 11, '2019-05-13 07:49:49', '2019-05-13 07:49:49'),
(67, 87, 13, '2019-05-13 07:49:53', '2019-05-13 07:49:53'),
(68, 87, 14, '2019-05-13 07:49:55', '2019-05-13 07:49:55'),
(69, 87, 15, '2019-05-13 07:50:01', '2019-05-13 07:50:01'),
(70, 87, 16, '2019-05-13 07:50:04', '2019-05-13 07:50:04'),
(71, 87, 17, '2019-05-13 07:50:06', '2019-05-13 07:50:06'),
(72, 87, 18, '2019-05-13 07:50:08', '2019-05-13 07:50:08'),
(73, 89, 1, '2019-05-13 07:54:36', '2019-05-13 07:54:36'),
(74, 89, 2, '2019-05-13 07:54:39', '2019-05-13 07:54:39'),
(75, 89, 3, '2019-05-13 07:54:43', '2019-05-13 07:54:43'),
(76, 89, 4, '2019-05-13 07:54:45', '2019-05-13 07:54:45'),
(77, 89, 5, '2019-05-13 07:54:49', '2019-05-13 07:54:49'),
(78, 89, 6, '2019-05-13 09:21:27', '2019-05-13 09:21:27'),
(79, 89, 7, '2019-05-13 09:22:06', '2019-05-13 09:22:06'),
(80, 89, 8, '2019-05-13 09:22:15', '2019-05-13 09:22:15'),
(81, 89, 9, '2019-05-13 09:22:22', '2019-05-13 09:22:22'),
(82, 92, 1, '2019-05-14 09:47:16', '2019-05-14 09:47:16'),
(83, 92, 2, '2019-05-14 09:47:18', '2019-05-14 09:47:18'),
(84, 92, 3, '2019-05-14 09:47:20', '2019-05-14 09:47:20'),
(85, 92, 4, '2019-05-14 09:47:23', '2019-05-14 09:47:23'),
(86, 92, 5, '2019-05-14 09:47:24', '2019-05-14 09:47:24'),
(87, 92, 6, '2019-05-14 09:47:26', '2019-05-14 09:47:26'),
(88, 92, 7, '2019-05-14 09:47:29', '2019-05-14 09:47:29'),
(89, 92, 8, '2019-05-14 09:47:31', '2019-05-14 09:47:31'),
(90, 92, 9, '2019-05-14 09:47:33', '2019-05-14 09:47:33'),
(91, 92, 10, '2019-05-14 09:47:34', '2019-05-14 09:47:34'),
(92, 92, 11, '2019-05-14 09:47:41', '2019-05-14 09:47:41'),
(93, 92, 13, '2019-05-14 09:47:44', '2019-05-14 09:47:44'),
(94, 92, 14, '2019-05-14 09:47:46', '2019-05-14 09:47:46'),
(95, 92, 15, '2019-05-14 09:47:48', '2019-05-14 09:47:48'),
(96, 92, 16, '2019-05-14 09:47:50', '2019-05-14 09:47:50'),
(97, 92, 17, '2019-05-14 09:47:52', '2019-05-14 09:47:52'),
(98, 92, 18, '2019-05-14 09:47:53', '2019-05-14 09:47:53');

-- --------------------------------------------------------

--
-- Table structure for table `user_attempt_ques_answers`
--

CREATE TABLE `user_attempt_ques_answers` (
  `id` int(11) NOT NULL,
  `user_attempt_ques_id` int(11) NOT NULL,
  `answer_id` int(11) NOT NULL,
  `created_at` datetime NOT NULL,
  `updated_at` datetime NOT NULL DEFAULT CURRENT_TIMESTAMP ON UPDATE CURRENT_TIMESTAMP
) ENGINE=InnoDB DEFAULT CHARSET=latin1;

--
-- Dumping data for table `user_attempt_ques_answers`
--

INSERT INTO `user_attempt_ques_answers` (`id`, `user_attempt_ques_id`, `answer_id`, `created_at`, `updated_at`) VALUES
(1, 1, 2, '2019-05-08 11:26:50', '2019-05-08 11:26:50'),
(2, 2, 6, '2019-05-08 11:31:38', '2019-05-08 11:31:38'),
(3, 3, 12, '2019-05-08 11:42:56', '2019-05-08 11:42:56'),
(4, 4, 13, '2019-05-08 11:43:15', '2019-05-08 11:43:15'),
(5, 5, 13, '2019-05-08 11:43:42', '2019-05-08 11:43:42'),
(6, 5, 19, '2019-05-08 11:43:42', '2019-05-08 11:43:42'),
(7, 6, 22, '2019-05-08 11:46:17', '2019-05-08 11:46:17'),
(8, 6, 26, '2019-05-08 11:46:17', '2019-05-08 11:46:17'),
(9, 7, 32, '2019-05-08 11:46:22', '2019-05-08 11:46:22'),
(10, 7, 33, '2019-05-08 11:46:22', '2019-05-08 11:46:22'),
(11, 7, 34, '2019-05-08 11:46:22', '2019-05-08 11:46:22'),
(12, 8, 39, '2019-05-08 11:52:30', '2019-05-08 11:52:30'),
(13, 8, 40, '2019-05-08 11:52:30', '2019-05-08 11:52:30'),
(14, 9, 45, '2019-05-08 11:52:34', '2019-05-08 11:52:34'),
(15, 10, 53, '2019-05-08 11:52:36', '2019-05-08 11:52:36'),
(16, 11, 56, '2019-05-08 11:52:37', '2019-05-08 11:52:37'),
(17, 12, 66, '2019-05-08 11:52:44', '2019-05-08 11:52:44'),
(18, 12, 67, '2019-05-08 11:52:44', '2019-05-08 11:52:44'),
(19, 12, 68, '2019-05-08 11:52:44', '2019-05-08 11:52:44'),
(20, 13, 75, '2019-05-08 11:52:47', '2019-05-08 11:52:47'),
(21, 14, 81, '2019-05-08 11:52:59', '2019-05-08 11:52:59'),
(22, 14, 79, '2019-05-08 11:52:59', '2019-05-08 11:52:59'),
(23, 14, 83, '2019-05-08 11:52:59', '2019-05-08 11:52:59'),
(24, 15, 89, '2019-05-08 11:53:02', '2019-05-08 11:53:02'),
(25, 16, 91, '2019-05-08 11:53:04', '2019-05-08 11:53:04'),
(26, 17, 94, '2019-05-08 11:53:07', '2019-05-08 11:53:07'),
(27, 18, 1, '2019-05-09 12:23:24', '2019-05-09 12:23:24'),
(28, 19, 1, '2019-05-10 11:40:05', '2019-05-10 11:40:05'),
(29, 20, 10, '2019-05-10 11:40:12', '2019-05-10 11:40:12'),
(30, 21, 16, '2019-05-10 11:40:14', '2019-05-10 11:40:14'),
(31, 22, 19, '2019-05-10 11:40:19', '2019-05-10 11:40:19'),
(32, 22, 20, '2019-05-10 11:40:19', '2019-05-10 11:40:19'),
(33, 23, 26, '2019-05-10 11:40:24', '2019-05-10 11:40:24'),
(34, 23, 25, '2019-05-10 11:40:24', '2019-05-10 11:40:24'),
(35, 24, 33, '2019-05-10 11:40:35', '2019-05-10 11:40:35'),
(36, 24, 34, '2019-05-10 11:40:35', '2019-05-10 11:40:35'),
(37, 24, 36, '2019-05-10 11:40:35', '2019-05-10 11:40:35'),
(38, 25, 1, '2019-05-10 13:36:24', '2019-05-10 13:36:24'),
(39, 26, 10, '2019-05-10 13:36:26', '2019-05-10 13:36:26'),
(40, 27, 14, '2019-05-10 13:36:28', '2019-05-10 13:36:28'),
(41, 28, 18, '2019-05-10 13:36:34', '2019-05-10 13:36:34'),
(42, 28, 17, '2019-05-10 13:36:34', '2019-05-10 13:36:34'),
(43, 29, 22, '2019-05-10 13:36:37', '2019-05-10 13:36:37'),
(44, 29, 24, '2019-05-10 13:36:37', '2019-05-10 13:36:37'),
(45, 30, 31, '2019-05-10 13:36:52', '2019-05-10 13:36:52'),
(46, 30, 33, '2019-05-10 13:36:52', '2019-05-10 13:36:52'),
(47, 30, 34, '2019-05-10 13:36:52', '2019-05-10 13:36:52'),
(48, 31, 39, '2019-05-10 13:36:56', '2019-05-10 13:36:56'),
(49, 31, 40, '2019-05-10 13:36:56', '2019-05-10 13:36:56'),
(50, 32, 45, '2019-05-10 13:37:02', '2019-05-10 13:37:02'),
(51, 33, 53, '2019-05-10 13:37:05', '2019-05-10 13:37:05'),
(52, 34, 55, '2019-05-10 13:37:11', '2019-05-10 13:37:11'),
(53, 35, 65, '2019-05-10 13:37:19', '2019-05-10 13:37:19'),
(54, 35, 67, '2019-05-10 13:37:19', '2019-05-10 13:37:19'),
(55, 35, 69, '2019-05-10 13:37:19', '2019-05-10 13:37:19'),
(56, 36, 76, '2019-05-10 13:37:22', '2019-05-10 13:37:22'),
(57, 37, 81, '2019-05-10 13:37:30', '2019-05-10 13:37:30'),
(58, 37, 79, '2019-05-10 13:37:30', '2019-05-10 13:37:30'),
(59, 37, 85, '2019-05-10 13:37:30', '2019-05-10 13:37:30'),
(60, 38, 88, '2019-05-10 13:37:33', '2019-05-10 13:37:33'),
(61, 39, 91, '2019-05-10 13:37:35', '2019-05-10 13:37:35'),
(62, 40, 94, '2019-05-10 13:37:38', '2019-05-10 13:37:38'),
(63, 41, 2, '2019-05-10 14:08:12', '2019-05-10 14:08:12'),
(64, 42, 11, '2019-05-10 14:08:17', '2019-05-10 14:08:17'),
(65, 43, 15, '2019-05-10 14:08:20', '2019-05-10 14:08:20'),
(66, 44, 17, '2019-05-10 14:08:27', '2019-05-10 14:08:27'),
(67, 44, 18, '2019-05-10 14:08:27', '2019-05-10 14:08:27'),
(68, 45, 25, '2019-05-10 14:08:30', '2019-05-10 14:08:30'),
(69, 45, 22, '2019-05-10 14:08:30', '2019-05-10 14:08:30'),
(70, 46, 34, '2019-05-10 14:08:36', '2019-05-10 14:08:36'),
(71, 46, 33, '2019-05-10 14:08:36', '2019-05-10 14:08:36'),
(72, 46, 30, '2019-05-10 14:08:36', '2019-05-10 14:08:36'),
(73, 47, 39, '2019-05-10 14:08:39', '2019-05-10 14:08:39'),
(74, 47, 40, '2019-05-10 14:08:39', '2019-05-10 14:08:39'),
(75, 48, 44, '2019-05-10 14:08:42', '2019-05-10 14:08:42'),
(76, 49, 53, '2019-05-10 14:08:44', '2019-05-10 14:08:44'),
(77, 50, 55, '2019-05-10 14:08:47', '2019-05-10 14:08:47'),
(78, 51, 65, '2019-05-10 14:08:51', '2019-05-10 14:08:51'),
(79, 51, 68, '2019-05-10 14:08:51', '2019-05-10 14:08:51'),
(80, 51, 69, '2019-05-10 14:08:51', '2019-05-10 14:08:51'),
(81, 52, 77, '2019-05-10 14:08:56', '2019-05-10 14:08:56'),
(82, 53, 79, '2019-05-10 14:09:02', '2019-05-10 14:09:02'),
(83, 53, 81, '2019-05-10 14:09:02', '2019-05-10 14:09:02'),
(84, 53, 85, '2019-05-10 14:09:02', '2019-05-10 14:09:02'),
(85, 54, 88, '2019-05-10 14:09:06', '2019-05-10 14:09:06'),
(86, 55, 91, '2019-05-10 14:09:08', '2019-05-10 14:09:08'),
(87, 56, 94, '2019-05-10 14:09:10', '2019-05-10 14:09:10'),
(88, 57, 1, '2019-05-13 07:48:42', '2019-05-13 07:48:42'),
(89, 58, 10, '2019-05-13 07:48:52', '2019-05-13 07:48:52'),
(90, 59, 13, '2019-05-13 07:48:59', '2019-05-13 07:48:59'),
(91, 60, 18, '2019-05-13 07:49:21', '2019-05-13 07:49:21'),
(92, 60, 19, '2019-05-13 07:49:21', '2019-05-13 07:49:21'),
(93, 61, 22, '2019-05-13 07:49:24', '2019-05-13 07:49:24'),
(94, 61, 23, '2019-05-13 07:49:24', '2019-05-13 07:49:24'),
(95, 62, 30, '2019-05-13 07:49:39', '2019-05-13 07:49:39'),
(96, 62, 31, '2019-05-13 07:49:39', '2019-05-13 07:49:39'),
(97, 62, 32, '2019-05-13 07:49:39', '2019-05-13 07:49:39'),
(98, 63, 38, '2019-05-13 07:49:42', '2019-05-13 07:49:42'),
(99, 63, 39, '2019-05-13 07:49:42', '2019-05-13 07:49:42'),
(100, 64, 48, '2019-05-13 07:49:45', '2019-05-13 07:49:45'),
(101, 65, 52, '2019-05-13 07:49:46', '2019-05-13 07:49:46'),
(102, 66, 56, '2019-05-13 07:49:49', '2019-05-13 07:49:49'),
(103, 67, 65, '2019-05-13 07:49:53', '2019-05-13 07:49:53'),
(104, 67, 66, '2019-05-13 07:49:53', '2019-05-13 07:49:53'),
(105, 67, 67, '2019-05-13 07:49:53', '2019-05-13 07:49:53'),
(106, 68, 77, '2019-05-13 07:49:55', '2019-05-13 07:49:55'),
(107, 69, 81, '2019-05-13 07:50:01', '2019-05-13 07:50:01'),
(108, 69, 82, '2019-05-13 07:50:01', '2019-05-13 07:50:01'),
(109, 69, 80, '2019-05-13 07:50:01', '2019-05-13 07:50:01'),
(110, 70, 87, '2019-05-13 07:50:04', '2019-05-13 07:50:04'),
(111, 71, 91, '2019-05-13 07:50:06', '2019-05-13 07:50:06'),
(112, 72, 93, '2019-05-13 07:50:08', '2019-05-13 07:50:08'),
(113, 73, 1, '2019-05-13 07:54:36', '2019-05-13 07:54:36'),
(114, 74, 4, '2019-05-13 07:54:39', '2019-05-13 07:54:39'),
(115, 75, 9, '2019-05-13 07:54:43', '2019-05-13 07:54:43'),
(116, 76, 13, '2019-05-13 07:54:46', '2019-05-13 07:54:46'),
(117, 77, 17, '2019-05-13 07:54:49', '2019-05-13 07:54:49'),
(118, 78, 22, '2019-05-13 09:21:27', '2019-05-13 09:21:27'),
(119, 78, 23, '2019-05-13 09:21:27', '2019-05-13 09:21:27'),
(120, 79, 31, '2019-05-13 09:22:06', '2019-05-13 09:22:06'),
(121, 79, 33, '2019-05-13 09:22:06', '2019-05-13 09:22:06'),
(122, 79, 34, '2019-05-13 09:22:06', '2019-05-13 09:22:06'),
(123, 80, 39, '2019-05-13 09:22:15', '2019-05-13 09:22:15'),
(124, 80, 40, '2019-05-13 09:22:15', '2019-05-13 09:22:15'),
(125, 81, 45, '2019-05-13 09:22:22', '2019-05-13 09:22:22'),
(126, 82, 1, '2019-05-14 09:47:16', '2019-05-14 09:47:16'),
(127, 83, 4, '2019-05-14 09:47:18', '2019-05-14 09:47:18'),
(128, 84, 10, '2019-05-14 09:47:20', '2019-05-14 09:47:20'),
(129, 85, 13, '2019-05-14 09:47:23', '2019-05-14 09:47:23'),
(130, 86, 18, '2019-05-14 09:47:25', '2019-05-14 09:47:25'),
(131, 87, 24, '2019-05-14 09:47:26', '2019-05-14 09:47:26'),
(132, 88, 33, '2019-05-14 09:47:29', '2019-05-14 09:47:29'),
(133, 89, 41, '2019-05-14 09:47:31', '2019-05-14 09:47:31'),
(134, 90, 44, '2019-05-14 09:47:33', '2019-05-14 09:47:33'),
(135, 91, 53, '2019-05-14 09:47:34', '2019-05-14 09:47:34'),
(136, 92, 56, '2019-05-14 09:47:41', '2019-05-14 09:47:41'),
(137, 93, 67, '2019-05-14 09:47:44', '2019-05-14 09:47:44'),
(138, 94, 76, '2019-05-14 09:47:46', '2019-05-14 09:47:46'),
(139, 95, 79, '2019-05-14 09:47:48', '2019-05-14 09:47:48'),
(140, 95, 80, '2019-05-14 09:47:48', '2019-05-14 09:47:48'),
(141, 95, 81, '2019-05-14 09:47:49', '2019-05-14 09:47:49'),
(142, 96, 87, '2019-05-14 09:47:50', '2019-05-14 09:47:50'),
(143, 97, 90, '2019-05-14 09:47:52', '2019-05-14 09:47:52'),
(144, 98, 95, '2019-05-14 09:47:53', '2019-05-14 09:47:53');

-- --------------------------------------------------------

--
-- Table structure for table `user_profile_images`
--

CREATE TABLE `user_profile_images` (
  `id` int(10) UNSIGNED NOT NULL,
  `user_id` int(10) UNSIGNED NOT NULL,
  `image` varchar(191) COLLATE utf8mb4_unicode_ci NOT NULL,
  `created_at` timestamp NULL DEFAULT NULL,
  `updated_at` timestamp NULL DEFAULT NULL
) ENGINE=InnoDB DEFAULT CHARSET=utf8mb4 COLLATE=utf8mb4_unicode_ci;

--
-- Dumping data for table `user_profile_images`
--

INSERT INTO `user_profile_images` (`id`, `user_id`, `image`, `created_at`, `updated_at`) VALUES
(2, 3, '185371548660957.png', '2019-01-28 02:05:57', '2019-01-28 02:05:57'),
(3, 3, '279021548661234.png', '2019-01-28 02:10:34', '2019-01-28 02:10:34'),
(4, 3, '968221548661234.png', '2019-01-28 02:10:34', '2019-01-28 02:10:34'),
(5, 6, '353311548661272.png', '2019-01-28 02:11:12', '2019-01-28 02:11:12'),
(6, 6, '392041548661272.png', '2019-01-28 02:11:12', '2019-01-28 02:11:12'),
(10, 24, '913441556716677.png', '2019-05-01 07:47:57', '2019-05-01 07:47:57'),
(11, 58, '482311557488350.png', '2019-05-10 06:09:10', '2019-05-10 06:09:10'),
(12, 58, '664611557488350.png', '2019-05-10 06:09:10', '2019-05-10 06:09:10'),
(13, 83, '709571557497472.png', '2019-05-10 08:41:12', '2019-05-10 08:41:12'),
(14, 83, '642311557497472.png', '2019-05-10 08:41:12', '2019-05-10 08:41:12'),
(17, 47, '94911557497590.png', '2019-05-10 08:43:10', '2019-05-10 08:43:10'),
(47, 84, '541801557998433.jpg', '2019-05-16 03:50:33', '2019-05-16 03:50:33'),
(48, 55, '355901558067286.png', '2019-05-16 22:58:06', '2019-05-16 22:58:06'),
(49, 84, '704821558076833.jpg', '2019-05-17 01:37:13', '2019-05-17 01:37:13');

-- --------------------------------------------------------

--
-- Table structure for table `user_requests`
--

CREATE TABLE `user_requests` (
  `id` int(10) UNSIGNED NOT NULL,
  `sender_id` int(10) UNSIGNED NOT NULL,
  `receiver_id` int(10) UNSIGNED NOT NULL,
  `is_sender_user_like` tinyint(4) NOT NULL DEFAULT '1' COMMENT '1 => like, -1=> rejected/dislike',
  `is_receiver_accepted` tinyint(4) NOT NULL DEFAULT '0' COMMENT '1=> accepted, 0=> pending, -1=> not-accepted',
  `created_at` timestamp NULL DEFAULT NULL,
  `updated_at` timestamp NULL DEFAULT NULL
) ENGINE=InnoDB DEFAULT CHARSET=utf8mb4 COLLATE=utf8mb4_unicode_ci;

--
-- Dumping data for table `user_requests`
--

INSERT INTO `user_requests` (`id`, `sender_id`, `receiver_id`, `is_sender_user_like`, `is_receiver_accepted`, `created_at`, `updated_at`) VALUES
(2, 3, 6, 1, 0, '2019-01-24 04:24:56', '2019-01-24 04:24:56'),
(3, 3, 5, -1, 0, '2019-01-24 04:24:59', '2019-01-24 04:24:59'),
(4, 3, 4, 1, 0, '2019-01-24 04:25:02', '2019-01-24 04:25:02'),
(6, 6, 5, 1, 0, '2019-01-24 04:31:21', '2019-01-24 04:31:21'),
(7, 6, 4, 1, 0, '2019-01-24 04:31:22', '2019-01-24 04:31:22'),
(8, 13, 5, -1, 0, '2019-01-25 06:34:37', '2019-01-25 06:34:37'),
(9, 13, 5, 1, 0, '2019-01-25 06:34:39', '2019-01-25 06:34:39'),
(10, 13, 5, 1, 0, '2019-01-25 06:46:38', '2019-01-25 06:46:38'),
(11, 13, 5, 1, 0, '2019-01-25 07:18:21', '2019-01-25 07:18:21'),
(12, 3, 13, -1, 0, '2019-01-28 00:28:20', '2019-01-28 01:15:52'),
(13, 3, 13, -1, 0, '2019-01-28 01:15:05', '2019-01-28 01:25:58'),
(14, 3, 13, -1, 0, '2019-01-28 01:15:27', '2019-01-28 01:28:14'),
(15, 3, 13, 1, 0, '2019-01-28 01:15:54', '2019-01-28 01:15:54'),
(16, 3, 13, 1, 0, '2019-01-28 01:20:18', '2019-01-28 01:20:18'),
(17, 3, 13, 1, 0, '2019-01-28 01:20:40', '2019-01-28 01:20:40'),
(18, 3, 13, 1, 0, '2019-01-28 01:24:03', '2019-01-28 01:24:03'),
(19, 3, 13, 1, 0, '2019-01-28 01:25:42', '2019-01-28 01:25:42'),
(20, 3, 13, 1, 0, '2019-01-28 01:25:54', '2019-01-28 01:25:54'),
(21, 3, 13, 1, 0, '2019-01-28 01:25:59', '2019-01-28 01:25:59'),
(22, 3, 13, 1, 0, '2019-01-28 01:28:12', '2019-01-28 01:28:12'),
(23, 3, 13, 1, 0, '2019-01-28 01:28:15', '2019-01-28 01:28:15'),
(24, 6, 13, 1, 0, '2019-01-29 01:19:06', '2019-01-29 01:19:06'),
(25, 6, 12, -1, 0, '2019-01-29 01:19:08', '2019-01-29 01:19:08'),
(26, 6, 8, 1, 0, '2019-01-29 01:19:08', '2019-01-29 01:19:08');

-- --------------------------------------------------------

--
-- Table structure for table `user_tests`
--

CREATE TABLE `user_tests` (
  `id` int(11) NOT NULL,
  `user_id` int(11) NOT NULL,
  `created_at` datetime NOT NULL DEFAULT CURRENT_TIMESTAMP,
  `updated_at` datetime NOT NULL DEFAULT CURRENT_TIMESTAMP ON UPDATE CURRENT_TIMESTAMP
) ENGINE=InnoDB DEFAULT CHARSET=latin1;

--
-- Dumping data for table `user_tests`
--

INSERT INTO `user_tests` (`id`, `user_id`, `created_at`, `updated_at`) VALUES
(1, 99, '2019-05-17 11:54:19', '2019-05-17 11:54:19'),
(2, 84, '2019-05-17 11:55:58', '2019-05-17 11:55:58'),
(3, 101, '2019-05-17 12:22:11', '2019-05-17 12:22:11'),
(4, 96, '2019-05-17 12:25:06', '2019-05-17 12:25:06');

--
-- Indexes for dumped tables
--

--
-- Indexes for table `admins`
--
ALTER TABLE `admins`
  ADD PRIMARY KEY (`id`);

--
-- Indexes for table `feeds`
--
ALTER TABLE `feeds`
  ADD PRIMARY KEY (`id`),
  ADD KEY `feeds_user_id_foreign` (`user_id`);

--
-- Indexes for table `intentions`
--
ALTER TABLE `intentions`
  ADD PRIMARY KEY (`id`);

--
-- Indexes for table `migrations`
--
ALTER TABLE `migrations`
  ADD PRIMARY KEY (`id`);

--
-- Indexes for table `notifications`
--
ALTER TABLE `notifications`
  ADD PRIMARY KEY (`id`),
  ADD KEY `notifications_user_id_foreign` (`user_id`);

--
-- Indexes for table `oauth_access_tokens`
--
ALTER TABLE `oauth_access_tokens`
  ADD PRIMARY KEY (`id`),
  ADD KEY `oauth_access_tokens_user_id_index` (`user_id`);

--
-- Indexes for table `oauth_auth_codes`
--
ALTER TABLE `oauth_auth_codes`
  ADD PRIMARY KEY (`id`);

--
-- Indexes for table `oauth_clients`
--
ALTER TABLE `oauth_clients`
  ADD PRIMARY KEY (`id`),
  ADD KEY `oauth_clients_user_id_index` (`user_id`);

--
-- Indexes for table `oauth_personal_access_clients`
--
ALTER TABLE `oauth_personal_access_clients`
  ADD PRIMARY KEY (`id`),
  ADD KEY `oauth_personal_access_clients_client_id_index` (`client_id`);

--
-- Indexes for table `oauth_refresh_tokens`
--
ALTER TABLE `oauth_refresh_tokens`
  ADD PRIMARY KEY (`id`),
  ADD KEY `oauth_refresh_tokens_access_token_id_index` (`access_token_id`);

--
-- Indexes for table `password_resets`
--
ALTER TABLE `password_resets`
  ADD KEY `password_resets_email_index` (`email`);

--
-- Indexes for table `personality_questions`
--
ALTER TABLE `personality_questions`
  ADD PRIMARY KEY (`id`);

--
-- Indexes for table `personality_questions_options`
--
ALTER TABLE `personality_questions_options`
  ADD PRIMARY KEY (`id`),
  ADD KEY `personality_questions_options_personality_question_id_foreign` (`personality_question_id`);

--
-- Indexes for table `personality_tests`
--
ALTER TABLE `personality_tests`
  ADD PRIMARY KEY (`id`),
  ADD KEY `personality_tests_user_id_foreign` (`user_id`),
  ADD KEY `personality_tests_option_id_foreign` (`option_id`);

--
-- Indexes for table `post_ads`
--
ALTER TABLE `post_ads`
  ADD PRIMARY KEY (`id`),
  ADD KEY `post_ads_user_id_foreign` (`user_id`);

--
-- Indexes for table `questions`
--
ALTER TABLE `questions`
  ADD PRIMARY KEY (`id`);

--
-- Indexes for table `question_descs`
--
ALTER TABLE `question_descs`
  ADD PRIMARY KEY (`question_id`,`language_id`) USING BTREE;

--
-- Indexes for table `ques_options`
--
ALTER TABLE `ques_options`
  ADD PRIMARY KEY (`id`);

--
-- Indexes for table `ques_option_descs`
--
ALTER TABLE `ques_option_descs`
  ADD PRIMARY KEY (`ques_option_id`,`language_id`) USING BTREE;

--
-- Indexes for table `test_ques`
--
ALTER TABLE `test_ques`
  ADD PRIMARY KEY (`id`);

--
-- Indexes for table `test_ques_ans`
--
ALTER TABLE `test_ques_ans`
  ADD PRIMARY KEY (`id`);

--
-- Indexes for table `test_ques_comparisons`
--
ALTER TABLE `test_ques_comparisons`
  ADD PRIMARY KEY (`id`);

--
-- Indexes for table `users`
--
ALTER TABLE `users`
  ADD PRIMARY KEY (`id`);

--
-- Indexes for table `user_attempt_questions`
--
ALTER TABLE `user_attempt_questions`
  ADD PRIMARY KEY (`id`);

--
-- Indexes for table `user_attempt_ques_answers`
--
ALTER TABLE `user_attempt_ques_answers`
  ADD PRIMARY KEY (`id`);

--
-- Indexes for table `user_profile_images`
--
ALTER TABLE `user_profile_images`
  ADD PRIMARY KEY (`id`),
  ADD KEY `user_profile_images_user_id_foreign` (`user_id`);

--
-- Indexes for table `user_requests`
--
ALTER TABLE `user_requests`
  ADD PRIMARY KEY (`id`),
  ADD KEY `user_requests_sender_id_foreign` (`sender_id`),
  ADD KEY `user_requests_receiver_id_foreign` (`receiver_id`);

--
-- Indexes for table `user_tests`
--
ALTER TABLE `user_tests`
  ADD PRIMARY KEY (`id`);

--
-- AUTO_INCREMENT for dumped tables
--

--
-- AUTO_INCREMENT for table `admins`
--
ALTER TABLE `admins`
  MODIFY `id` int(10) UNSIGNED NOT NULL AUTO_INCREMENT, AUTO_INCREMENT=2;
--
-- AUTO_INCREMENT for table `feeds`
--
ALTER TABLE `feeds`
  MODIFY `id` int(10) UNSIGNED NOT NULL AUTO_INCREMENT, AUTO_INCREMENT=2;
--
-- AUTO_INCREMENT for table `intentions`
--
ALTER TABLE `intentions`
  MODIFY `id` int(11) NOT NULL AUTO_INCREMENT, AUTO_INCREMENT=5;
--
-- AUTO_INCREMENT for table `migrations`
--
ALTER TABLE `migrations`
  MODIFY `id` int(10) UNSIGNED NOT NULL AUTO_INCREMENT, AUTO_INCREMENT=47;
--
-- AUTO_INCREMENT for table `notifications`
--
ALTER TABLE `notifications`
  MODIFY `id` int(10) UNSIGNED NOT NULL AUTO_INCREMENT, AUTO_INCREMENT=23;
--
-- AUTO_INCREMENT for table `oauth_clients`
--
ALTER TABLE `oauth_clients`
  MODIFY `id` int(10) UNSIGNED NOT NULL AUTO_INCREMENT, AUTO_INCREMENT=2;
--
-- AUTO_INCREMENT for table `oauth_personal_access_clients`
--
ALTER TABLE `oauth_personal_access_clients`
  MODIFY `id` int(10) UNSIGNED NOT NULL AUTO_INCREMENT, AUTO_INCREMENT=2;
--
-- AUTO_INCREMENT for table `personality_questions`
--
ALTER TABLE `personality_questions`
  MODIFY `id` int(10) UNSIGNED NOT NULL AUTO_INCREMENT, AUTO_INCREMENT=3;
--
-- AUTO_INCREMENT for table `personality_questions_options`
--
ALTER TABLE `personality_questions_options`
  MODIFY `id` int(10) UNSIGNED NOT NULL AUTO_INCREMENT, AUTO_INCREMENT=13;
--
-- AUTO_INCREMENT for table `personality_tests`
--
ALTER TABLE `personality_tests`
  MODIFY `id` int(10) UNSIGNED NOT NULL AUTO_INCREMENT, AUTO_INCREMENT=34;
--
-- AUTO_INCREMENT for table `post_ads`
--
ALTER TABLE `post_ads`
  MODIFY `id` int(10) UNSIGNED NOT NULL AUTO_INCREMENT, AUTO_INCREMENT=6;
--
-- AUTO_INCREMENT for table `questions`
--
ALTER TABLE `questions`
  MODIFY `id` int(11) NOT NULL AUTO_INCREMENT, AUTO_INCREMENT=20;
--
-- AUTO_INCREMENT for table `ques_options`
--
ALTER TABLE `ques_options`
  MODIFY `id` int(11) NOT NULL AUTO_INCREMENT, AUTO_INCREMENT=96;
--
-- AUTO_INCREMENT for table `test_ques`
--
ALTER TABLE `test_ques`
  MODIFY `id` int(11) NOT NULL AUTO_INCREMENT, AUTO_INCREMENT=69;
--
-- AUTO_INCREMENT for table `test_ques_ans`
--
ALTER TABLE `test_ques_ans`
  MODIFY `id` int(11) NOT NULL AUTO_INCREMENT, AUTO_INCREMENT=104;
--
-- AUTO_INCREMENT for table `test_ques_comparisons`
--
ALTER TABLE `test_ques_comparisons`
  MODIFY `id` int(11) NOT NULL AUTO_INCREMENT, AUTO_INCREMENT=205;
--
-- AUTO_INCREMENT for table `users`
--
ALTER TABLE `users`
  MODIFY `id` int(10) UNSIGNED NOT NULL AUTO_INCREMENT, AUTO_INCREMENT=102;
--
-- AUTO_INCREMENT for table `user_attempt_questions`
--
ALTER TABLE `user_attempt_questions`
  MODIFY `id` int(11) NOT NULL AUTO_INCREMENT, AUTO_INCREMENT=99;
--
-- AUTO_INCREMENT for table `user_attempt_ques_answers`
--
ALTER TABLE `user_attempt_ques_answers`
  MODIFY `id` int(11) NOT NULL AUTO_INCREMENT, AUTO_INCREMENT=145;
--
-- AUTO_INCREMENT for table `user_profile_images`
--
ALTER TABLE `user_profile_images`
  MODIFY `id` int(10) UNSIGNED NOT NULL AUTO_INCREMENT, AUTO_INCREMENT=50;
--
-- AUTO_INCREMENT for table `user_requests`
--
ALTER TABLE `user_requests`
  MODIFY `id` int(10) UNSIGNED NOT NULL AUTO_INCREMENT, AUTO_INCREMENT=27;
--
-- AUTO_INCREMENT for table `user_tests`
--
ALTER TABLE `user_tests`
  MODIFY `id` int(11) NOT NULL AUTO_INCREMENT, AUTO_INCREMENT=5;
--
-- Constraints for dumped tables
--

--
-- Constraints for table `feeds`
--
ALTER TABLE `feeds`
  ADD CONSTRAINT `feeds_user_id_foreign` FOREIGN KEY (`user_id`) REFERENCES `users` (`id`) ON DELETE CASCADE;

--
-- Constraints for table `notifications`
--
ALTER TABLE `notifications`
  ADD CONSTRAINT `notifications_user_id_foreign` FOREIGN KEY (`user_id`) REFERENCES `users` (`id`) ON DELETE CASCADE;

--
-- Constraints for table `personality_questions_options`
--
ALTER TABLE `personality_questions_options`
  ADD CONSTRAINT `personality_questions_options_personality_question_id_foreign` FOREIGN KEY (`personality_question_id`) REFERENCES `personality_questions` (`id`) ON DELETE CASCADE;

--
-- Constraints for table `personality_tests`
--
ALTER TABLE `personality_tests`
  ADD CONSTRAINT `personality_tests_option_id_foreign` FOREIGN KEY (`option_id`) REFERENCES `personality_questions_options` (`id`) ON DELETE CASCADE,
  ADD CONSTRAINT `personality_tests_user_id_foreign` FOREIGN KEY (`user_id`) REFERENCES `users` (`id`) ON DELETE CASCADE;

--
-- Constraints for table `post_ads`
--
ALTER TABLE `post_ads`
  ADD CONSTRAINT `post_ads_user_id_foreign` FOREIGN KEY (`user_id`) REFERENCES `users` (`id`) ON DELETE CASCADE;

--
-- Constraints for table `user_profile_images`
--
ALTER TABLE `user_profile_images`
  ADD CONSTRAINT `user_profile_images_user_id_foreign` FOREIGN KEY (`user_id`) REFERENCES `users` (`id`) ON DELETE CASCADE;

--
-- Constraints for table `user_requests`
--
ALTER TABLE `user_requests`
  ADD CONSTRAINT `user_requests_receiver_id_foreign` FOREIGN KEY (`receiver_id`) REFERENCES `users` (`id`) ON DELETE CASCADE,
  ADD CONSTRAINT `user_requests_sender_id_foreign` FOREIGN KEY (`sender_id`) REFERENCES `users` (`id`) ON DELETE CASCADE;

/*!40101 SET CHARACTER_SET_CLIENT=@OLD_CHARACTER_SET_CLIENT */;
/*!40101 SET CHARACTER_SET_RESULTS=@OLD_CHARACTER_SET_RESULTS */;
/*!40101 SET COLLATION_CONNECTION=@OLD_COLLATION_CONNECTION */;
