-- phpMyAdmin SQL Dump
-- version 4.5.4.1deb2ubuntu2.1
-- http://www.phpmyadmin.net
--
-- Host: localhost
-- Generation Time: May 20, 2019 at 03:44 PM
-- Server version: 5.7.26-0ubuntu0.16.04.1
-- PHP Version: 7.1.20-1+ubuntu16.04.1+deb.sury.org+1

SET SQL_MODE = "NO_AUTO_VALUE_ON_ZERO";
SET time_zone = "+00:00";


/*!40101 SET @OLD_CHARACTER_SET_CLIENT=@@CHARACTER_SET_CLIENT */;
/*!40101 SET @OLD_CHARACTER_SET_RESULTS=@@CHARACTER_SET_RESULTS */;
/*!40101 SET @OLD_COLLATION_CONNECTION=@@COLLATION_CONNECTION */;
/*!40101 SET NAMES utf8mb4 */;

--
-- Database: `lovepush`
--

-- --------------------------------------------------------

--
-- Table structure for table `test_ques`
--

CREATE TABLE `test_ques` (
  `id` int(11) NOT NULL,
  `test_id` int(11) NOT NULL,
  `ques_id` int(11) NOT NULL
) ENGINE=InnoDB DEFAULT CHARSET=latin1;

--
-- Dumping data for table `test_ques`
--

INSERT INTO `test_ques` (`id`, `test_id`, `ques_id`) VALUES
(1, 1, 1),
(2, 1, 2),
(3, 1, 3),
(4, 1, 4),
(5, 1, 5),
(6, 1, 6),
(7, 1, 7),
(8, 1, 8),
(9, 1, 9),
(10, 1, 10),
(11, 1, 11),
(12, 1, 12),
(13, 1, 13),
(14, 1, 14),
(15, 1, 15),
(16, 1, 16),
(17, 1, 17),
(18, 1, 18),
(19, 2, 1),
(20, 2, 2),
(21, 2, 3),
(22, 2, 4),
(23, 2, 5),
(24, 2, 6),
(25, 2, 7),
(26, 2, 8),
(27, 2, 9),
(28, 2, 10),
(29, 2, 11),
(30, 2, 12),
(31, 2, 13),
(32, 2, 14),
(33, 2, 15),
(34, 2, 16),
(35, 2, 17),
(36, 2, 18),
(37, 3, 1),
(38, 3, 2),
(39, 3, 3),
(40, 3, 4),
(41, 3, 5),
(42, 3, 6),
(43, 3, 7),
(44, 3, 8),
(45, 3, 9),
(46, 3, 10),
(47, 3, 11),
(48, 3, 12),
(49, 3, 13),
(50, 3, 14),
(51, 3, 15),
(52, 3, 16),
(53, 3, 17),
(54, 3, 18),
(55, 4, 1),
(56, 4, 3),
(57, 4, 4),
(58, 4, 5),
(59, 4, 6),
(60, 4, 7),
(61, 4, 8),
(62, 4, 9),
(63, 4, 10),
(64, 4, 11),
(65, 4, 12),
(66, 4, 13),
(67, 4, 14),
(68, 4, 15),
(69, 4, 16),
(70, 4, 17),
(71, 4, 18),
(72, 4, 1);

-- --------------------------------------------------------

--
-- Table structure for table `test_ques_ans`
--

CREATE TABLE `test_ques_ans` (
  `id` int(11) NOT NULL,
  `test_que_id` int(11) NOT NULL,
  `ans_id` int(11) NOT NULL
) ENGINE=InnoDB DEFAULT CHARSET=latin1;

--
-- Dumping data for table `test_ques_ans`
--

INSERT INTO `test_ques_ans` (`id`, `test_que_id`, `ans_id`) VALUES
(1, 1, 1),
(2, 2, 4),
(3, 3, 9),
(4, 4, 13),
(5, 5, 17),
(6, 5, 18),
(7, 6, 23),
(8, 6, 24),
(9, 7, 31),
(10, 7, 32),
(11, 7, 33),
(12, 8, 39),
(13, 8, 38),
(14, 9, 45),
(15, 10, 52),
(16, 11, 55),
(17, 12, 58),
(18, 13, 66),
(19, 13, 67),
(20, 13, 68),
(21, 14, 74),
(22, 15, 80),
(23, 15, 79),
(24, 15, 81),
(25, 16, 87),
(26, 17, 90),
(27, 18, 93),
(28, 19, 1),
(29, 20, 4),
(30, 21, 10),
(31, 22, 14),
(32, 23, 18),
(33, 23, 17),
(34, 24, 23),
(35, 24, 24),
(36, 25, 31),
(37, 25, 32),
(38, 25, 33),
(39, 26, 39),
(40, 26, 38),
(41, 27, 44),
(42, 28, 53),
(43, 29, 57),
(44, 30, 59),
(45, 31, 66),
(46, 31, 67),
(47, 31, 68),
(48, 32, 75),
(49, 33, 80),
(50, 33, 81),
(51, 33, 82),
(52, 34, 87),
(53, 35, 90),
(54, 36, 93),
(55, 37, 2),
(56, 38, 4),
(57, 39, 9),
(58, 40, 14),
(59, 41, 17),
(60, 41, 18),
(61, 42, 23),
(62, 42, 24),
(63, 43, 31),
(64, 43, 32),
(65, 43, 33),
(66, 44, 38),
(67, 44, 39),
(68, 45, 45),
(69, 46, 52),
(70, 47, 55),
(71, 48, 59),
(72, 49, 66),
(73, 49, 67),
(74, 49, 68),
(75, 50, 75),
(76, 51, 80),
(77, 52, 87),
(78, 53, 90),
(79, 54, 93),
(80, 55, 1),
(81, 56, 10),
(82, 57, 14),
(83, 58, 18),
(84, 58, 17),
(85, 59, 22),
(86, 59, 24),
(87, 60, 33),
(88, 60, 32),
(89, 60, 31),
(90, 61, 40),
(91, 61, 39),
(92, 62, 44),
(93, 63, 53),
(94, 64, 57),
(95, 65, 60),
(96, 66, 65),
(97, 66, 68),
(98, 66, 69),
(99, 67, 77),
(100, 68, 82),
(101, 68, 81),
(102, 68, 80),
(103, 69, 86),
(104, 70, 91),
(105, 71, 94),
(106, 72, 1);

-- --------------------------------------------------------

--
-- Table structure for table `test_ques_comparisons`
--

CREATE TABLE `test_ques_comparisons` (
  `id` int(11) NOT NULL,
  `test_id_1` int(11) DEFAULT NULL COMMENT 'user_id 1',
  `test_id_2` int(11) DEFAULT NULL COMMENT 'user_id 2',
  `test_que_1` int(11) DEFAULT NULL,
  `test_que_2` int(11) DEFAULT NULL,
  `obtained_scores` decimal(10,2) NOT NULL,
  `max_allowed_scores` decimal(10,2) NOT NULL,
  `final_scores` decimal(10,2) NOT NULL
) ENGINE=InnoDB DEFAULT CHARSET=latin1;

--
-- Dumping data for table `test_ques_comparisons`
--

INSERT INTO `test_ques_comparisons` (`id`, `test_id_1`, `test_id_2`, `test_que_1`, `test_que_2`, `obtained_scores`, `max_allowed_scores`, `final_scores`) VALUES
(1, 1, 2, 1, 19, '0.00', '0.00', '0.00'),
(2, 1, 2, 2, 20, '0.00', '0.00', '0.00'),
(3, 1, 2, 3, 21, '5.00', '20.00', '5.00'),
(4, 1, 2, 4, 22, '0.00', '20.00', '0.00'),
(5, 1, 2, 5, 23, '80.00', '80.00', '80.00'),
(6, 1, 2, 6, 24, '40.00', '40.00', '40.00'),
(7, 1, 2, 7, 25, '60.00', '40.00', '40.00'),
(8, 1, 2, 8, 26, '40.00', '40.00', '40.00'),
(9, 1, 2, 9, 27, '0.75', '9.00', '0.75'),
(10, 1, 2, 10, 28, '5.00', '20.00', '5.00'),
(11, 1, 2, 11, 29, '0.00', '20.00', '0.00'),
(12, 1, 2, 12, 30, '10.00', '20.00', '10.00'),
(13, 1, 2, 13, 31, '60.00', '40.00', '40.00'),
(14, 1, 2, 14, 32, '5.00', '20.00', '5.00'),
(15, 1, 2, 15, 33, '50.00', '40.00', '40.00'),
(16, 1, 2, 16, 34, '20.00', '20.00', '20.00'),
(17, 1, 2, 17, 35, '20.00', '20.00', '20.00'),
(18, 1, 2, 18, 36, '20.00', '20.00', '20.00'),
(19, 2, 1, 19, 1, '0.00', '0.00', '0.00'),
(20, 2, 1, 20, 2, '0.00', '0.00', '0.00'),
(21, 2, 1, 21, 3, '5.00', '20.00', '5.00'),
(22, 2, 1, 22, 4, '0.00', '20.00', '0.00'),
(23, 2, 1, 23, 5, '80.00', '80.00', '80.00'),
(24, 2, 1, 24, 6, '40.00', '40.00', '40.00'),
(25, 2, 1, 25, 7, '60.00', '40.00', '40.00'),
(26, 2, 1, 26, 8, '40.00', '40.00', '40.00'),
(27, 2, 1, 27, 9, '0.75', '9.00', '0.75'),
(28, 2, 1, 28, 10, '5.00', '20.00', '5.00'),
(29, 2, 1, 29, 11, '0.00', '20.00', '0.00'),
(30, 2, 1, 30, 12, '10.00', '20.00', '10.00'),
(31, 2, 1, 31, 13, '60.00', '40.00', '40.00'),
(32, 2, 1, 32, 14, '5.00', '20.00', '5.00'),
(33, 2, 1, 33, 15, '45.00', '40.00', '40.00'),
(34, 2, 1, 34, 16, '20.00', '20.00', '20.00'),
(35, 2, 1, 35, 17, '20.00', '20.00', '20.00'),
(36, 2, 1, 36, 18, '20.00', '20.00', '20.00'),
(37, 1, 3, 1, 37, '0.00', '0.00', '0.00'),
(38, 1, 3, 2, 38, '0.00', '0.00', '0.00'),
(39, 1, 3, 3, 39, '20.00', '20.00', '20.00'),
(40, 1, 3, 4, 40, '0.00', '20.00', '0.00'),
(41, 1, 3, 5, 41, '80.00', '80.00', '80.00'),
(42, 1, 3, 6, 42, '40.00', '40.00', '40.00'),
(43, 1, 3, 7, 43, '60.00', '40.00', '40.00'),
(44, 1, 3, 8, 44, '40.00', '40.00', '40.00'),
(45, 1, 3, 9, 45, '3.00', '9.00', '3.00'),
(46, 1, 3, 10, 46, '20.00', '20.00', '20.00'),
(47, 1, 3, 11, 47, '20.00', '20.00', '20.00'),
(48, 1, 3, 12, 48, '10.00', '20.00', '10.00'),
(49, 1, 3, 13, 49, '60.00', '40.00', '40.00'),
(50, 1, 3, 14, 50, '5.00', '20.00', '5.00'),
(51, 1, 3, 15, 51, '20.00', '40.00', '20.00'),
(52, 1, 3, 16, 52, '20.00', '20.00', '20.00'),
(53, 1, 3, 17, 53, '20.00', '20.00', '20.00'),
(54, 1, 3, 18, 54, '20.00', '20.00', '20.00'),
(55, 2, 3, 19, 37, '0.00', '0.00', '0.00'),
(56, 2, 3, 20, 38, '0.00', '0.00', '0.00'),
(57, 2, 3, 21, 39, '5.00', '20.00', '5.00'),
(58, 2, 3, 22, 40, '20.00', '20.00', '20.00'),
(59, 2, 3, 23, 41, '80.00', '80.00', '80.00'),
(60, 2, 3, 24, 42, '40.00', '40.00', '40.00'),
(61, 2, 3, 25, 43, '60.00', '40.00', '40.00'),
(62, 2, 3, 26, 44, '40.00', '40.00', '40.00'),
(63, 2, 3, 27, 45, '0.75', '9.00', '0.75'),
(64, 2, 3, 28, 46, '5.00', '20.00', '5.00'),
(65, 2, 3, 29, 47, '0.00', '20.00', '0.00'),
(66, 2, 3, 30, 48, '20.00', '20.00', '20.00'),
(67, 2, 3, 31, 49, '60.00', '40.00', '40.00'),
(68, 2, 3, 32, 50, '5.00', '20.00', '5.00'),
(69, 2, 3, 33, 51, '20.00', '40.00', '20.00'),
(70, 2, 3, 34, 52, '20.00', '20.00', '20.00'),
(71, 2, 3, 35, 53, '20.00', '20.00', '20.00'),
(72, 2, 3, 36, 54, '20.00', '20.00', '20.00'),
(73, 3, 1, 37, 1, '0.00', '0.00', '0.00'),
(74, 3, 1, 38, 2, '0.00', '0.00', '0.00'),
(75, 3, 1, 39, 3, '20.00', '20.00', '20.00'),
(76, 3, 1, 40, 4, '0.00', '20.00', '0.00'),
(77, 3, 1, 41, 5, '80.00', '80.00', '80.00'),
(78, 3, 1, 42, 6, '40.00', '40.00', '40.00'),
(79, 3, 1, 43, 7, '60.00', '40.00', '40.00'),
(80, 3, 1, 44, 8, '40.00', '40.00', '40.00'),
(81, 3, 1, 45, 9, '3.00', '9.00', '3.00'),
(82, 3, 1, 46, 10, '20.00', '20.00', '20.00'),
(83, 3, 1, 47, 11, '20.00', '20.00', '20.00'),
(84, 3, 1, 48, 12, '10.00', '20.00', '10.00'),
(85, 3, 1, 49, 13, '60.00', '40.00', '40.00'),
(86, 3, 1, 50, 14, '5.00', '20.00', '5.00'),
(87, 3, 1, 51, 15, '20.00', '40.00', '20.00'),
(88, 3, 1, 52, 16, '20.00', '20.00', '20.00'),
(89, 3, 1, 53, 17, '20.00', '20.00', '20.00'),
(90, 3, 1, 54, 18, '20.00', '20.00', '20.00'),
(91, 3, 2, 37, 19, '0.00', '0.00', '0.00'),
(92, 3, 2, 38, 20, '0.00', '0.00', '0.00'),
(93, 3, 2, 39, 21, '5.00', '20.00', '5.00'),
(94, 3, 2, 40, 22, '20.00', '20.00', '20.00'),
(95, 3, 2, 41, 23, '80.00', '80.00', '80.00'),
(96, 3, 2, 42, 24, '40.00', '40.00', '40.00'),
(97, 3, 2, 43, 25, '60.00', '40.00', '40.00'),
(98, 3, 2, 44, 26, '40.00', '40.00', '40.00'),
(99, 3, 2, 45, 27, '0.75', '9.00', '0.75'),
(100, 3, 2, 46, 28, '5.00', '20.00', '5.00'),
(101, 3, 2, 47, 29, '0.00', '20.00', '0.00'),
(102, 3, 2, 48, 30, '20.00', '20.00', '20.00'),
(103, 3, 2, 49, 31, '60.00', '40.00', '40.00'),
(104, 3, 2, 50, 32, '5.00', '20.00', '5.00'),
(105, 3, 2, 51, 33, '20.00', '40.00', '20.00'),
(106, 3, 2, 52, 34, '20.00', '20.00', '20.00'),
(107, 3, 2, 53, 35, '20.00', '20.00', '20.00'),
(108, 3, 2, 54, 36, '20.00', '20.00', '20.00'),
(109, 1, 4, 1, 55, '0.00', '0.00', '0.00'),
(110, 1, 4, 3, 56, '5.00', '20.00', '5.00'),
(111, 1, 4, 4, 57, '0.00', '20.00', '0.00'),
(112, 1, 4, 5, 58, '80.00', '80.00', '80.00'),
(113, 1, 4, 6, 59, '25.00', '40.00', '25.00'),
(114, 1, 4, 7, 60, '60.00', '40.00', '40.00'),
(115, 1, 4, 8, 61, '25.00', '40.00', '25.00'),
(116, 1, 4, 9, 62, '0.75', '9.00', '0.75'),
(117, 1, 4, 10, 63, '5.00', '20.00', '5.00'),
(118, 1, 4, 11, 64, '0.00', '20.00', '0.00'),
(119, 1, 4, 12, 65, '5.00', '20.00', '5.00'),
(120, 1, 4, 13, 66, '25.00', '40.00', '25.00'),
(121, 1, 4, 14, 67, '5.00', '20.00', '5.00'),
(122, 1, 4, 15, 68, '50.00', '40.00', '40.00'),
(123, 1, 4, 16, 69, '10.00', '20.00', '10.00'),
(124, 1, 4, 17, 70, '0.00', '20.00', '0.00'),
(125, 1, 4, 18, 71, '0.00', '20.00', '0.00'),
(126, 2, 4, 19, 55, '0.00', '0.00', '0.00'),
(127, 2, 4, 21, 56, '20.00', '20.00', '20.00'),
(128, 2, 4, 22, 57, '20.00', '20.00', '20.00'),
(129, 2, 4, 23, 58, '80.00', '80.00', '80.00'),
(130, 2, 4, 24, 59, '25.00', '40.00', '25.00'),
(131, 2, 4, 25, 60, '60.00', '40.00', '40.00'),
(132, 2, 4, 26, 61, '25.00', '40.00', '25.00'),
(133, 2, 4, 27, 62, '3.00', '9.00', '3.00'),
(134, 2, 4, 28, 63, '20.00', '20.00', '20.00'),
(135, 2, 4, 29, 64, '20.00', '20.00', '20.00'),
(136, 2, 4, 30, 65, '5.00', '20.00', '5.00'),
(137, 2, 4, 31, 66, '25.00', '40.00', '25.00'),
(138, 2, 4, 32, 67, '5.00', '20.00', '5.00'),
(139, 2, 4, 33, 68, '60.00', '40.00', '40.00'),
(140, 2, 4, 34, 69, '10.00', '20.00', '10.00'),
(141, 2, 4, 35, 70, '0.00', '20.00', '0.00'),
(142, 2, 4, 36, 71, '0.00', '20.00', '0.00'),
(143, 3, 4, 37, 55, '0.00', '0.00', '0.00'),
(144, 3, 4, 39, 56, '5.00', '20.00', '5.00'),
(145, 3, 4, 40, 57, '20.00', '20.00', '20.00'),
(146, 3, 4, 41, 58, '80.00', '80.00', '80.00'),
(147, 3, 4, 42, 59, '25.00', '40.00', '25.00'),
(148, 3, 4, 43, 60, '60.00', '40.00', '40.00'),
(149, 3, 4, 44, 61, '25.00', '40.00', '25.00'),
(150, 3, 4, 45, 62, '0.75', '9.00', '0.75'),
(151, 3, 4, 46, 63, '5.00', '20.00', '5.00'),
(152, 3, 4, 47, 64, '0.00', '20.00', '0.00'),
(153, 3, 4, 48, 65, '5.00', '20.00', '5.00'),
(154, 3, 4, 49, 66, '25.00', '40.00', '25.00'),
(155, 3, 4, 50, 67, '5.00', '20.00', '5.00'),
(156, 3, 4, 51, 68, '20.00', '40.00', '20.00'),
(157, 3, 4, 52, 69, '10.00', '20.00', '10.00'),
(158, 3, 4, 53, 70, '0.00', '20.00', '0.00'),
(159, 3, 4, 54, 71, '0.00', '20.00', '0.00'),
(160, 4, 1, 55, 1, '0.00', '0.00', '0.00'),
(161, 4, 1, 56, 3, '5.00', '20.00', '5.00'),
(162, 4, 1, 57, 4, '0.00', '20.00', '0.00'),
(163, 4, 1, 58, 5, '80.00', '80.00', '80.00'),
(164, 4, 1, 59, 6, '25.00', '40.00', '25.00'),
(165, 4, 1, 60, 7, '60.00', '40.00', '40.00'),
(166, 4, 1, 61, 8, '25.00', '40.00', '25.00'),
(167, 4, 1, 62, 9, '0.75', '9.00', '0.75'),
(168, 4, 1, 63, 10, '5.00', '20.00', '5.00'),
(169, 4, 1, 64, 11, '0.00', '20.00', '0.00'),
(170, 4, 1, 65, 12, '5.00', '20.00', '5.00'),
(171, 4, 1, 66, 13, '30.00', '40.00', '30.00'),
(172, 4, 1, 67, 14, '5.00', '20.00', '5.00'),
(173, 4, 1, 68, 15, '50.00', '40.00', '40.00'),
(174, 4, 1, 69, 16, '10.00', '20.00', '10.00'),
(175, 4, 1, 70, 17, '0.00', '20.00', '0.00'),
(176, 4, 1, 71, 18, '0.00', '20.00', '0.00'),
(177, 4, 2, 55, 19, '0.00', '0.00', '0.00'),
(178, 4, 2, 56, 21, '20.00', '20.00', '20.00'),
(179, 4, 2, 57, 22, '20.00', '20.00', '20.00'),
(180, 4, 2, 58, 23, '80.00', '80.00', '80.00'),
(181, 4, 2, 59, 24, '25.00', '40.00', '25.00'),
(182, 4, 2, 60, 25, '60.00', '40.00', '40.00'),
(183, 4, 2, 61, 26, '25.00', '40.00', '25.00'),
(184, 4, 2, 62, 27, '3.00', '9.00', '3.00'),
(185, 4, 2, 63, 28, '20.00', '20.00', '20.00'),
(186, 4, 2, 64, 29, '20.00', '20.00', '20.00'),
(187, 4, 2, 65, 30, '5.00', '20.00', '5.00'),
(188, 4, 2, 66, 31, '30.00', '40.00', '30.00'),
(189, 4, 2, 67, 32, '5.00', '20.00', '5.00'),
(190, 4, 2, 68, 33, '60.00', '40.00', '40.00'),
(191, 4, 2, 69, 34, '10.00', '20.00', '10.00'),
(192, 4, 2, 70, 35, '0.00', '20.00', '0.00'),
(193, 4, 2, 71, 36, '0.00', '20.00', '0.00'),
(194, 4, 3, 55, 37, '0.00', '0.00', '0.00'),
(195, 4, 3, 56, 39, '5.00', '20.00', '5.00'),
(196, 4, 3, 57, 40, '20.00', '20.00', '20.00'),
(197, 4, 3, 58, 41, '80.00', '80.00', '80.00'),
(198, 4, 3, 59, 42, '25.00', '40.00', '25.00'),
(199, 4, 3, 60, 43, '60.00', '40.00', '40.00'),
(200, 4, 3, 61, 44, '25.00', '40.00', '25.00'),
(201, 4, 3, 62, 45, '0.75', '9.00', '0.75'),
(202, 4, 3, 63, 46, '5.00', '20.00', '5.00'),
(203, 4, 3, 64, 47, '0.00', '20.00', '0.00'),
(204, 4, 3, 65, 48, '5.00', '20.00', '5.00'),
(205, 4, 3, 66, 49, '30.00', '40.00', '30.00'),
(206, 4, 3, 67, 50, '5.00', '20.00', '5.00'),
(207, 4, 3, 68, 51, '20.00', '40.00', '20.00'),
(208, 4, 3, 69, 52, '10.00', '20.00', '10.00'),
(209, 4, 3, 70, 53, '0.00', '20.00', '0.00'),
(210, 4, 3, 71, 54, '0.00', '20.00', '0.00');

-- --------------------------------------------------------

--
-- Table structure for table `user_tests`
--

CREATE TABLE `user_tests` (
  `id` int(11) NOT NULL,
  `user_id` int(11) NOT NULL,
  `created_at` datetime NOT NULL DEFAULT CURRENT_TIMESTAMP,
  `updated_at` datetime NOT NULL DEFAULT CURRENT_TIMESTAMP ON UPDATE CURRENT_TIMESTAMP
) ENGINE=InnoDB DEFAULT CHARSET=latin1;

--
-- Dumping data for table `user_tests`
--

INSERT INTO `user_tests` (`id`, `user_id`, `created_at`, `updated_at`) VALUES
(1, 104, '2019-05-20 09:04:45', '2019-05-20 09:04:45'),
(2, 106, '2019-05-20 09:06:29', '2019-05-20 09:06:29'),
(3, 98, '2019-05-20 09:08:49', '2019-05-20 09:08:49'),
(4, 105, '2019-05-20 09:43:33', '2019-05-20 09:43:33');

--
-- Indexes for dumped tables
--

--
-- Indexes for table `test_ques`
--
ALTER TABLE `test_ques`
  ADD PRIMARY KEY (`id`);

--
-- Indexes for table `test_ques_ans`
--
ALTER TABLE `test_ques_ans`
  ADD PRIMARY KEY (`id`);

--
-- Indexes for table `test_ques_comparisons`
--
ALTER TABLE `test_ques_comparisons`
  ADD PRIMARY KEY (`id`);

--
-- Indexes for table `user_tests`
--
ALTER TABLE `user_tests`
  ADD PRIMARY KEY (`id`);

--
-- AUTO_INCREMENT for dumped tables
--

--
-- AUTO_INCREMENT for table `test_ques`
--
ALTER TABLE `test_ques`
  MODIFY `id` int(11) NOT NULL AUTO_INCREMENT, AUTO_INCREMENT=73;
--
-- AUTO_INCREMENT for table `test_ques_ans`
--
ALTER TABLE `test_ques_ans`
  MODIFY `id` int(11) NOT NULL AUTO_INCREMENT, AUTO_INCREMENT=107;
--
-- AUTO_INCREMENT for table `test_ques_comparisons`
--
ALTER TABLE `test_ques_comparisons`
  MODIFY `id` int(11) NOT NULL AUTO_INCREMENT, AUTO_INCREMENT=211;
--
-- AUTO_INCREMENT for table `user_tests`
--
ALTER TABLE `user_tests`
  MODIFY `id` int(11) NOT NULL AUTO_INCREMENT, AUTO_INCREMENT=5;
/*!40101 SET CHARACTER_SET_CLIENT=@OLD_CHARACTER_SET_CLIENT */;
/*!40101 SET CHARACTER_SET_RESULTS=@OLD_CHARACTER_SET_RESULTS */;
/*!40101 SET COLLATION_CONNECTION=@OLD_COLLATION_CONNECTION */;
